2025-11-10 10:34:23 - [SUCCESS] Deployed test-suite-app with image nginx:latest (1 replicas)
2025-11-10 10:34:38 - [SUCCESS] Scaled test-suite-app to 2 replicas
2025-11-10 10:36:45 - [SUCCESS] Paused application test-suite-app
2025-11-10 10:36:55 - [SUCCESS] Resumed application test-suite-app
2025-11-10 10:37:40 - [SUCCESS] Stopped application test-suite-app
2025-11-10 10:37:51 - [SUCCESS] Scaled test-suite-app to 1 replicas
2025-11-10 11:18:00 - [SUCCESS] Deployed test-app with image nginx:latest (2 replicas)
2025-11-10 11:19:19 - [SUCCESS] Scaled test-app to 1 replicas
2025-11-10 11:20:01 - [SUCCESS] Scaled test-app to 3 replicas
2025-11-10 11:20:18 - [SUCCESS] Paused application test-app
2025-11-10 11:21:02 - [SUCCESS] Resumed application test-app
2025-11-10 15:46:11 - [SUCCESS] Deployed api-service-44 with image postgres:latest (1 replicas)
2025-11-10 15:46:52 - [SUCCESS] Scaled api-service-44 to 1 replicas
2025-11-10 15:47:16 - [SUCCESS] Scaled api-service-44 to 3 replicas
2025-11-10 15:47:33 - [SUCCESS] Scaled api-service-44 to 3 replicas
2025-11-10 15:47:43 - [SUCCESS] Deployed cache-88 with image redis:latest (2 replicas)
2025-11-10 15:48:15 - [SUCCESS] Deployed cache-74 with image httpd:latest (3 replicas)
2025-11-10 15:48:22 - [SUCCESS] Deployed worker-44 with image redis:latest (2 replicas)
2025-11-10 15:48:28 - [SUCCESS] Deployed worker-72 with image nginx:latest (3 replicas)
2025-11-10 15:48:55 - [SUCCESS] Deployed web-app-28 with image redis:latest (1 replicas)
2025-11-10 15:49:28 - [SUCCESS] Scaled worker-72 to 4 replicas
2025-11-10 15:49:36 - [SUCCESS] Deployed worker-75 with image httpd:latest (2 replicas)
2025-11-10 15:49:39 - [SUCCESS] Deployed cache-7 with image httpd:latest (1 replicas)
2025-11-10 15:49:44 - [SUCCESS] Deployed db-11 with image postgres:latest (3 replicas)
2025-11-10 15:49:52 - [SUCCESS] Scaled db-11 to 2 replicas
2025-11-10 15:49:59 - [SUCCESS] Deployed cache-59 with image redis:latest (1 replicas)
2025-11-10 15:50:11 - [SUCCESS] Scaled worker-75 to 2 replicas
2025-11-10 15:50:28 - [SUCCESS] Deployed db-28 with image postgres:latest (3 replicas)
2025-11-10 15:50:54 - [SUCCESS] Scaled db-11 to 5 replicas
2025-11-10 15:51:00 - [SUCCESS] Scaled worker-72 to 1 replicas
2025-11-10 15:51:06 - [SUCCESS] Scaled worker-75 to 1 replicas
2025-11-10 15:51:10 - [SUCCESS] Deployed worker-74 with image httpd:latest (2 replicas)
2025-11-10 15:51:16 - [SUCCESS] Scaled worker-74 to 2 replicas
2025-11-10 15:51:24 - [SUCCESS] Scaled cache-7 to 3 replicas
2025-11-10 15:51:27 - [SUCCESS] Scaled worker-75 to 3 replicas
2025-11-10 15:51:33 - [SUCCESS] Scaled db-28 to 4 replicas
2025-11-10 15:51:50 - [SUCCESS] Deployed api-service-15 with image redis:latest (2 replicas)
2025-11-10 15:52:03 - [SUCCESS] Deployed db-16 with image httpd:latest (2 replicas)
2025-11-10 15:52:22 - [SUCCESS] Scaled api-service-15 to 2 replicas
2025-11-10 15:52:29 - [SUCCESS] Deployed db-39 with image httpd:latest (3 replicas)
2025-11-10 15:52:43 - [SUCCESS] Deployed api-service-72 with image postgres:latest (1 replicas)
2025-11-10 15:52:48 - [SUCCESS] Scaled db-11 to 1 replicas
2025-11-10 15:52:53 - [SUCCESS] Scaled worker-74 to 4 replicas
2025-11-10 15:53:00 - [SUCCESS] Scaled web-app-28 to 5 replicas
2025-11-10 15:53:05 - [SUCCESS] Deployed worker-24 with image nginx:latest (3 replicas)
2025-11-10 15:53:20 - [SUCCESS] Deployed web-app-14 with image httpd:latest (1 replicas)
2025-11-10 15:53:27 - [SUCCESS] Deployed api-service-29 with image postgres:latest (3 replicas)
2025-11-10 15:53:36 - [SUCCESS] Deployed db-92 with image postgres:latest (3 replicas)
2025-11-10 15:53:40 - [SUCCESS] Scaled db-16 to 5 replicas
2025-11-10 15:53:46 - [SUCCESS] Deployed db-44 with image nginx:latest (3 replicas)
2025-11-10 15:53:51 - [SUCCESS] Deployed cache-5 with image redis:latest (3 replicas)
2025-11-10 15:54:04 - [SUCCESS] Deployed db-4 with image redis:latest (1 replicas)
2025-11-10 15:54:24 - [SUCCESS] Deployed api-service-63 with image nginx:latest (3 replicas)
2025-11-10 15:54:49 - [SUCCESS] Scaled worker-75 to 1 replicas
2025-11-10 15:54:57 - [SUCCESS] Deployed worker-12 with image httpd:latest (2 replicas)
2025-11-10 15:55:12 - [SUCCESS] Scaled cache-5 to 2 replicas
2025-11-10 15:55:17 - [SUCCESS] Scaled cache-5 to 2 replicas
2025-11-10 15:55:40 - [SUCCESS] Scaled cache-7 to 4 replicas
2025-11-10 15:55:47 - [SUCCESS] Deployed api-service-76 with image httpd:latest (2 replicas)
2025-11-10 15:56:00 - [SUCCESS] Deployed worker-54 with image postgres:latest (3 replicas)
2025-11-10 15:56:13 - [SUCCESS] Scaled worker-24 to 3 replicas
2025-11-10 15:56:19 - [SUCCESS] Deployed cache-25 with image httpd:latest (3 replicas)
2025-11-10 15:56:29 - [SUCCESS] Scaled worker-75 to 1 replicas
2025-11-10 15:56:32 - [SUCCESS] Scaled db-39 to 3 replicas
2025-11-10 15:56:44 - [SUCCESS] Scaled api-service-15 to 1 replicas
2025-11-10 15:56:48 - [SUCCESS] Deployed db-17 with image redis:latest (3 replicas)
2025-11-10 15:56:57 - [SUCCESS] Scaled worker-24 to 1 replicas
2025-11-10 15:57:04 - [SUCCESS] Deployed web-app-54 with image redis:latest (1 replicas)
2025-11-10 15:57:11 - [SUCCESS] Scaled api-service-29 to 4 replicas
2025-11-10 15:57:18 - [SUCCESS] Scaled cache-5 to 3 replicas
2025-11-10 15:57:23 - [SUCCESS] Scaled db-17 to 1 replicas
2025-11-10 15:57:46 - [SUCCESS] Deployed web-app-69 with image httpd:latest (1 replicas)
2025-11-10 15:57:57 - [SUCCESS] Deployed db-48 with image redis:latest (2 replicas)
2025-11-10 15:58:23 - [SUCCESS] Deployed cache-8 with image nginx:latest (1 replicas)
2025-11-10 15:58:28 - [SUCCESS] Deployed web-app-17 with image httpd:latest (1 replicas)
2025-11-10 15:58:34 - [SUCCESS] Scaled db-92 to 2 replicas
2025-11-10 15:58:43 - [SUCCESS] Deployed db-67 with image httpd:latest (2 replicas)
2025-11-10 15:58:51 - [SUCCESS] Deployed api-service-16 with image httpd:latest (1 replicas)
2025-11-10 15:58:58 - [SUCCESS] Deployed api-service-81 with image httpd:latest (1 replicas)
2025-11-10 15:59:01 - [SUCCESS] Deployed worker-42 with image postgres:latest (3 replicas)
2025-11-10 15:59:14 - [SUCCESS] Deployed web-app-40 with image postgres:latest (3 replicas)
2025-11-10 15:59:34 - [SUCCESS] Scaled web-app-40 to 4 replicas
2025-11-10 15:59:44 - [SUCCESS] Scaled api-service-15 to 2 replicas
2025-11-10 15:59:47 - [SUCCESS] Scaled web-app-40 to 3 replicas
2025-11-10 15:59:52 - [SUCCESS] Deployed cache-9 with image httpd:latest (1 replicas)
2025-11-10 16:00:03 - [SUCCESS] Scaled worker-12 to 1 replicas
2025-11-10 16:00:10 - [SUCCESS] Scaled web-app-69 to 3 replicas
2025-11-10 16:00:21 - [SUCCESS] Scaled cache-25 to 5 replicas
2025-11-10 16:00:33 - [SUCCESS] Scaled api-service-16 to 4 replicas
2025-11-10 16:00:40 - [SUCCESS] Deployed api-service-55 with image redis:latest (2 replicas)
2025-11-10 16:00:47 - [SUCCESS] Scaled web-app-69 to 2 replicas
2025-11-10 16:01:07 - [SUCCESS] Scaled web-app-40 to 4 replicas
2025-11-10 16:01:10 - [SUCCESS] Deployed web-app-66 with image httpd:latest (3 replicas)
2025-11-10 16:01:22 - [SUCCESS] Deployed cache-1 with image redis:latest (3 replicas)
2025-11-10 16:01:26 - [SUCCESS] Scaled web-app-54 to 2 replicas
2025-11-10 16:01:32 - [SUCCESS] Scaled cache-8 to 5 replicas
2025-11-10 16:01:37 - [SUCCESS] Scaled api-service-15 to 2 replicas
2025-11-10 16:01:43 - [SUCCESS] Deployed cache-13 with image redis:latest (1 replicas)
2025-11-10 16:01:46 - [SUCCESS] Deployed cache-39 with image postgres:latest (2 replicas)
2025-11-10 16:02:01 - [SUCCESS] Deployed db-55 with image redis:latest (1 replicas)
2025-11-10 16:02:05 - [SUCCESS] Scaled api-service-76 to 3 replicas
2025-11-10 16:02:25 - [SUCCESS] Scaled web-app-28 to 1 replicas
2025-11-10 16:02:32 - [SUCCESS] Deployed cache-82 with image redis:latest (1 replicas)
2025-11-10 16:02:38 - [SUCCESS] Scaled db-44 to 5 replicas
2025-11-10 16:02:45 - [SUCCESS] Deployed web-app-34 with image httpd:latest (3 replicas)
2025-11-10 16:02:54 - [SUCCESS] Deployed db-16 with image nginx:latest (2 replicas)
2025-11-10 16:03:01 - [SUCCESS] Scaled api-service-15 to 4 replicas
2025-11-10 16:03:07 - [SUCCESS] Scaled worker-42 to 1 replicas
2025-11-10 16:03:15 - [SUCCESS] Deployed worker-32 with image nginx:latest (1 replicas)
2025-11-10 16:19:52 - [SUCCESS] Deployed api-3005 with image httpd:latest (3 replicas)
2025-11-10 16:19:52 - [SUCCESS] Deployed cache-7942 with image memcached:latest (4 replicas)
2025-11-10 16:19:53 - [SUCCESS] Scaled cache-7942 to 3 replicas
2025-11-10 16:19:57 - [SUCCESS] Scaled cache-7942 to 6 replicas
2025-11-10 16:20:01 - [SUCCESS] Scaled cache-7942 to 8 replicas
2025-11-10 16:20:05 - [SUCCESS] Scaled cache-7942 to 5 replicas
2025-11-10 16:20:05 - [SUCCESS] Scaled api-3005 to 3 replicas
2025-11-10 16:20:07 - [SUCCESS] Scaled cache-7942 to 2 replicas
2025-11-10 16:20:08 - [SUCCESS] Scaled api-3005 to 6 replicas
2025-11-10 16:20:12 - [SUCCESS] Scaled api-3005 to 8 replicas
2025-11-10 16:20:15 - [SUCCESS] Deployed web-2232 with image httpd:latest (5 replicas)
2025-11-10 16:20:15 - [SUCCESS] Scaled web-2232 to 1 replicas
2025-11-10 16:20:15 - [SUCCESS] Scaled api-3005 to 5 replicas
2025-11-10 16:20:16 - [SUCCESS] Scaled web-2232 to 4 replicas
2025-11-10 16:20:18 - [SUCCESS] Scaled cache-7942 to 3 replicas
2025-11-10 16:20:20 - [SUCCESS] Scaled api-3005 to 2 replicas
2025-11-10 16:20:21 - [SUCCESS] Scaled cache-7942 to 3 replicas
2025-11-10 16:20:25 - [SUCCESS] Scaled cache-7942 to 6 replicas
2025-11-10 16:20:28 - [SUCCESS] Scaled cache-7942 to 8 replicas
2025-11-10 16:20:31 - [SUCCESS] Scaled cache-7942 to 5 replicas
2025-11-10 16:20:34 - [SUCCESS] Scaled cache-7942 to 2 replicas
2025-11-10 16:20:34 - [SUCCESS] Scaled cache-7942 to 2 replicas
2025-11-10 16:20:39 - [SUCCESS] Scaled cache-7942 to 1 replicas
2025-11-10 16:20:40 - [SUCCESS] Scaled cache-7942 to 3 replicas
2025-11-10 16:20:41 - [SUCCESS] Deployed api-8085 with image httpd:latest (2 replicas)
2025-11-10 16:20:41 - [SUCCESS] Scaled api-3005 to 8 replicas
2025-11-10 16:20:44 - [SUCCESS] Scaled cache-7942 to 6 replicas
2025-11-10 16:20:44 - [SUCCESS] Deployed api-5583 with image httpd:latest (4 replicas)
2025-11-10 16:20:47 - [SUCCESS] Deployed api-5362 with image httpd:latest (2 replicas)
2025-11-10 16:20:47 - [SUCCESS] Scaled cache-7942 to 8 replicas
2025-11-10 16:20:50 - [SUCCESS] Scaled api-5362 to 1 replicas
2025-11-10 16:20:50 - [SUCCESS] Scaled cache-7942 to 5 replicas
2025-11-10 16:20:51 - [SUCCESS] Deployed web-9235 with image httpd:latest (2 replicas)
2025-11-10 16:20:51 - [SUCCESS] Deployed db-9345 with image postgres:latest (4 replicas)
2025-11-10 16:20:53 - [SUCCESS] Scaled web-9235 to 1 replicas
2025-11-10 16:20:54 - [SUCCESS] Scaled cache-7942 to 2 replicas
2025-11-10 16:20:55 - [SUCCESS] Deployed api-4566 with image nginx:latest (2 replicas)
2025-11-10 16:20:58 - [SUCCESS] Scaled api-4566 to 6 replicas
2025-11-10 16:21:00 - [SUCCESS] Scaled api-3005 to 3 replicas
2025-11-10 16:21:03 - [SUCCESS] Deployed web-6550 with image nginx:latest (3 replicas)
2025-11-10 16:21:04 - [SUCCESS] Scaled api-4566 to 3 replicas
2025-11-10 16:21:05 - [SUCCESS] Scaled api-5362 to 2 replicas
2025-11-10 16:21:07 - [SUCCESS] Scaled api-4566 to 6 replicas
2025-11-10 16:21:08 - [SUCCESS] Scaled cache-7942 to 4 replicas
2025-11-10 16:21:09 - [SUCCESS] Scaled api-4566 to 8 replicas
2025-11-10 16:21:10 - [SUCCESS] Scaled api-5362 to 3 replicas
2025-11-10 16:21:12 - [SUCCESS] Scaled cache-7942 to 2 replicas
2025-11-10 16:21:12 - [SUCCESS] Scaled api-4566 to 5 replicas
2025-11-10 16:21:14 - [SUCCESS] Scaled web-2232 to 6 replicas
2025-11-10 16:21:15 - [SUCCESS] Scaled api-4566 to 2 replicas
2025-11-10 16:21:17 - [SUCCESS] Deployed db-2737 with image mysql:latest (2 replicas)
2025-11-10 16:21:20 - [SUCCESS] Scaled db-9345 to 4 replicas
2025-11-10 16:21:21 - [SUCCESS] Deployed cache-6394 with image redis:latest (4 replicas)
2025-11-10 16:21:22 - [SUCCESS] Scaled web-9235 to 1 replicas
2025-11-10 16:21:24 - [SUCCESS] Scaled web-2232 to 3 replicas
2025-11-10 16:21:26 - [SUCCESS] Deployed cache-4357 with image redis:latest (1 replicas)
2025-11-10 16:21:28 - [SUCCESS] Scaled cache-7942 to 1 replicas
2025-11-10 16:21:28 - [SUCCESS] Scaled web-2232 to 5 replicas
2025-11-10 16:21:30 - [SUCCESS] Deployed web-1131 with image nginx:latest (1 replicas)
2025-11-10 16:21:31 - [SUCCESS] Deployed api-4820 with image nginx:latest (2 replicas)
2025-11-10 16:21:33 - [SUCCESS] Scaled web-2232 to 2 replicas
2025-11-10 16:21:35 - [SUCCESS] Scaled db-2737 to 8 replicas
2025-11-10 16:21:38 - [SUCCESS] Scaled api-8085 to 3 replicas
2025-11-10 16:21:38 - [SUCCESS] Scaled api-4820 to 6 replicas
2025-11-10 16:21:40 - [SUCCESS] Scaled api-8085 to 6 replicas
2025-11-10 16:21:43 - [SUCCESS] Scaled api-8085 to 8 replicas
2025-11-10 16:21:45 - [SUCCESS] Deployed cache-6474 with image memcached:latest (3 replicas)
2025-11-10 16:21:46 - [SUCCESS] Scaled api-8085 to 5 replicas
2025-11-10 16:21:47 - [SUCCESS] Scaled web-1131 to 5 replicas
2025-11-10 16:21:49 - [SUCCESS] Scaled api-8085 to 2 replicas
2025-11-10 16:21:55 - [SUCCESS] Deployed web-4245 with image httpd:latest (2 replicas)
2025-11-10 16:21:56 - [SUCCESS] Scaled api-8085 to 6 replicas
2025-11-10 16:21:57 - [SUCCESS] Scaled api-4566 to 3 replicas
2025-11-10 16:22:00 - [SUCCESS] Scaled api-4820 to 6 replicas
2025-11-10 16:22:01 - [SUCCESS] Deployed worker-9787 with image rabbitmq:latest (4 replicas)
2025-11-10 16:22:02 - [SUCCESS] Scaled worker-9787 to 3 replicas
2025-11-10 16:22:04 - [SUCCESS] Scaled api-8085 to 4 replicas
2025-11-10 16:22:06 - [SUCCESS] Scaled api-8085 to 8 replicas
2025-11-10 16:22:07 - [SUCCESS] Scaled worker-9787 to 6 replicas
2025-11-10 16:22:08 - [SUCCESS] Deployed worker-5997 with image redis:latest (6 replicas)
2025-11-10 16:22:09 - [SUCCESS] Deployed api-3050 with image httpd:latest (3 replicas)
2025-11-10 16:22:09 - [SUCCESS] Scaled db-2737 to 3 replicas
2025-11-10 16:22:10 - [SUCCESS] Scaled worker-9787 to 8 replicas
2025-11-10 16:22:12 - [SUCCESS] Scaled cache-6474 to 6 replicas
2025-11-10 16:22:13 - [SUCCESS] Scaled worker-9787 to 5 replicas
2025-11-10 16:22:14 - [SUCCESS] Scaled api-5583 to 4 replicas
2025-11-10 16:22:16 - [SUCCESS] Scaled db-9345 to 3 replicas
2025-11-10 16:22:16 - [SUCCESS] Scaled worker-9787 to 2 replicas
2025-11-10 16:22:19 - [SUCCESS] Scaled db-9345 to 6 replicas
2025-11-10 16:22:23 - [SUCCESS] Scaled db-9345 to 8 replicas
2025-11-10 16:22:28 - [SUCCESS] Scaled db-9345 to 5 replicas
2025-11-10 16:22:29 - [SUCCESS] Scaled web-6550 to 6 replicas
2025-11-10 16:22:32 - [SUCCESS] Scaled db-9345 to 2 replicas
2025-11-10 16:22:35 - [SUCCESS] Scaled db-9345 to 3 replicas
2025-11-10 16:22:37 - [SUCCESS] Scaled web-9235 to 7 replicas
2025-11-10 16:22:38 - [SUCCESS] Deployed cache-2123 with image redis:latest (1 replicas)
2025-11-10 16:22:40 - [SUCCESS] Scaled db-9345 to 6 replicas
2025-11-10 16:22:41 - [SUCCESS] Scaled web-6550 to 6 replicas
2025-11-10 16:22:42 - [SUCCESS] Scaled api-5583 to 4 replicas
2025-11-10 16:22:43 - [SUCCESS] Scaled api-4566 to 6 replicas
2025-11-10 16:22:45 - [SUCCESS] Scaled db-9345 to 8 replicas
2025-11-10 16:22:45 - [SUCCESS] Deployed web-3608 with image nginx:latest (2 replicas)
2025-11-10 16:22:47 - [SUCCESS] Deployed cache-5149 with image redis:latest (2 replicas)
2025-11-10 16:22:49 - [SUCCESS] Scaled worker-5997 to 3 replicas
2025-11-10 16:22:50 - [SUCCESS] Scaled db-9345 to 5 replicas
2025-11-10 16:22:51 - [SUCCESS] Scaled web-1131 to 5 replicas
2025-11-10 16:22:53 - [SUCCESS] Scaled cache-2123 to 3 replicas
2025-11-10 16:22:53 - [SUCCESS] Scaled db-9345 to 2 replicas
2025-11-10 16:22:58 - [SUCCESS] Scaled cache-2123 to 6 replicas
2025-11-10 16:23:00 - [SUCCESS] Scaled cache-2123 to 8 replicas
2025-11-10 16:23:03 - [SUCCESS] Scaled cache-2123 to 5 replicas
2025-11-10 16:23:08 - [SUCCESS] Scaled cache-2123 to 2 replicas
2025-11-10 16:23:09 - [SUCCESS] Scaled web-9235 to 3 replicas
2025-11-10 16:23:12 - [SUCCESS] Scaled web-9235 to 6 replicas
2025-11-10 16:23:13 - [SUCCESS] Scaled cache-5149 to 4 replicas
2025-11-10 16:23:16 - [SUCCESS] Scaled api-4566 to 7 replicas
2025-11-10 16:23:17 - [SUCCESS] Scaled web-9235 to 8 replicas
2025-11-10 16:23:18 - [SUCCESS] Scaled cache-2123 to 7 replicas
2025-11-10 16:23:21 - [SUCCESS] Deployed db-7223 with image mongo:latest (4 replicas)
2025-11-10 16:23:21 - [SUCCESS] Scaled web-9235 to 5 replicas
2025-11-10 16:23:24 - [SUCCESS] Scaled web-4245 to 3 replicas
2025-11-10 16:23:24 - [SUCCESS] Scaled web-9235 to 2 replicas
2025-11-10 16:23:28 - [SUCCESS] Scaled web-4245 to 6 replicas
2025-11-10 16:23:31 - [SUCCESS] Scaled web-4245 to 8 replicas
2025-11-10 16:23:34 - [SUCCESS] Scaled web-4245 to 5 replicas
2025-11-10 16:23:38 - [SUCCESS] Scaled web-4245 to 2 replicas
2025-11-10 16:23:40 - [SUCCESS] Scaled api-3005 to 2 replicas
2025-11-10 16:23:44 - [SUCCESS] Scaled api-4820 to 3 replicas
2025-11-10 16:23:47 - [SUCCESS] Scaled api-4820 to 6 replicas
2025-11-10 16:23:50 - [SUCCESS] Scaled api-4820 to 8 replicas
2025-11-10 16:23:53 - [SUCCESS] Scaled api-5362 to 6 replicas
2025-11-10 16:23:53 - [SUCCESS] Scaled api-4820 to 5 replicas
2025-11-10 16:23:56 - [SUCCESS] Scaled api-4820 to 2 replicas
2025-11-10 16:24:02 - [SUCCESS] Deployed web-5830 with image nginx:latest (2 replicas)
2025-11-10 16:24:03 - [SUCCESS] Scaled worker-9787 to 6 replicas
2025-11-10 16:24:03 - [SUCCESS] Scaled web-2232 to 1 replicas
2025-11-10 16:24:06 - [SUCCESS] Scaled cache-2123 to 6 replicas
2025-11-10 16:24:08 - [SUCCESS] Deployed cache-8613 with image memcached:latest (3 replicas)
2025-11-10 16:24:10 - [SUCCESS] Scaled web-9235 to 1 replicas
2025-11-10 16:24:12 - [SUCCESS] Deployed web-6790 with image nginx:latest (1 replicas)
2025-11-10 16:24:14 - [SUCCESS] Scaled web-4245 to 2 replicas
2025-11-10 16:24:15 - [SUCCESS] Scaled cache-2123 to 8 replicas
2025-11-10 16:24:16 - [SUCCESS] Scaled web-5830 to 1 replicas
2025-11-10 16:24:17 - [SUCCESS] Scaled api-4566 to 1 replicas
2025-11-10 16:24:19 - [SUCCESS] Scaled api-3005 to 4 replicas
2025-11-10 16:24:20 - [SUCCESS] Scaled db-7223 to 5 replicas
2025-11-10 16:24:21 - [SUCCESS] Deployed web-6566 with image nginx:latest (4 replicas)
2025-11-10 16:24:24 - [SUCCESS] Deployed api-1353 with image nginx:latest (3 replicas)
2025-11-10 16:24:26 - [SUCCESS] Deployed api-7437 with image httpd:latest (3 replicas)
2025-11-10 16:24:26 - [SUCCESS] Scaled worker-9787 to 4 replicas
2025-11-10 16:24:29 - [SUCCESS] Deployed web-2468 with image httpd:latest (2 replicas)
2025-11-10 16:24:30 - [SUCCESS] Deployed web-5368 with image httpd:latest (2 replicas)
2025-11-10 16:24:31 - [SUCCESS] Scaled web-6550 to 5 replicas
2025-11-10 16:24:32 - [SUCCESS] Scaled worker-5997 to 2 replicas
2025-11-10 16:24:33 - [SUCCESS] Scaled worker-5997 to 1 replicas
2025-11-10 16:24:34 - [SUCCESS] Scaled web-6566 to 4 replicas
2025-11-10 16:24:37 - [SUCCESS] Deployed db-8790 with image mongo:latest (3 replicas)
2025-11-10 16:24:39 - [SUCCESS] Deployed api-1309 with image nginx:latest (4 replicas)
2025-11-10 16:24:40 - [SUCCESS] Scaled api-4566 to 5 replicas
2025-11-10 16:24:41 - [SUCCESS] Deployed db-5947 with image postgres:latest (3 replicas)
2025-11-10 16:24:43 - [SUCCESS] Scaled web-5368 to 7 replicas
2025-11-10 16:24:44 - [SUCCESS] Deployed worker-8071 with image rabbitmq:latest (3 replicas)
2025-11-10 16:24:46 - [SUCCESS] Scaled web-5830 to 6 replicas
2025-11-10 16:24:46 - [SUCCESS] Scaled db-8790 to 2 replicas
2025-11-10 16:24:49 - [SUCCESS] Scaled db-7223 to 7 replicas
2025-11-10 16:24:51 - [SUCCESS] Scaled worker-5997 to 8 replicas
2025-11-10 16:24:53 - [SUCCESS] Deployed web-2307 with image httpd:latest (6 replicas)
2025-11-10 16:24:54 - [SUCCESS] Scaled api-5583 to 3 replicas
2025-11-10 16:24:54 - [SUCCESS] Scaled web-5830 to 5 replicas
2025-11-10 16:24:57 - [SUCCESS] Scaled api-1353 to 3 replicas
2025-11-10 16:25:02 - [SUCCESS] Scaled api-1353 to 6 replicas
2025-11-10 16:25:04 - [SUCCESS] Scaled api-1353 to 8 replicas
2025-11-10 16:25:08 - [SUCCESS] Scaled cache-6394 to 2 replicas
2025-11-10 16:25:09 - [SUCCESS] Scaled api-1353 to 5 replicas
2025-11-10 16:25:14 - [SUCCESS] Scaled api-1353 to 2 replicas
2025-11-10 16:25:16 - [SUCCESS] Scaled api-5583 to 2 replicas
2025-11-10 16:25:17 - [SUCCESS] Deployed api-2776 with image nginx:latest (2 replicas)
2025-11-10 16:25:20 - [SUCCESS] Scaled worker-9787 to 5 replicas
2025-11-10 16:25:21 - [SUCCESS] Scaled api-4820 to 3 replicas
2025-11-10 16:25:23 - [SUCCESS] Scaled web-5830 to 5 replicas
2025-11-10 16:25:24 - [SUCCESS] Scaled api-4566 to 7 replicas
2025-11-10 16:25:26 - [SUCCESS] Deployed worker-4583 with image redis:latest (4 replicas)
2025-11-10 16:25:27 - [SUCCESS] Scaled worker-5997 to 2 replicas
2025-11-10 16:25:29 - [SUCCESS] Deployed db-6623 with image postgres:latest (1 replicas)
2025-11-10 16:25:30 - [SUCCESS] Scaled cache-2123 to 5 replicas
2025-11-10 16:25:32 - [SUCCESS] Deployed api-6750 with image nginx:latest (4 replicas)
2025-11-10 16:25:34 - [SUCCESS] Scaled web-2232 to 3 replicas
2025-11-10 16:25:35 - [SUCCESS] Scaled cache-8613 to 6 replicas
2025-11-10 16:25:35 - [SUCCESS] Scaled worker-4583 to 8 replicas
2025-11-10 16:25:37 - [SUCCESS] Scaled web-3608 to 1 replicas
2025-11-10 16:25:39 - [SUCCESS] Scaled db-8790 to 7 replicas
2025-11-10 16:25:40 - [SUCCESS] Scaled cache-6474 to 1 replicas
2025-11-10 16:25:42 - [SUCCESS] Scaled web-5830 to 6 replicas
2025-11-10 16:25:44 - [SUCCESS] Deployed api-7503 with image nginx:latest (5 replicas)
2025-11-10 16:25:45 - [SUCCESS] Scaled worker-4583 to 3 replicas
2025-11-10 16:25:50 - [SUCCESS] Scaled worker-4583 to 6 replicas
2025-11-10 16:25:50 - [SUCCESS] Scaled web-2307 to 3 replicas
2025-11-10 16:25:52 - [SUCCESS] Scaled worker-4583 to 8 replicas
2025-11-10 16:25:57 - [SUCCESS] Scaled worker-4583 to 5 replicas
2025-11-10 16:25:57 - [SUCCESS] Scaled worker-8071 to 2 replicas
2025-11-10 16:26:02 - [SUCCESS] Scaled worker-4583 to 2 replicas
2025-11-10 16:26:07 - [SUCCESS] Scaled web-4245 to 3 replicas
2025-11-10 16:26:09 - [SUCCESS] Scaled cache-6394 to 2 replicas
2025-11-10 16:26:11 - [SUCCESS] Scaled web-4245 to 6 replicas
2025-11-10 16:26:12 - [SUCCESS] Deployed api-5684 with image nginx:latest (4 replicas)
2025-11-10 16:26:14 - [SUCCESS] Scaled cache-6474 to 3 replicas
2025-11-10 16:26:15 - [SUCCESS] Scaled web-4245 to 8 replicas
2025-11-10 16:26:18 - [SUCCESS] Scaled web-4245 to 5 replicas
2025-11-10 16:26:18 - [SUCCESS] Scaled cache-6474 to 6 replicas
2025-11-10 16:26:20 - [SUCCESS] Scaled web-4245 to 2 replicas
2025-11-10 16:26:22 - [SUCCESS] Scaled cache-6474 to 8 replicas
2025-11-10 16:26:24 - [SUCCESS] Scaled cache-6474 to 5 replicas
2025-11-10 16:26:29 - [SUCCESS] Scaled cache-6474 to 2 replicas
2025-11-10 16:26:33 - [SUCCESS] Scaled db-5947 to 6 replicas
2025-11-10 16:26:35 - [SUCCESS] Scaled cache-5149 to 6 replicas
2025-11-10 16:26:37 - [SUCCESS] Scaled cache-6394 to 2 replicas
2025-11-10 16:26:39 - [SUCCESS] Scaled cache-6394 to 3 replicas
2025-11-10 16:26:42 - [SUCCESS] Scaled cache-6394 to 6 replicas
2025-11-10 16:26:42 - [SUCCESS] Scaled web-1131 to 6 replicas
2025-11-10 16:26:45 - [SUCCESS] Scaled cache-6394 to 8 replicas
2025-11-10 16:26:47 - [SUCCESS] Scaled api-2776 to 3 replicas
2025-11-10 16:26:50 - [SUCCESS] Scaled api-2776 to 6 replicas
2025-11-10 16:26:50 - [SUCCESS] Scaled cache-6394 to 5 replicas
2025-11-10 16:26:52 - [SUCCESS] Scaled cache-6394 to 2 replicas
2025-11-10 16:26:53 - [SUCCESS] Scaled api-2776 to 8 replicas
2025-11-10 16:26:56 - [SUCCESS] Scaled api-2776 to 5 replicas
2025-11-10 16:26:59 - [SUCCESS] Scaled cache-7942 to 7 replicas
2025-11-10 16:27:00 - [SUCCESS] Scaled api-2776 to 2 replicas
2025-11-10 16:27:00 - [SUCCESS] Scaled api-7503 to 8 replicas
2025-11-10 16:27:02 - [SUCCESS] Scaled cache-6394 to 3 replicas
2025-11-10 16:27:03 - [SUCCESS] Deployed cache-9704 with image redis:latest (2 replicas)
2025-11-10 16:27:06 - [SUCCESS] Scaled db-5947 to 3 replicas
2025-11-10 16:27:10 - [SUCCESS] Scaled db-5947 to 6 replicas
2025-11-10 16:27:11 - [SUCCESS] Scaled web-6790 to 4 replicas
2025-11-10 16:27:14 - [SUCCESS] Scaled db-5947 to 8 replicas
2025-11-10 16:27:18 - [SUCCESS] Scaled db-5947 to 5 replicas
2025-11-10 16:27:19 - [SUCCESS] Scaled api-5583 to 2 replicas
2025-11-10 16:27:20 - [SUCCESS] Scaled db-5947 to 2 replicas
2025-11-10 16:27:24 - [SUCCESS] Deployed worker-2066 with image rabbitmq:latest (4 replicas)
2025-11-10 16:27:26 - [SUCCESS] Scaled db-7223 to 3 replicas
2025-11-10 16:27:31 - [SUCCESS] Scaled db-7223 to 6 replicas
2025-11-10 16:27:33 - [SUCCESS] Scaled cache-2123 to 2 replicas
2025-11-10 16:27:33 - [SUCCESS] Scaled db-7223 to 8 replicas
2025-11-10 16:27:38 - [SUCCESS] Scaled db-7223 to 5 replicas
2025-11-10 16:27:41 - [SUCCESS] Scaled db-7223 to 2 replicas
2025-11-10 16:27:41 - [SUCCESS] Scaled api-7437 to 3 replicas
2025-11-10 16:27:44 - [SUCCESS] Scaled api-7437 to 6 replicas
2025-11-10 16:27:47 - [SUCCESS] Scaled api-7437 to 8 replicas
2025-11-10 16:27:47 - [SUCCESS] Deployed api-3519 with image httpd:latest (3 replicas)
2025-11-10 16:27:49 - [SUCCESS] Deployed cache-1850 with image redis:latest (1 replicas)
2025-11-10 16:27:50 - [SUCCESS] Scaled worker-2066 to 3 replicas
2025-11-10 16:27:51 - [SUCCESS] Scaled api-7437 to 5 replicas
2025-11-10 16:27:53 - [SUCCESS] Scaled worker-2066 to 6 replicas
2025-11-10 16:27:56 - [SUCCESS] Scaled api-7437 to 2 replicas
2025-11-10 16:27:58 - [SUCCESS] Scaled worker-2066 to 8 replicas
2025-11-10 16:28:00 - [SUCCESS] Scaled worker-2066 to 5 replicas
2025-11-10 16:28:05 - [SUCCESS] Scaled worker-2066 to 2 replicas
2025-11-10 16:28:10 - [SUCCESS] Scaled worker-5997 to 8 replicas
2025-11-10 16:28:12 - [SUCCESS] Scaled api-5583 to 2 replicas
2025-11-10 16:28:13 - [SUCCESS] Scaled api-4820 to 3 replicas
2025-11-10 16:28:14 - [SUCCESS] Scaled api-3050 to 3 replicas
2025-11-10 16:28:16 - [SUCCESS] Scaled api-3050 to 6 replicas
2025-11-10 16:28:19 - [SUCCESS] Scaled api-3050 to 8 replicas
2025-11-10 16:28:22 - [SUCCESS] Scaled api-3050 to 5 replicas
2025-11-10 16:28:25 - [SUCCESS] Scaled api-3050 to 2 replicas
2025-11-10 16:28:27 - [SUCCESS] Scaled cache-8613 to 3 replicas
2025-11-10 16:28:30 - [SUCCESS] Deployed web-2623 with image httpd:latest (4 replicas)
2025-11-10 16:28:30 - [SUCCESS] Scaled cache-8613 to 6 replicas
2025-11-10 16:28:32 - [SUCCESS] Scaled api-1353 to 2 replicas
2025-11-10 16:28:34 - [SUCCESS] Scaled api-1309 to 7 replicas
2025-11-10 16:28:35 - [SUCCESS] Scaled cache-8613 to 8 replicas
2025-11-10 16:28:36 - [SUCCESS] Deployed api-7408 with image httpd:latest (4 replicas)
2025-11-10 16:28:39 - [SUCCESS] Scaled cache-8613 to 5 replicas
2025-11-10 16:28:39 - [SUCCESS] Scaled cache-2123 to 8 replicas
2025-11-10 16:28:41 - [SUCCESS] Deployed cache-9761 with image redis:latest (3 replicas)
2025-11-10 16:28:43 - [SUCCESS] Scaled cache-8613 to 2 replicas
2025-11-10 16:28:44 - [SUCCESS] Deployed api-6523 with image nginx:latest (1 replicas)
2025-11-10 16:28:46 - [SUCCESS] Scaled api-3050 to 8 replicas
2025-11-10 16:28:47 - [SUCCESS] Scaled web-3608 to 5 replicas
2025-11-10 16:28:50 - [SUCCESS] Deployed api-2386 with image nginx:latest (2 replicas)
2025-11-10 16:28:51 - [SUCCESS] Scaled api-6750 to 6 replicas
2025-11-10 16:28:53 - [SUCCESS] Scaled worker-4583 to 5 replicas
2025-11-10 16:28:54 - [SUCCESS] Scaled web-2468 to 3 replicas
2025-11-10 16:28:56 - [SUCCESS] Scaled web-6790 to 1 replicas
2025-11-10 16:28:59 - [SUCCESS] Scaled db-6623 to 6 replicas
2025-11-10 16:29:01 - [SUCCESS] Deployed db-6028 with image mysql:latest (1 replicas)
2025-11-10 16:29:02 - [SUCCESS] Scaled cache-7942 to 3 replicas
2025-11-10 16:29:02 - [SUCCESS] Deployed web-3947 with image httpd:latest (2 replicas)
2025-11-10 16:29:05 - [SUCCESS] Deployed worker-4167 with image redis:latest (1 replicas)
2025-11-10 16:29:07 - [SUCCESS] Scaled cache-7942 to 6 replicas
2025-11-10 16:29:07 - [SUCCESS] Scaled api-3005 to 8 replicas
2025-11-10 16:29:09 - [SUCCESS] Scaled db-5947 to 3 replicas
2025-11-10 16:29:10 - [SUCCESS] Scaled cache-7942 to 8 replicas
2025-11-10 16:29:13 - [SUCCESS] Scaled cache-7942 to 5 replicas
2025-11-10 16:29:14 - [SUCCESS] Scaled db-5947 to 6 replicas
2025-11-10 16:29:15 - [SUCCESS] Scaled cache-7942 to 2 replicas
2025-11-10 16:29:18 - [SUCCESS] Scaled db-5947 to 8 replicas
2025-11-10 16:29:21 - [SUCCESS] Scaled db-5947 to 5 replicas
2025-11-10 16:29:25 - [SUCCESS] Scaled db-5947 to 2 replicas
2025-11-10 16:29:27 - [SUCCESS] Scaled web-9235 to 3 replicas
2025-11-10 16:29:30 - [SUCCESS] Scaled web-9235 to 6 replicas
2025-11-10 16:29:30 - [SUCCESS] Scaled db-2737 to 3 replicas
2025-11-10 16:29:33 - [SUCCESS] Scaled web-9235 to 8 replicas
2025-11-10 16:29:35 - [SUCCESS] Scaled db-2737 to 6 replicas
2025-11-10 16:29:36 - [SUCCESS] Scaled web-9235 to 5 replicas
2025-11-10 16:29:38 - [SUCCESS] Scaled db-2737 to 8 replicas
2025-11-10 16:29:39 - [SUCCESS] Scaled web-9235 to 2 replicas
2025-11-10 16:29:41 - [SUCCESS] Scaled db-2737 to 5 replicas
2025-11-10 16:29:43 - [SUCCESS] Scaled db-2737 to 2 replicas
2025-11-10 16:29:49 - [SUCCESS] Scaled api-1309 to 5 replicas
2025-11-10 16:29:51 - [SUCCESS] Scaled cache-9704 to 6 replicas
2025-11-10 16:29:54 - [SUCCESS] Scaled cache-9704 to 6 replicas
2025-11-10 16:29:56 - [SUCCESS] Scaled cache-8613 to 1 replicas
2025-11-10 16:29:57 - [SUCCESS] Scaled web-2468 to 4 replicas
2025-11-10 16:29:58 - [SUCCESS] Scaled db-2737 to 3 replicas
2025-11-10 16:30:01 - [SUCCESS] Scaled db-2737 to 6 replicas
2025-11-10 16:30:01 - [SUCCESS] Scaled cache-2123 to 1 replicas
2025-11-10 16:30:06 - [SUCCESS] Scaled db-2737 to 8 replicas
2025-11-10 16:30:08 - [SUCCESS] Scaled db-2737 to 5 replicas
2025-11-10 16:30:11 - [SUCCESS] Scaled db-2737 to 2 replicas
2025-11-10 16:30:14 - [SUCCESS] Scaled worker-5997 to 2 replicas
2025-11-10 16:30:17 - [SUCCESS] Deployed web-7676 with image httpd:latest (2 replicas)
2025-11-10 16:30:18 - [SUCCESS] Scaled web-7676 to 2 replicas
2025-11-10 16:30:20 - [SUCCESS] Scaled db-2737 to 5 replicas
2025-11-10 16:30:20 - [SUCCESS] Scaled web-2623 to 3 replicas
2025-11-10 16:30:22 - [SUCCESS] Deployed worker-8823 with image rabbitmq:latest (3 replicas)
2025-11-10 16:30:24 - [SUCCESS] Deployed web-9055 with image nginx:latest (3 replicas)
2025-11-10 16:30:26 - [SUCCESS] Scaled web-4245 to 6 replicas
2025-11-10 16:30:28 - [SUCCESS] Scaled web-1131 to 3 replicas
2025-11-10 16:30:31 - [SUCCESS] Scaled web-1131 to 6 replicas
2025-11-10 16:30:32 - [SUCCESS] Scaled web-3608 to 5 replicas
2025-11-10 16:30:36 - [SUCCESS] Scaled web-1131 to 8 replicas
2025-11-10 16:30:39 - [SUCCESS] Scaled web-1131 to 5 replicas
2025-11-10 16:30:43 - [SUCCESS] Scaled cache-6394 to 1 replicas
2025-11-10 16:30:43 - [SUCCESS] Scaled web-1131 to 2 replicas
2025-11-10 16:30:50 - [SUCCESS] Scaled api-4566 to 3 replicas
2025-11-10 16:30:51 - [SUCCESS] Deployed web-6392 with image httpd:latest (2 replicas)
2025-11-10 16:30:53 - [SUCCESS] Scaled worker-8823 to 1 replicas
2025-11-10 16:30:54 - [SUCCESS] Scaled api-4566 to 6 replicas
2025-11-10 16:30:56 - [SUCCESS] Scaled web-6392 to 3 replicas
2025-11-10 16:30:59 - [SUCCESS] Scaled api-4566 to 8 replicas
2025-11-10 16:30:59 - [SUCCESS] Scaled web-6392 to 6 replicas
2025-11-10 16:31:03 - [SUCCESS] Scaled api-4566 to 5 replicas
2025-11-10 16:31:03 - [SUCCESS] Scaled web-6392 to 8 replicas
2025-11-10 16:31:07 - [SUCCESS] Scaled api-4566 to 2 replicas
2025-11-10 16:31:07 - [SUCCESS] Scaled web-6392 to 5 replicas
2025-11-10 16:31:12 - [SUCCESS] Scaled web-6392 to 2 replicas
2025-11-10 16:31:14 - [SUCCESS] Scaled web-2232 to 4 replicas
2025-11-10 16:31:18 - [SUCCESS] Scaled web-6550 to 7 replicas
2025-11-10 16:31:20 - [SUCCESS] Scaled api-1353 to 1 replicas
2025-11-10 16:31:20 - [SUCCESS] Scaled api-4566 to 7 replicas
2025-11-10 16:31:23 - [SUCCESS] Scaled cache-5149 to 5 replicas
2025-11-10 16:31:25 - [SUCCESS] Scaled web-6550 to 4 replicas
2025-11-10 16:31:25 - [SUCCESS] Deployed api-5015 with image httpd:latest (2 replicas)
2025-11-10 16:31:28 - [SUCCESS] Deployed api-5553 with image nginx:latest (3 replicas)
2025-11-10 16:31:29 - [SUCCESS] Scaled web-3608 to 7 replicas
2025-11-10 16:31:32 - [SUCCESS] Deployed api-3831 with image httpd:latest (4 replicas)
2025-11-10 16:31:34 - [SUCCESS] Deployed cache-6048 with image memcached:latest (2 replicas)
2025-11-10 16:31:36 - [SUCCESS] Scaled db-6623 to 4 replicas
2025-11-10 16:31:37 - [SUCCESS] Scaled cache-8613 to 4 replicas
2025-11-10 16:31:40 - [SUCCESS] Scaled api-2776 to 2 replicas
2025-11-10 16:31:42 - [SUCCESS] Scaled web-5368 to 3 replicas
2025-11-10 16:31:42 - [SUCCESS] Scaled api-7503 to 3 replicas
2025-11-10 16:31:47 - [SUCCESS] Scaled api-7503 to 6 replicas
2025-11-10 16:31:49 - [SUCCESS] Scaled api-7503 to 8 replicas
2025-11-10 16:31:52 - [SUCCESS] Scaled api-7503 to 5 replicas
2025-11-10 16:31:54 - [SUCCESS] Scaled api-6750 to 3 replicas
2025-11-10 16:31:54 - [SUCCESS] Scaled api-7503 to 2 replicas
2025-11-10 16:31:59 - [SUCCESS] Deployed web-5959 with image nginx:latest (2 replicas)
2025-11-10 16:32:02 - [SUCCESS] Scaled api-1309 to 5 replicas
2025-11-10 16:32:03 - [SUCCESS] Scaled worker-9787 to 6 replicas
2025-11-10 16:32:04 - [SUCCESS] Deployed cache-6895 with image redis:latest (4 replicas)
2025-11-10 16:32:05 - [SUCCESS] Deployed cache-4648 with image memcached:latest (1 replicas)
2025-11-10 16:32:07 - [SUCCESS] Scaled api-1353 to 2 replicas
2025-11-10 16:32:09 - [SUCCESS] Scaled web-5830 to 7 replicas
2025-11-10 16:32:10 - [SUCCESS] Deployed web-4253 with image nginx:latest (4 replicas)
2025-11-10 16:32:10 - [SUCCESS] Scaled worker-8823 to 6 replicas
2025-11-10 16:32:12 - [SUCCESS] Deployed web-2321 with image httpd:latest (2 replicas)
2025-11-10 16:32:15 - [SUCCESS] Deployed worker-6788 with image rabbitmq:latest (2 replicas)
2025-11-10 16:32:17 - [SUCCESS] Scaled worker-8071 to 3 replicas
2025-11-10 16:32:18 - [SUCCESS] Scaled cache-4648 to 5 replicas
2025-11-10 16:32:19 - [SUCCESS] Deployed worker-6430 with image redis:latest (2 replicas)
2025-11-10 16:32:22 - [SUCCESS] Deployed api-7129 with image nginx:latest (2 replicas)
2025-11-10 16:32:23 - [SUCCESS] Scaled api-5583 to 4 replicas
2025-11-10 16:32:26 - [SUCCESS] Scaled db-8790 to 2 replicas
2025-11-10 16:32:27 - [SUCCESS] Scaled db-6028 to 5 replicas
2025-11-10 16:32:28 - [SUCCESS] Scaled cache-8613 to 2 replicas
2025-11-10 16:32:31 - [SUCCESS] Scaled worker-9787 to 3 replicas
2025-11-10 16:32:32 - [SUCCESS] Scaled cache-9704 to 4 replicas
2025-11-10 16:32:36 - [SUCCESS] Scaled worker-2066 to 6 replicas
2025-11-10 16:32:38 - [SUCCESS] Scaled api-1353 to 3 replicas
2025-11-10 16:32:40 - [SUCCESS] Scaled cache-9761 to 2 replicas
2025-11-10 16:32:41 - [SUCCESS] Scaled web-2321 to 2 replicas
2025-11-10 16:32:41 - [SUCCESS] Deployed worker-8937 with image rabbitmq:latest (1 replicas)
2025-11-10 16:32:43 - [SUCCESS] Scaled web-3608 to 2 replicas
2025-11-10 16:32:46 - [SUCCESS] Scaled api-4566 to 2 replicas
2025-11-10 16:32:48 - [SUCCESS] Scaled api-3831 to 3 replicas
2025-11-10 16:32:51 - [SUCCESS] Scaled api-3831 to 6 replicas
2025-11-10 16:32:53 - [SUCCESS] Scaled api-4820 to 2 replicas
2025-11-10 16:32:56 - [SUCCESS] Scaled api-3831 to 8 replicas
2025-11-10 16:32:59 - [SUCCESS] Scaled api-3831 to 5 replicas
2025-11-10 16:33:01 - [SUCCESS] Scaled web-2232 to 2 replicas
2025-11-10 16:33:03 - [SUCCESS] Scaled api-3831 to 2 replicas
2025-11-10 16:33:07 - [SUCCESS] Scaled cache-6394 to 3 replicas
2025-11-10 16:33:08 - [SUCCESS] Deployed db-5861 with image mysql:latest (4 replicas)
2025-11-10 16:33:09 - [SUCCESS] Scaled api-1353 to 2 replicas
2025-11-10 16:33:10 - [SUCCESS] Scaled cache-6394 to 6 replicas
2025-11-10 16:33:12 - [SUCCESS] Deployed cache-4515 with image memcached:latest (1 replicas)
2025-11-10 16:33:13 - [SUCCESS] Scaled cache-6394 to 8 replicas
2025-11-10 16:33:15 - [SUCCESS] Scaled cache-6394 to 5 replicas
2025-11-10 16:33:15 - [SUCCESS] Deployed worker-3629 with image rabbitmq:latest (2 replicas)
2025-11-10 16:33:18 - [SUCCESS] Scaled cache-6394 to 2 replicas
2025-11-10 16:33:18 - [SUCCESS] Scaled cache-8613 to 6 replicas
2025-11-10 16:33:20 - [SUCCESS] Scaled api-5362 to 5 replicas
2025-11-10 16:33:23 - [SUCCESS] Scaled cache-2123 to 5 replicas
2025-11-10 16:33:24 - [SUCCESS] Deployed db-7534 with image mongo:latest (2 replicas)
2025-11-10 16:33:26 - [SUCCESS] Scaled api-7503 to 2 replicas
2025-11-10 16:33:28 - [SUCCESS] Scaled api-2386 to 1 replicas
2025-11-10 16:33:29 - [SUCCESS] Scaled cache-1850 to 8 replicas
2025-11-10 16:33:32 - [SUCCESS] Deployed web-8617 with image httpd:latest (2 replicas)
2025-11-10 16:33:34 - [SUCCESS] Scaled api-4820 to 5 replicas
2025-11-10 16:33:36 - [SUCCESS] Scaled web-6566 to 3 replicas
2025-11-10 16:33:36 - [SUCCESS] Scaled cache-7942 to 6 replicas
2025-11-10 16:33:39 - [SUCCESS] Scaled web-6566 to 6 replicas
2025-11-10 16:33:43 - [SUCCESS] Scaled web-6566 to 8 replicas
2025-11-10 16:33:44 - [SUCCESS] Scaled api-5553 to 4 replicas
2025-11-10 16:33:47 - [SUCCESS] Scaled web-6566 to 5 replicas
2025-11-10 16:33:50 - [SUCCESS] Scaled web-6566 to 2 replicas
2025-11-10 16:33:53 - [SUCCESS] Scaled api-4820 to 3 replicas
2025-11-10 16:33:55 - [SUCCESS] Deployed api-9407 with image nginx:latest (3 replicas)
2025-11-10 16:33:56 - [SUCCESS] Scaled api-7129 to 8 replicas
2025-11-10 16:33:57 - [SUCCESS] Scaled api-4820 to 6 replicas
2025-11-10 16:33:58 - [SUCCESS] Scaled api-8085 to 6 replicas
2025-11-10 16:34:00 - [SUCCESS] Scaled api-4820 to 8 replicas
2025-11-10 16:34:01 - [SUCCESS] Scaled web-7676 to 2 replicas
2025-11-10 16:34:04 - [SUCCESS] Scaled api-4820 to 5 replicas
2025-11-10 16:34:04 - [SUCCESS] Deployed web-4850 with image nginx:latest (4 replicas)
2025-11-10 16:34:06 - [SUCCESS] Scaled db-5947 to 4 replicas
2025-11-10 16:34:07 - [SUCCESS] Scaled api-4820 to 2 replicas
2025-11-10 16:34:07 - [SUCCESS] Scaled api-5015 to 3 replicas
2025-11-10 16:34:10 - [SUCCESS] Scaled cache-9761 to 4 replicas
2025-11-10 16:34:13 - [SUCCESS] Deployed db-7698 with image postgres:latest (6 replicas)
2025-11-10 16:34:16 - [SUCCESS] Scaled worker-8937 to 2 replicas
2025-11-10 16:34:18 - [SUCCESS] Scaled web-1131 to 3 replicas
2025-11-10 16:34:18 - [SUCCESS] Scaled cache-7942 to 5 replicas
2025-11-10 16:34:20 - [SUCCESS] Deployed worker-3022 with image redis:latest (1 replicas)
2025-11-10 16:34:20 - [SUCCESS] Scaled web-1131 to 6 replicas
2025-11-10 16:34:23 - [SUCCESS] Scaled api-6750 to 1 replicas
2025-11-10 16:34:24 - [SUCCESS] Deployed worker-8383 with image redis:latest (2 replicas)
2025-11-10 16:34:25 - [SUCCESS] Scaled web-1131 to 8 replicas
2025-11-10 16:34:26 - [SUCCESS] Deployed web-9196 with image httpd:latest (3 replicas)
2025-11-10 16:34:28 - [SUCCESS] Scaled db-6028 to 6 replicas
2025-11-10 16:34:30 - [SUCCESS] Scaled web-1131 to 5 replicas
2025-11-10 16:34:31 - [SUCCESS] Scaled web-1131 to 2 replicas
2025-11-10 16:34:32 - [SUCCESS] Scaled api-7408 to 6 replicas
2025-11-10 16:34:34 - [SUCCESS] Scaled web-1131 to 2 replicas
2025-11-10 16:34:35 - [SUCCESS] Scaled db-7534 to 6 replicas
2025-11-10 16:34:37 - [SUCCESS] Scaled worker-5997 to 2 replicas
2025-11-10 16:34:39 - [SUCCESS] Scaled web-5368 to 1 replicas
2025-11-10 16:34:42 - [SUCCESS] Scaled api-7129 to 7 replicas
2025-11-10 16:34:44 - [SUCCESS] Scaled web-4253 to 2 replicas
2025-11-10 16:34:47 - [SUCCESS] Deployed api-4465 with image httpd:latest (3 replicas)
2025-11-10 16:34:48 - [SUCCESS] Scaled api-8085 to 4 replicas
2025-11-10 16:34:50 - [SUCCESS] Deployed db-7394 with image mongo:latest (4 replicas)
2025-11-10 16:34:52 - [SUCCESS] Scaled api-5583 to 8 replicas
2025-11-10 16:34:55 - [SUCCESS] Scaled cache-9704 to 5 replicas
2025-11-10 16:34:57 - [SUCCESS] Scaled cache-6474 to 2 replicas
2025-11-10 16:34:59 - [SUCCESS] Deployed api-2592 with image httpd:latest (3 replicas)
2025-11-10 16:35:01 - [SUCCESS] Scaled web-5368 to 2 replicas
2025-11-10 16:35:02 - [SUCCESS] Deployed api-6111 with image nginx:latest (4 replicas)
2025-11-10 16:35:05 - [SUCCESS] Scaled api-6111 to 7 replicas
2025-11-10 16:35:07 - [SUCCESS] Deployed cache-7964 with image memcached:latest (5 replicas)
2025-11-10 16:35:08 - [SUCCESS] Scaled api-2592 to 1 replicas
2025-11-10 16:35:08 - [SUCCESS] Scaled web-2623 to 3 replicas
2025-11-10 16:35:11 - [SUCCESS] Scaled web-2623 to 6 replicas
2025-11-10 16:35:14 - [SUCCESS] Scaled web-2623 to 8 replicas
2025-11-10 16:35:16 - [SUCCESS] Scaled api-5553 to 3 replicas
2025-11-10 16:35:18 - [SUCCESS] Scaled web-2623 to 5 replicas
2025-11-10 16:35:18 - [SUCCESS] Scaled api-5553 to 6 replicas
2025-11-10 16:35:21 - [SUCCESS] Scaled api-5553 to 8 replicas
2025-11-10 16:35:22 - [SUCCESS] Scaled web-2623 to 2 replicas
2025-11-10 16:35:24 - [SUCCESS] Scaled api-5553 to 5 replicas
2025-11-10 16:35:27 - [SUCCESS] Scaled db-5947 to 8 replicas
2025-11-10 16:35:29 - [SUCCESS] Scaled api-5553 to 2 replicas
2025-11-10 16:35:30 - [SUCCESS] Deployed cache-9712 with image redis:latest (4 replicas)
2025-11-10 16:35:33 - [SUCCESS] Scaled db-7534 to 3 replicas
2025-11-10 16:35:36 - [SUCCESS] Scaled db-7534 to 6 replicas
2025-11-10 16:35:38 - [SUCCESS] Scaled db-7534 to 8 replicas
2025-11-10 16:35:38 - [SUCCESS] Scaled cache-4648 to 1 replicas
2025-11-10 16:35:40 - [SUCCESS] Scaled db-7534 to 5 replicas
2025-11-10 16:35:44 - [SUCCESS] Scaled db-7534 to 2 replicas
2025-11-10 16:35:45 - [SUCCESS] Scaled web-3947 to 6 replicas
2025-11-10 16:35:50 - [SUCCESS] Deployed web-5786 with image httpd:latest (3 replicas)
2025-11-10 16:35:52 - [SUCCESS] Scaled api-6750 to 6 replicas
2025-11-10 16:35:53 - [SUCCESS] Scaled api-5015 to 3 replicas
2025-11-10 16:35:55 - [SUCCESS] Scaled db-6623 to 8 replicas
2025-11-10 16:35:58 - [SUCCESS] Scaled worker-5997 to 4 replicas
2025-11-10 16:36:00 - [SUCCESS] Scaled cache-6895 to 1 replicas
2025-11-10 16:36:01 - [SUCCESS] Scaled api-6523 to 8 replicas
2025-11-10 16:36:03 - [SUCCESS] Scaled db-8790 to 6 replicas
2025-11-10 16:36:05 - [SUCCESS] Scaled api-3050 to 3 replicas
2025-11-10 16:36:05 - [SUCCESS] Scaled api-4465 to 3 replicas
2025-11-10 16:36:09 - [SUCCESS] Scaled api-4465 to 6 replicas
2025-11-10 16:36:10 - [SUCCESS] Scaled api-3050 to 6 replicas
2025-11-10 16:36:12 - [SUCCESS] Scaled api-3050 to 8 replicas
2025-11-10 16:36:14 - [SUCCESS] Scaled api-4465 to 8 replicas
2025-11-10 16:36:15 - [SUCCESS] Scaled api-3050 to 5 replicas
2025-11-10 16:36:19 - [SUCCESS] Scaled api-4465 to 5 replicas
2025-11-10 16:36:19 - [SUCCESS] Scaled api-3050 to 2 replicas
2025-11-10 16:36:22 - [SUCCESS] Scaled api-4465 to 2 replicas
2025-11-10 16:36:28 - [SUCCESS] Deployed db-8280 with image postgres:latest (4 replicas)
2025-11-10 16:36:30 - [SUCCESS] Scaled api-6523 to 6 replicas
2025-11-10 16:36:31 - [SUCCESS] Scaled web-5830 to 2 replicas
2025-11-10 16:36:33 - [SUCCESS] Deployed cache-2698 with image memcached:latest (1 replicas)
2025-11-10 16:36:35 - [SUCCESS] Deployed db-9470 with image mongo:latest (1 replicas)
2025-11-10 16:36:38 - [SUCCESS] Scaled cache-4515 to 1 replicas
2025-11-10 16:36:40 - [SUCCESS] Scaled web-7676 to 1 replicas
2025-11-10 16:36:44 - [SUCCESS] Deployed db-3366 with image postgres:latest (4 replicas)
2025-11-10 16:36:44 - [SUCCESS] Scaled api-8085 to 3 replicas
2025-11-10 16:36:45 - [SUCCESS] Scaled db-8790 to 8 replicas
2025-11-10 16:36:48 - [SUCCESS] Scaled api-8085 to 6 replicas
2025-11-10 16:36:48 - [SUCCESS] Scaled api-2592 to 4 replicas
2025-11-10 16:36:50 - [SUCCESS] Deployed worker-1931 with image redis:latest (3 replicas)
2025-11-10 16:36:53 - [SUCCESS] Deployed cache-8483 with image memcached:latest (2 replicas)
2025-11-10 16:36:53 - [SUCCESS] Scaled api-8085 to 8 replicas
2025-11-10 16:36:55 - [SUCCESS] Scaled api-3831 to 2 replicas
2025-11-10 16:36:56 - [SUCCESS] Scaled api-8085 to 5 replicas
2025-11-10 16:36:58 - [SUCCESS] Deployed cache-3855 with image redis:latest (1 replicas)
2025-11-10 16:36:59 - [SUCCESS] Scaled api-8085 to 2 replicas
2025-11-10 16:37:01 - [SUCCESS] Scaled worker-4167 to 4 replicas
2025-11-10 16:37:04 - [SUCCESS] Scaled web-8617 to 1 replicas
2025-11-10 16:37:05 - [SUCCESS] Deployed web-3205 with image httpd:latest (4 replicas)
2025-11-10 16:37:08 - [SUCCESS] Scaled db-5947 to 7 replicas
2025-11-10 16:37:09 - [SUCCESS] Scaled api-5362 to 5 replicas
2025-11-10 16:37:10 - [SUCCESS] Deployed web-2813 with image nginx:latest (4 replicas)
2025-11-10 16:37:11 - [SUCCESS] Deployed web-9184 with image nginx:latest (4 replicas)
2025-11-10 16:37:13 - [SUCCESS] Deployed api-5520 with image nginx:latest (1 replicas)
2025-11-10 16:37:15 - [SUCCESS] Deployed worker-1950 with image redis:latest (4 replicas)
2025-11-10 16:37:16 - [SUCCESS] Deployed web-3865 with image nginx:latest (3 replicas)
2025-11-10 16:37:17 - [SUCCESS] Deployed db-5190 with image mysql:latest (4 replicas)
2025-11-10 16:37:20 - [SUCCESS] Scaled db-9470 to 7 replicas
2025-11-10 16:37:21 - [SUCCESS] Deployed web-5073 with image httpd:latest (2 replicas)
2025-11-10 16:37:22 - [SUCCESS] Deployed db-5740 with image mysql:latest (5 replicas)
2025-11-10 16:37:24 - [SUCCESS] Scaled cache-8613 to 3 replicas
2025-11-10 16:37:24 - [SUCCESS] Scaled web-3865 to 3 replicas
2025-11-10 16:37:25 - [SUCCESS] Scaled cache-6895 to 1 replicas
2025-11-10 16:37:28 - [SUCCESS] Scaled cache-9761 to 3 replicas
2025-11-10 16:37:29 - [SUCCESS] Scaled web-3865 to 6 replicas
2025-11-10 16:37:30 - [SUCCESS] Scaled worker-2066 to 1 replicas
2025-11-10 16:37:32 - [SUCCESS] Scaled cache-8613 to 8 replicas
2025-11-10 16:37:33 - [SUCCESS] Scaled web-3865 to 8 replicas
2025-11-10 16:37:35 - [SUCCESS] Deployed worker-9921 with image redis:latest (1 replicas)
2025-11-10 16:37:35 - [SUCCESS] Scaled web-3865 to 5 replicas
2025-11-10 16:37:38 - [SUCCESS] Scaled api-2776 to 4 replicas
2025-11-10 16:37:39 - [SUCCESS] Scaled web-3865 to 2 replicas
2025-11-10 16:37:40 - [SUCCESS] Deployed cache-5027 with image redis:latest (4 replicas)
2025-11-10 16:37:42 - [SUCCESS] Scaled worker-2066 to 8 replicas
2025-11-10 16:37:45 - [SUCCESS] Scaled api-4566 to 7 replicas
2025-11-10 16:37:48 - [SUCCESS] Deployed db-8207 with image mongo:latest (4 replicas)
2025-11-10 16:37:51 - [SUCCESS] Deployed web-8477 with image nginx:latest (2 replicas)
2025-11-10 16:37:53 - [SUCCESS] Scaled web-6550 to 4 replicas
2025-11-10 16:37:54 - [SUCCESS] Scaled db-6028 to 2 replicas
2025-11-10 16:37:55 - [SUCCESS] Deployed cache-3729 with image redis:latest (4 replicas)
2025-11-10 16:37:58 - [SUCCESS] Deployed worker-6737 with image rabbitmq:latest (3 replicas)
2025-11-10 16:38:00 - [SUCCESS] Scaled worker-6737 to 6 replicas
2025-11-10 16:38:02 - [SUCCESS] Scaled db-7534 to 5 replicas
2025-11-10 16:38:03 - [SUCCESS] Scaled web-5786 to 8 replicas
2025-11-10 16:38:06 - [SUCCESS] Scaled web-5830 to 8 replicas
2025-11-10 16:38:08 - [SUCCESS] Deployed api-5380 with image httpd:latest (3 replicas)
2025-11-10 16:38:11 - [SUCCESS] Scaled web-5786 to 3 replicas
2025-11-10 16:38:14 - [SUCCESS] Scaled cache-3855 to 3 replicas
2025-11-10 16:38:16 - [SUCCESS] Scaled web-5786 to 6 replicas
2025-11-10 16:38:18 - [SUCCESS] Scaled cache-3855 to 6 replicas
2025-11-10 16:38:18 - [SUCCESS] Scaled web-5786 to 8 replicas
2025-11-10 16:38:21 - [SUCCESS] Scaled cache-3855 to 8 replicas
2025-11-10 16:38:23 - [SUCCESS] Scaled web-5786 to 5 replicas
2025-11-10 16:38:24 - [SUCCESS] Scaled cache-3855 to 5 replicas
2025-11-10 16:38:26 - [SUCCESS] Scaled web-5786 to 2 replicas
2025-11-10 16:38:26 - [SUCCESS] Scaled cache-3855 to 2 replicas
2025-11-10 16:38:30 - [SUCCESS] Deployed worker-4853 with image redis:latest (1 replicas)
2025-11-10 16:38:32 - [SUCCESS] Deployed web-8694 with image nginx:latest (3 replicas)
2025-11-10 16:38:34 - [SUCCESS] Scaled worker-9787 to 7 replicas
2025-11-10 16:38:35 - [SUCCESS] Deployed cache-7771 with image redis:latest (2 replicas)
2025-11-10 16:38:37 - [SUCCESS] Scaled db-7223 to 6 replicas
2025-11-10 16:38:39 - [SUCCESS] Scaled web-6550 to 6 replicas
2025-11-10 16:38:40 - [SUCCESS] Deployed cache-3576 with image redis:latest (1 replicas)
2025-11-10 16:38:42 - [SUCCESS] Scaled web-8617 to 3 replicas
2025-11-10 16:38:43 - [SUCCESS] Deployed cache-1697 with image memcached:latest (2 replicas)
2025-11-10 16:38:44 - [SUCCESS] Scaled web-8617 to 6 replicas
2025-11-10 16:38:46 - [SUCCESS] Scaled db-8280 to 8 replicas
2025-11-10 16:38:47 - [SUCCESS] Scaled worker-6788 to 1 replicas
2025-11-10 16:38:48 - [SUCCESS] Scaled web-8617 to 8 replicas
2025-11-10 16:38:49 - [SUCCESS] Deployed web-7494 with image httpd:latest (2 replicas)
2025-11-10 16:38:50 - [SUCCESS] Scaled api-3831 to 4 replicas
2025-11-10 16:38:51 - [SUCCESS] Scaled web-8617 to 5 replicas
2025-11-10 16:38:53 - [SUCCESS] Scaled cache-3729 to 6 replicas
2025-11-10 16:38:54 - [SUCCESS] Scaled web-9235 to 8 replicas
2025-11-10 16:38:54 - [SUCCESS] Scaled web-8617 to 2 replicas
2025-11-10 16:38:55 - [SUCCESS] Scaled db-2737 to 3 replicas
2025-11-10 16:38:58 - [SUCCESS] Scaled db-2737 to 6 replicas
2025-11-10 16:39:02 - [SUCCESS] Scaled db-2737 to 8 replicas
2025-11-10 16:39:05 - [SUCCESS] Scaled db-2737 to 5 replicas
2025-11-10 16:39:09 - [SUCCESS] Scaled db-9345 to 5 replicas
2025-11-10 16:39:09 - [SUCCESS] Scaled db-2737 to 2 replicas
2025-11-10 16:39:16 - [SUCCESS] Scaled worker-6788 to 2 replicas
2025-11-10 16:39:16 - [SUCCESS] Scaled web-2468 to 5 replicas
2025-11-10 16:39:19 - [SUCCESS] Deployed worker-5172 with image rabbitmq:latest (4 replicas)
2025-11-10 16:39:22 - [SUCCESS] Scaled worker-3629 to 3 replicas
2025-11-10 16:39:25 - [SUCCESS] Deployed api-9071 with image httpd:latest (3 replicas)
2025-11-10 16:39:25 - [SUCCESS] Scaled db-8280 to 3 replicas
2025-11-10 16:39:26 - [SUCCESS] Deployed api-1835 with image nginx:latest (2 replicas)
2025-11-10 16:39:27 - [SUCCESS] Deployed api-5375 with image nginx:latest (3 replicas)
2025-11-10 16:39:28 - [SUCCESS] Scaled db-8280 to 6 replicas
2025-11-10 16:39:29 - [SUCCESS] Scaled api-7503 to 2 replicas
2025-11-10 16:39:32 - [SUCCESS] Scaled db-8280 to 8 replicas
2025-11-10 16:39:32 - [SUCCESS] Scaled api-5362 to 1 replicas
2025-11-10 16:39:34 - [SUCCESS] Deployed web-4142 with image httpd:latest (3 replicas)
2025-11-10 16:39:35 - [SUCCESS] Deployed db-3728 with image mysql:latest (1 replicas)
2025-11-10 16:39:36 - [SUCCESS] Scaled db-8280 to 5 replicas
2025-11-10 16:39:38 - [SUCCESS] Deployed db-1148 with image mongo:latest (4 replicas)
2025-11-10 16:39:39 - [SUCCESS] Scaled db-8280 to 2 replicas
2025-11-10 16:39:40 - [SUCCESS] Scaled web-7676 to 2 replicas
2025-11-10 16:39:43 - [SUCCESS] Scaled api-3005 to 3 replicas
2025-11-10 16:39:45 - [SUCCESS] Scaled api-3005 to 6 replicas
2025-11-10 16:39:50 - [SUCCESS] Scaled api-3005 to 8 replicas
2025-11-10 16:39:53 - [SUCCESS] Scaled cache-3729 to 2 replicas
2025-11-10 16:39:54 - [SUCCESS] Scaled api-3005 to 5 replicas
2025-11-10 16:39:56 - [SUCCESS] Scaled api-3005 to 2 replicas
2025-11-10 16:40:00 - [SUCCESS] Scaled cache-3576 to 3 replicas
2025-11-10 16:40:00 - [SUCCESS] Deployed cache-6611 with image memcached:latest (4 replicas)
2025-11-10 16:40:01 - [SUCCESS] Deployed cache-5005 with image redis:latest (5 replicas)
2025-11-10 16:40:03 - [SUCCESS] Deployed web-3051 with image httpd:latest (4 replicas)
2025-11-10 16:40:03 - [SUCCESS] Scaled cache-3576 to 6 replicas
2025-11-10 16:40:06 - [SUCCESS] Deployed db-8684 with image postgres:latest (4 replicas)
2025-11-10 16:40:07 - [SUCCESS] Scaled db-7223 to 3 replicas
2025-11-10 16:40:08 - [SUCCESS] Scaled cache-3576 to 8 replicas
2025-11-10 16:40:10 - [SUCCESS] Scaled db-7223 to 6 replicas
2025-11-10 16:40:13 - [SUCCESS] Scaled cache-3576 to 5 replicas
2025-11-10 16:40:14 - [SUCCESS] Scaled db-7223 to 8 replicas
2025-11-10 16:40:16 - [SUCCESS] Scaled cache-3576 to 2 replicas
2025-11-10 16:40:19 - [SUCCESS] Scaled db-7223 to 5 replicas
2025-11-10 16:40:23 - [SUCCESS] Scaled db-7223 to 2 replicas
2025-11-10 16:40:28 - [SUCCESS] Scaled api-3519 to 8 replicas
2025-11-10 16:40:30 - [SUCCESS] Deployed api-9497 with image httpd:latest (4 replicas)
2025-11-10 16:40:31 - [SUCCESS] Deployed db-9459 with image mongo:latest (6 replicas)
2025-11-10 16:40:31 - [SUCCESS] Scaled db-8684 to 1 replicas
2025-11-10 16:40:34 - [SUCCESS] Scaled api-9497 to 7 replicas
2025-11-10 16:40:37 - [SUCCESS] Deployed api-3500 with image httpd:latest (4 replicas)
2025-11-10 16:40:39 - [SUCCESS] Scaled api-5684 to 1 replicas
2025-11-10 16:40:42 - [SUCCESS] Deployed web-5256 with image httpd:latest (4 replicas)
2025-11-10 16:40:43 - [SUCCESS] Scaled db-9470 to 2 replicas
2025-11-10 16:40:45 - [SUCCESS] Deployed cache-5227 with image memcached:latest (4 replicas)
2025-11-10 16:40:46 - [SUCCESS] Scaled db-3728 to 1 replicas
2025-11-10 16:40:47 - [SUCCESS] Deployed db-6971 with image mysql:latest (2 replicas)
2025-11-10 16:40:50 - [SUCCESS] Scaled db-7223 to 7 replicas
2025-11-10 16:40:53 - [SUCCESS] Deployed web-4179 with image httpd:latest (4 replicas)
2025-11-10 16:40:54 - [SUCCESS] Scaled worker-6737 to 2 replicas
2025-11-10 16:40:54 - [SUCCESS] Scaled db-5740 to 7 replicas
2025-11-10 16:40:56 - [SUCCESS] Deployed db-8311 with image mongo:latest (2 replicas)
2025-11-10 16:40:58 - [SUCCESS] Scaled cache-3729 to 3 replicas
2025-11-10 16:40:59 - [SUCCESS] Scaled api-4566 to 6 replicas
2025-11-10 16:41:01 - [SUCCESS] Scaled cache-3729 to 6 replicas
2025-11-10 16:41:05 - [SUCCESS] Scaled cache-3729 to 8 replicas
2025-11-10 16:41:07 - [SUCCESS] Scaled cache-3729 to 5 replicas
2025-11-10 16:41:11 - [SUCCESS] Scaled cache-3729 to 2 replicas
2025-11-10 16:41:13 - [SUCCESS] Scaled web-5959 to 1 replicas
2025-11-10 16:41:17 - [SUCCESS] Scaled web-8477 to 3 replicas
2025-11-10 16:41:21 - [SUCCESS] Scaled web-8477 to 6 replicas
2025-11-10 16:41:24 - [SUCCESS] Scaled web-8477 to 8 replicas
2025-11-10 16:41:26 - [SUCCESS] Scaled web-6550 to 5 replicas
2025-11-10 16:41:29 - [SUCCESS] Scaled web-8477 to 5 replicas
2025-11-10 16:41:34 - [SUCCESS] Scaled web-8477 to 2 replicas
2025-11-10 16:41:38 - [SUCCESS] Scaled db-8684 to 6 replicas
2025-11-10 16:41:40 - [SUCCESS] Deployed web-1251 with image nginx:latest (4 replicas)
2025-11-10 16:41:43 - [SUCCESS] Scaled cache-9704 to 3 replicas
2025-11-10 16:41:44 - [SUCCESS] Scaled web-5830 to 6 replicas
2025-11-10 16:41:47 - [SUCCESS] Scaled cache-9704 to 6 replicas
2025-11-10 16:41:51 - [SUCCESS] Scaled cache-9704 to 8 replicas
2025-11-10 16:41:56 - [SUCCESS] Scaled cache-9704 to 5 replicas
2025-11-10 16:41:58 - [SUCCESS] Scaled api-5375 to 1 replicas
2025-11-10 16:42:01 - [SUCCESS] Scaled cache-9704 to 2 replicas
2025-11-10 16:42:05 - [SUCCESS] Scaled worker-2066 to 2 replicas
2025-11-10 16:42:05 - [SUCCESS] Scaled db-8790 to 6 replicas
2025-11-10 16:42:07 - [SUCCESS] Deployed cache-5502 with image redis:latest (1 replicas)
2025-11-10 16:42:10 - [SUCCESS] Scaled cache-8483 to 3 replicas
2025-11-10 16:42:11 - [SUCCESS] Scaled web-4142 to 3 replicas
2025-11-10 16:42:14 - [SUCCESS] Deployed db-7279 with image mysql:latest (2 replicas)
2025-11-10 16:42:17 - [SUCCESS] Scaled api-7408 to 1 replicas
2025-11-10 16:42:18 - [SUCCESS] Scaled cache-6611 to 6 replicas
2025-11-10 16:42:19 - [SUCCESS] Scaled web-6566 to 1 replicas
2025-11-10 16:42:21 - [SUCCESS] Scaled api-5380 to 5 replicas
2025-11-10 16:42:24 - [SUCCESS] Scaled web-3205 to 5 replicas
2025-11-10 16:42:24 - [SUCCESS] Deployed web-5379 with image httpd:latest (2 replicas)
2025-11-10 16:42:26 - [SUCCESS] Deployed worker-1687 with image rabbitmq:latest (1 replicas)
2025-11-10 16:42:28 - [SUCCESS] Scaled worker-4583 to 5 replicas
2025-11-10 16:42:31 - [SUCCESS] Deployed api-9757 with image nginx:latest (5 replicas)
2025-11-10 16:42:32 - [SUCCESS] Deployed db-2379 with image mongo:latest (4 replicas)
2025-11-10 16:42:35 - [SUCCESS] Deployed web-2196 with image nginx:latest (1 replicas)
2025-11-10 16:42:37 - [SUCCESS] Deployed web-7399 with image nginx:latest (4 replicas)
2025-11-10 16:42:38 - [SUCCESS] Scaled db-7534 to 2 replicas
2025-11-10 16:42:39 - [SUCCESS] Scaled worker-8383 to 1 replicas
2025-11-10 16:42:41 - [SUCCESS] Scaled worker-1687 to 5 replicas
2025-11-10 16:42:43 - [SUCCESS] Scaled db-3366 to 1 replicas
2025-11-10 16:42:45 - [SUCCESS] Deployed web-7724 with image nginx:latest (4 replicas)
2025-11-10 16:42:48 - [SUCCESS] Scaled api-5684 to 5 replicas
2025-11-10 16:42:50 - [SUCCESS] Scaled db-6028 to 3 replicas
2025-11-10 16:42:51 - [SUCCESS] Deployed db-5163 with image mongo:latest (2 replicas)
2025-11-10 16:42:52 - [SUCCESS] Scaled db-6028 to 6 replicas
2025-11-10 16:42:54 - [SUCCESS] Scaled cache-7771 to 3 replicas
2025-11-10 16:42:55 - [SUCCESS] Deployed api-1999 with image httpd:latest (3 replicas)
2025-11-10 16:42:57 - [SUCCESS] Scaled db-6028 to 8 replicas
2025-11-10 16:42:58 - [SUCCESS] Scaled cache-6611 to 3 replicas
2025-11-10 16:43:01 - [SUCCESS] Scaled cache-6611 to 6 replicas
2025-11-10 16:43:02 - [SUCCESS] Scaled db-6028 to 5 replicas
2025-11-10 16:43:03 - [SUCCESS] Scaled cache-6611 to 8 replicas
2025-11-10 16:43:07 - [SUCCESS] Scaled db-6028 to 2 replicas
2025-11-10 16:43:08 - [SUCCESS] Scaled cache-6611 to 5 replicas
2025-11-10 16:43:10 - [SUCCESS] Scaled cache-6611 to 2 replicas
2025-11-10 16:43:15 - [SUCCESS] Scaled cache-6895 to 4 replicas
2025-11-10 16:43:16 - [SUCCESS] Scaled cache-7771 to 6 replicas
2025-11-10 16:43:17 - [SUCCESS] Deployed worker-5287 with image redis:latest (2 replicas)
2025-11-10 16:43:19 - [SUCCESS] Deployed db-5807 with image postgres:latest (4 replicas)
2025-11-10 16:43:21 - [SUCCESS] Deployed cache-7420 with image memcached:latest (1 replicas)
2025-11-10 16:43:23 - [SUCCESS] Scaled worker-6788 to 5 replicas
2025-11-10 16:43:24 - [SUCCESS] Deployed api-1138 with image nginx:latest (2 replicas)
2025-11-10 16:43:26 - [SUCCESS] Scaled web-5368 to 3 replicas
2025-11-10 16:43:28 - [SUCCESS] Scaled cache-5227 to 3 replicas
2025-11-10 16:43:29 - [SUCCESS] Scaled web-5368 to 6 replicas
2025-11-10 16:43:32 - [SUCCESS] Scaled cache-5227 to 6 replicas
2025-11-10 16:43:34 - [SUCCESS] Scaled web-5368 to 8 replicas
2025-11-10 16:43:36 - [SUCCESS] Scaled cache-5227 to 8 replicas
2025-11-10 16:43:37 - [SUCCESS] Scaled web-5368 to 5 replicas
2025-11-10 16:43:39 - [SUCCESS] Scaled web-5368 to 2 replicas
2025-11-10 16:43:40 - [SUCCESS] Scaled cache-5227 to 5 replicas
2025-11-10 16:43:43 - [SUCCESS] Scaled cache-5227 to 2 replicas
2025-11-10 16:43:45 - [SUCCESS] Scaled web-3947 to 3 replicas
2025-11-10 16:43:47 - [SUCCESS] Deployed worker-8245 with image redis:latest (2 replicas)
2025-11-10 16:43:50 - [SUCCESS] Scaled worker-5172 to 1 replicas
2025-11-10 16:43:52 - [SUCCESS] Deployed db-3850 with image postgres:latest (2 replicas)
2025-11-10 16:43:54 - [SUCCESS] Scaled api-5015 to 2 replicas
2025-11-10 16:43:56 - [SUCCESS] Deployed db-6299 with image postgres:latest (4 replicas)
2025-11-10 16:43:57 - [SUCCESS] Deployed api-8324 with image httpd:latest (3 replicas)
2025-11-10 16:43:59 - [SUCCESS] Scaled api-9757 to 1 replicas
2025-11-10 16:44:00 - [SUCCESS] Deployed cache-5936 with image redis:latest (4 replicas)
2025-11-10 16:44:02 - [SUCCESS] Deployed api-8135 with image httpd:latest (4 replicas)
2025-11-10 16:44:05 - [SUCCESS] Scaled worker-1687 to 7 replicas
2025-11-10 16:44:07 - [SUCCESS] Deployed worker-4695 with image redis:latest (4 replicas)
2025-11-10 16:44:10 - [SUCCESS] Deployed api-4030 with image nginx:latest (4 replicas)
2025-11-10 16:44:13 - [SUCCESS] Scaled web-7399 to 4 replicas
2025-11-10 16:44:14 - [SUCCESS] Scaled worker-9787 to 3 replicas
2025-11-10 16:44:14 - [SUCCESS] Scaled cache-6394 to 5 replicas
2025-11-10 16:44:16 - [SUCCESS] Scaled worker-9787 to 6 replicas
2025-11-10 16:44:17 - [SUCCESS] Deployed api-6444 with image nginx:latest (2 replicas)
2025-11-10 16:44:18 - [SUCCESS] Scaled worker-9787 to 8 replicas
2025-11-10 16:44:20 - [SUCCESS] Deployed db-8129 with image mongo:latest (2 replicas)
2025-11-10 16:44:22 - [SUCCESS] Scaled worker-9787 to 5 replicas
2025-11-10 16:44:22 - [SUCCESS] Deployed web-4597 with image nginx:latest (2 replicas)
2025-11-10 16:44:25 - [SUCCESS] Deployed cache-2291 with image memcached:latest (2 replicas)
2025-11-10 16:44:25 - [SUCCESS] Scaled worker-9787 to 2 replicas
2025-11-10 16:44:26 - [SUCCESS] Scaled web-8617 to 8 replicas
2025-11-10 16:44:29 - [SUCCESS] Scaled cache-8613 to 3 replicas
2025-11-10 16:44:32 - [SUCCESS] Scaled web-5786 to 3 replicas
2025-11-10 16:44:33 - [SUCCESS] Deployed worker-1681 with image redis:latest (4 replicas)
2025-11-10 16:44:35 - [SUCCESS] Scaled api-9407 to 6 replicas
2025-11-10 16:44:37 - [SUCCESS] Deployed worker-7853 with image redis:latest (3 replicas)
2025-11-10 16:44:39 - [SUCCESS] Scaled cache-5502 to 3 replicas
2025-11-10 16:44:40 - [SUCCESS] Scaled cache-5936 to 8 replicas
2025-11-10 16:44:41 - [SUCCESS] Scaled cache-5502 to 6 replicas
2025-11-10 16:44:42 - [SUCCESS] Scaled db-2379 to 2 replicas
2025-11-10 16:44:45 - [SUCCESS] Scaled cache-3729 to 2 replicas
2025-11-10 16:44:46 - [SUCCESS] Scaled cache-5502 to 8 replicas
2025-11-10 16:44:46 - [SUCCESS] Scaled api-3005 to 4 replicas
2025-11-10 16:44:47 - [SUCCESS] Scaled api-1999 to 3 replicas
2025-11-10 16:44:49 - [SUCCESS] Scaled cache-5502 to 5 replicas
2025-11-10 16:44:49 - [SUCCESS] Scaled api-1999 to 6 replicas
2025-11-10 16:44:52 - [SUCCESS] Scaled cache-5502 to 2 replicas
2025-11-10 16:44:52 - [SUCCESS] Scaled api-1999 to 8 replicas
2025-11-10 16:44:55 - [SUCCESS] Scaled api-1999 to 5 replicas
2025-11-10 16:44:58 - [SUCCESS] Scaled api-1999 to 2 replicas
2025-11-10 16:45:02 - [SUCCESS] Deployed web-4656 with image nginx:latest (2 replicas)
2025-11-10 16:45:04 - [SUCCESS] Scaled worker-1681 to 3 replicas
2025-11-10 16:45:05 - [SUCCESS] Scaled worker-7853 to 3 replicas
2025-11-10 16:45:07 - [SUCCESS] Scaled web-5379 to 8 replicas
2025-11-10 16:45:09 - [SUCCESS] Scaled worker-7853 to 6 replicas
2025-11-10 16:45:09 - [SUCCESS] Scaled api-3831 to 4 replicas
2025-11-10 16:45:11 - [SUCCESS] Scaled worker-7853 to 8 replicas
2025-11-10 16:45:11 - [SUCCESS] Scaled db-2737 to 3 replicas
2025-11-10 16:45:13 - [SUCCESS] Scaled worker-7853 to 5 replicas
2025-11-10 16:45:16 - [SUCCESS] Scaled db-2737 to 6 replicas
2025-11-10 16:45:16 - [SUCCESS] Scaled worker-7853 to 2 replicas
2025-11-10 16:45:19 - [SUCCESS] Scaled db-2737 to 8 replicas
2025-11-10 16:45:22 - [SUCCESS] Scaled db-2737 to 5 replicas
2025-11-10 16:45:24 - [SUCCESS] Scaled db-2737 to 2 replicas
2025-11-10 16:45:29 - [SUCCESS] Deployed web-4952 with image httpd:latest (5 replicas)
2025-11-10 16:45:32 - [SUCCESS] Scaled cache-6474 to 3 replicas
2025-11-10 16:45:32 - [SUCCESS] Scaled db-8790 to 5 replicas
2025-11-10 16:45:35 - [SUCCESS] Scaled cache-6474 to 6 replicas
2025-11-10 16:45:37 - [SUCCESS] Scaled cache-6474 to 8 replicas
2025-11-10 16:45:38 - [SUCCESS] Scaled cache-4648 to 4 replicas
2025-11-10 16:45:41 - [SUCCESS] Scaled cache-6474 to 5 replicas
2025-11-10 16:45:44 - [SUCCESS] Scaled cache-6474 to 2 replicas
2025-11-10 16:45:49 - [SUCCESS] Scaled db-5807 to 3 replicas
2025-11-10 16:45:52 - [SUCCESS] Deployed web-2582 with image nginx:latest (4 replicas)
2025-11-10 16:45:53 - [SUCCESS] Scaled web-7676 to 3 replicas
2025-11-10 16:45:53 - [SUCCESS] Deployed worker-4748 with image redis:latest (4 replicas)
2025-11-10 16:45:55 - [SUCCESS] Scaled web-7676 to 6 replicas
2025-11-10 16:45:56 - [SUCCESS] Deployed api-6037 with image httpd:latest (3 replicas)
2025-11-10 16:45:58 - [SUCCESS] Deployed db-2817 with image mongo:latest (3 replicas)
2025-11-10 16:45:58 - [SUCCESS] Scaled web-7676 to 8 replicas
2025-11-10 16:45:59 - [SUCCESS] Scaled worker-7853 to 6 replicas
2025-11-10 16:46:02 - [SUCCESS] Deployed cache-2557 with image memcached:latest (1 replicas)
2025-11-10 16:46:02 - [SUCCESS] Scaled web-7676 to 5 replicas
2025-11-10 16:46:04 - [SUCCESS] Deployed web-3232 with image nginx:latest (6 replicas)
2025-11-10 16:46:06 - [SUCCESS] Scaled worker-9921 to 7 replicas
2025-11-10 16:46:06 - [SUCCESS] Scaled web-7676 to 2 replicas
2025-11-10 16:46:07 - [SUCCESS] Scaled db-5947 to 3 replicas
2025-11-10 16:46:10 - [SUCCESS] Scaled db-5947 to 6 replicas
2025-11-10 16:46:12 - [SUCCESS] Scaled db-5947 to 8 replicas
2025-11-10 16:46:16 - [SUCCESS] Scaled api-5520 to 4 replicas
2025-11-10 16:46:16 - [SUCCESS] Scaled db-5947 to 5 replicas
2025-11-10 16:46:19 - [SUCCESS] Scaled db-5947 to 2 replicas
2025-11-10 16:46:24 - [SUCCESS] Scaled api-2776 to 8 replicas
2025-11-10 16:46:27 - [SUCCESS] Deployed api-2927 with image httpd:latest (1 replicas)
2025-11-10 16:46:28 - [SUCCESS] Scaled worker-4167 to 8 replicas
2025-11-10 16:46:30 - [SUCCESS] Scaled cache-1850 to 3 replicas
2025-11-10 16:46:30 - [SUCCESS] Deployed api-7418 with image httpd:latest (2 replicas)
2025-11-10 16:46:32 - [SUCCESS] Scaled cache-2123 to 4 replicas
2025-11-10 16:46:34 - [SUCCESS] Scaled cache-1850 to 6 replicas
2025-11-10 16:46:35 - [SUCCESS] Scaled api-4465 to 4 replicas
2025-11-10 16:46:37 - [SUCCESS] Scaled api-3831 to 7 replicas
2025-11-10 16:46:39 - [SUCCESS] Scaled cache-1850 to 8 replicas
2025-11-10 16:46:39 - [SUCCESS] Scaled cache-6895 to 8 replicas
2025-11-10 16:46:41 - [SUCCESS] Scaled cache-1850 to 5 replicas
2025-11-10 16:46:41 - [SUCCESS] Scaled db-5947 to 4 replicas
2025-11-10 16:46:44 - [SUCCESS] Scaled db-2817 to 8 replicas
2025-11-10 16:46:44 - [SUCCESS] Scaled cache-1850 to 2 replicas
2025-11-10 16:46:46 - [SUCCESS] Scaled db-5163 to 2 replicas
2025-11-10 16:46:48 - [SUCCESS] Scaled api-5362 to 3 replicas
2025-11-10 16:46:50 - [SUCCESS] Deployed cache-7403 with image redis:latest (2 replicas)
2025-11-10 16:46:52 - [SUCCESS] Scaled api-2386 to 6 replicas
2025-11-10 16:46:55 - [SUCCESS] Scaled cache-4515 to 1 replicas
2025-11-10 16:46:56 - [SUCCESS] Deployed cache-9898 with image memcached:latest (3 replicas)
2025-11-10 16:46:57 - [SUCCESS] Deployed cache-5751 with image memcached:latest (3 replicas)
2025-11-10 16:46:59 - [SUCCESS] Scaled web-5073 to 3 replicas
2025-11-10 16:46:59 - [SUCCESS] Scaled web-7494 to 3 replicas
2025-11-10 16:47:03 - [SUCCESS] Scaled web-7494 to 6 replicas
2025-11-10 16:47:05 - [SUCCESS] Scaled api-1353 to 3 replicas
2025-11-10 16:47:06 - [SUCCESS] Scaled web-7494 to 8 replicas
2025-11-10 16:47:08 - [SUCCESS] Scaled web-7494 to 5 replicas
2025-11-10 16:47:13 - [SUCCESS] Scaled web-7494 to 2 replicas
2025-11-10 16:47:17 - [SUCCESS] Scaled db-7223 to 2 replicas
2025-11-10 16:47:20 - [SUCCESS] Scaled web-2196 to 3 replicas
2025-11-10 16:47:25 - [SUCCESS] Scaled web-2196 to 6 replicas
2025-11-10 16:47:28 - [SUCCESS] Scaled web-2196 to 8 replicas
2025-11-10 16:47:30 - [SUCCESS] Scaled cache-1850 to 4 replicas
2025-11-10 16:47:31 - [SUCCESS] Scaled web-2196 to 5 replicas
2025-11-10 16:47:35 - [SUCCESS] Scaled web-2196 to 2 replicas
2025-11-10 16:47:38 - [SUCCESS] Scaled worker-4167 to 3 replicas
2025-11-10 16:47:41 - [SUCCESS] Scaled worker-4167 to 6 replicas
2025-11-10 16:47:42 - [SUCCESS] Scaled web-5379 to 5 replicas
2025-11-10 16:47:44 - [SUCCESS] Deployed api-7291 with image httpd:latest (4 replicas)
2025-11-10 16:47:45 - [SUCCESS] Scaled worker-4167 to 8 replicas
2025-11-10 16:47:47 - [SUCCESS] Scaled web-9235 to 2 replicas
2025-11-10 16:47:50 - [SUCCESS] Deployed cache-4419 with image redis:latest (4 replicas)
2025-11-10 16:47:50 - [SUCCESS] Scaled worker-4167 to 5 replicas
2025-11-10 16:47:51 - [SUCCESS] Scaled cache-3729 to 8 replicas
2025-11-10 16:47:53 - [SUCCESS] Scaled api-7291 to 6 replicas
2025-11-10 16:47:55 - [SUCCESS] Scaled worker-4167 to 2 replicas
2025-11-10 16:47:55 - [SUCCESS] Deployed db-1979 with image postgres:latest (2 replicas)
2025-11-10 16:47:57 - [SUCCESS] Scaled db-7223 to 3 replicas
2025-11-10 16:48:01 - [SUCCESS] Scaled db-7223 to 6 replicas
2025-11-10 16:48:03 - [SUCCESS] Scaled db-2737 to 3 replicas
2025-11-10 16:48:05 - [SUCCESS] Scaled db-7223 to 8 replicas
2025-11-10 16:48:08 - [SUCCESS] Scaled db-7223 to 5 replicas
2025-11-10 16:48:11 - [SUCCESS] Scaled cache-4357 to 1 replicas
2025-11-10 16:48:11 - [SUCCESS] Scaled db-7223 to 2 replicas
2025-11-10 16:48:17 - [SUCCESS] Scaled worker-1950 to 3 replicas
2025-11-10 16:48:18 - [SUCCESS] Scaled api-4465 to 1 replicas
2025-11-10 16:48:20 - [SUCCESS] Scaled db-5163 to 4 replicas
2025-11-10 16:48:21 - [SUCCESS] Scaled api-6750 to 3 replicas
2025-11-10 16:48:25 - [SUCCESS] Scaled web-6550 to 3 replicas
2025-11-10 16:48:25 - [SUCCESS] Scaled api-6750 to 6 replicas
2025-11-10 16:48:29 - [SUCCESS] Scaled api-6750 to 8 replicas
2025-11-10 16:48:29 - [SUCCESS] Scaled web-6550 to 6 replicas
2025-11-10 16:48:32 - [SUCCESS] Scaled api-6750 to 5 replicas
2025-11-10 16:48:34 - [SUCCESS] Scaled web-6550 to 8 replicas
2025-11-10 16:48:36 - [SUCCESS] Scaled api-6750 to 2 replicas
2025-11-10 16:48:39 - [SUCCESS] Scaled web-6550 to 5 replicas
2025-11-10 16:48:42 - [SUCCESS] Deployed worker-9926 with image rabbitmq:latest (3 replicas)
2025-11-10 16:48:43 - [SUCCESS] Scaled web-6550 to 2 replicas
2025-11-10 16:48:44 - [SUCCESS] Deployed web-4064 with image httpd:latest (4 replicas)
2025-11-10 16:48:46 - [SUCCESS] Scaled cache-6474 to 7 replicas
2025-11-10 16:48:47 - [SUCCESS] Scaled web-5073 to 3 replicas
2025-11-10 16:48:50 - [SUCCESS] Scaled db-1979 to 4 replicas
2025-11-10 16:48:52 - [SUCCESS] Deployed worker-9828 with image redis:latest (2 replicas)
2025-11-10 16:48:54 - [SUCCESS] Scaled api-4465 to 3 replicas
2025-11-10 16:48:56 - [SUCCESS] Scaled api-4465 to 6 replicas
2025-11-10 16:49:00 - [SUCCESS] Scaled api-4465 to 8 replicas
2025-11-10 16:49:02 - [SUCCESS] Scaled db-2737 to 3 replicas
2025-11-10 16:49:05 - [SUCCESS] Scaled api-4465 to 5 replicas
2025-11-10 16:49:07 - [SUCCESS] Scaled api-4465 to 2 replicas
2025-11-10 16:49:14 - [SUCCESS] Scaled db-3728 to 3 replicas
2025-11-10 16:49:15 - [SUCCESS] Scaled cache-9898 to 3 replicas
2025-11-10 16:49:16 - [SUCCESS] Scaled db-3728 to 6 replicas
2025-11-10 16:49:18 - [SUCCESS] Scaled cache-9898 to 6 replicas
2025-11-10 16:49:19 - [SUCCESS] Scaled db-3728 to 8 replicas
2025-11-10 16:49:21 - [SUCCESS] Scaled db-3728 to 5 replicas
2025-11-10 16:49:22 - [SUCCESS] Scaled cache-9898 to 8 replicas
2025-11-10 16:49:26 - [SUCCESS] Scaled db-3728 to 2 replicas
2025-11-10 16:49:27 - [SUCCESS] Scaled cache-9898 to 5 replicas
2025-11-10 16:49:29 - [SUCCESS] Scaled cache-9898 to 2 replicas
2025-11-10 16:49:30 - [SUCCESS] Scaled api-1138 to 3 replicas
2025-11-10 16:49:32 - [SUCCESS] Scaled web-4179 to 2 replicas
2025-11-10 16:49:33 - [SUCCESS] Scaled worker-1931 to 1 replicas
2025-11-10 16:49:34 - [SUCCESS] Scaled api-8085 to 3 replicas
2025-11-10 16:49:37 - [SUCCESS] Scaled api-8085 to 6 replicas
2025-11-10 16:49:40 - [SUCCESS] Scaled api-8085 to 8 replicas
2025-11-10 16:49:42 - [SUCCESS] Scaled db-8207 to 6 replicas
2025-11-10 16:49:44 - [SUCCESS] Scaled api-8085 to 5 replicas
2025-11-10 16:49:46 - [SUCCESS] Scaled api-8085 to 2 replicas
2025-11-10 16:49:47 - [SUCCESS] Scaled api-5380 to 3 replicas
2025-11-10 16:49:50 - [SUCCESS] Scaled api-5583 to 5 replicas
2025-11-10 16:49:50 - [SUCCESS] Scaled api-5380 to 6 replicas
2025-11-10 16:49:52 - [SUCCESS] Scaled api-1138 to 5 replicas
2025-11-10 16:49:53 - [SUCCESS] Scaled api-5380 to 8 replicas
2025-11-10 16:49:54 - [SUCCESS] Deployed web-8712 with image nginx:latest (2 replicas)
2025-11-10 16:49:55 - [SUCCESS] Scaled api-5380 to 5 replicas
2025-11-10 16:49:56 - [SUCCESS] Scaled web-2813 to 3 replicas
2025-11-10 16:49:58 - [SUCCESS] Scaled api-5380 to 2 replicas
2025-11-10 16:49:59 - [SUCCESS] Scaled web-3865 to 2 replicas
2025-11-10 16:50:01 - [SUCCESS] Deployed db-6562 with image mysql:latest (4 replicas)
2025-11-10 16:50:04 - [SUCCESS] Scaled db-2737 to 1 replicas
2025-11-10 16:50:05 - [SUCCESS] Scaled web-2582 to 1 replicas
2025-11-10 16:50:07 - [SUCCESS] Deployed cache-4543 with image redis:latest (3 replicas)
2025-11-10 16:50:07 - [SUCCESS] Scaled web-6392 to 6 replicas
2025-11-10 16:50:09 - [SUCCESS] Deployed api-4544 with image nginx:latest (2 replicas)
2025-11-10 16:50:12 - [SUCCESS] Deployed web-7576 with image httpd:latest (1 replicas)
2025-11-10 16:50:14 - [SUCCESS] Deployed api-7274 with image httpd:latest (3 replicas)
2025-11-10 16:50:16 - [SUCCESS] Scaled cache-7771 to 5 replicas
2025-11-10 16:50:18 - [SUCCESS] Deployed db-3318 with image mysql:latest (4 replicas)
2025-11-10 16:50:19 - [SUCCESS] Scaled cache-6394 to 1 replicas
2025-11-10 16:50:20 - [SUCCESS] Scaled api-6750 to 1 replicas
2025-11-10 16:50:21 - [SUCCESS] Scaled api-5375 to 3 replicas
2025-11-10 16:50:24 - [SUCCESS] Scaled api-5375 to 6 replicas
2025-11-10 16:50:27 - [SUCCESS] Scaled api-5375 to 8 replicas
2025-11-10 16:50:29 - [SUCCESS] Scaled db-1148 to 6 replicas
2025-11-10 16:50:32 - [SUCCESS] Scaled api-5375 to 5 replicas
2025-11-10 16:50:36 - [SUCCESS] Scaled api-5375 to 2 replicas
2025-11-10 16:50:37 - [SUCCESS] Scaled worker-6737 to 1 replicas
2025-11-10 16:50:40 - [SUCCESS] Scaled db-6562 to 5 replicas
2025-11-10 16:50:42 - [SUCCESS] Scaled web-5959 to 3 replicas
2025-11-10 16:50:46 - [SUCCESS] Scaled web-5959 to 6 replicas
2025-11-10 16:50:47 - [SUCCESS] Scaled api-2927 to 4 replicas
2025-11-10 16:50:50 - [SUCCESS] Scaled web-5959 to 8 replicas
2025-11-10 16:50:54 - [SUCCESS] Scaled web-5959 to 5 replicas
2025-11-10 16:50:58 - [SUCCESS] Scaled db-5190 to 3 replicas
2025-11-10 16:50:59 - [SUCCESS] Scaled web-5959 to 2 replicas
2025-11-10 16:51:01 - [SUCCESS] Scaled db-5190 to 6 replicas
2025-11-10 16:51:05 - [SUCCESS] Scaled db-5190 to 8 replicas
2025-11-10 16:51:06 - [SUCCESS] Deployed web-4681 with image nginx:latest (1 replicas)
2025-11-10 16:51:08 - [SUCCESS] Scaled cache-7771 to 1 replicas
2025-11-10 16:51:10 - [SUCCESS] Scaled db-5190 to 5 replicas
2025-11-10 16:51:10 - [SUCCESS] Scaled web-5256 to 8 replicas
2025-11-10 16:51:13 - [SUCCESS] Scaled db-5190 to 2 replicas
2025-11-10 16:51:13 - [SUCCESS] Deployed web-2842 with image nginx:latest (2 replicas)
2025-11-10 16:51:16 - [SUCCESS] Scaled worker-8071 to 2 replicas
2025-11-10 16:51:19 - [SUCCESS] Scaled db-9459 to 3 replicas
2025-11-10 16:51:23 - [SUCCESS] Scaled db-9459 to 6 replicas
2025-11-10 16:51:23 - [SUCCESS] Scaled web-3608 to 6 replicas
2025-11-10 16:51:27 - [SUCCESS] Scaled db-9459 to 8 replicas
2025-11-10 16:51:31 - [SUCCESS] Scaled db-9459 to 5 replicas
2025-11-10 16:51:33 - [SUCCESS] Scaled web-5256 to 3 replicas
2025-11-10 16:51:34 - [SUCCESS] Scaled db-9459 to 2 replicas
2025-11-10 16:51:37 - [SUCCESS] Scaled web-5256 to 6 replicas
2025-11-10 16:51:40 - [SUCCESS] Scaled web-5256 to 8 replicas
2025-11-10 16:51:40 - [SUCCESS] Scaled worker-7853 to 6 replicas
2025-11-10 16:51:42 - [SUCCESS] Scaled api-5520 to 1 replicas
2025-11-10 16:51:43 - [SUCCESS] Scaled api-7418 to 3 replicas
2025-11-10 16:51:44 - [SUCCESS] Scaled web-5256 to 5 replicas
2025-11-10 16:51:47 - [SUCCESS] Scaled api-7418 to 6 replicas
2025-11-10 16:51:47 - [SUCCESS] Scaled web-5256 to 2 replicas
2025-11-10 16:51:51 - [SUCCESS] Scaled api-7418 to 8 replicas
2025-11-10 16:51:54 - [SUCCESS] Scaled api-7418 to 5 replicas
2025-11-10 16:51:58 - [SUCCESS] Scaled api-7418 to 2 replicas
2025-11-10 16:52:00 - [SUCCESS] Scaled db-8684 to 5 replicas
2025-11-10 16:52:04 - [SUCCESS] Scaled cache-1850 to 6 replicas
2025-11-10 16:52:05 - [SUCCESS] Scaled worker-9828 to 8 replicas
2025-11-10 16:52:08 - [SUCCESS] Scaled api-7503 to 3 replicas
2025-11-10 16:52:09 - [SUCCESS] Scaled cache-9761 to 1 replicas
2025-11-10 16:52:11 - [SUCCESS] Scaled api-7503 to 6 replicas
2025-11-10 16:52:14 - [SUCCESS] Scaled api-7503 to 8 replicas
2025-11-10 16:52:16 - [SUCCESS] Scaled web-3232 to 2 replicas
2025-11-10 16:52:18 - [SUCCESS] Scaled api-7503 to 5 replicas
2025-11-10 16:52:20 - [SUCCESS] Scaled api-7503 to 2 replicas
2025-11-10 16:52:27 - [SUCCESS] Scaled web-5073 to 6 replicas
2025-11-10 16:52:29 - [SUCCESS] Scaled cache-1697 to 1 replicas
2025-11-10 16:52:30 - [SUCCESS] Scaled worker-6430 to 6 replicas
2025-11-10 16:52:32 - [SUCCESS] Scaled web-2196 to 8 replicas
2025-11-10 16:52:33 - [SUCCESS] Scaled web-7676 to 7 replicas
2025-11-10 16:52:34 - [SUCCESS] Scaled api-6444 to 7 replicas
2025-11-10 16:52:36 - [SUCCESS] Scaled web-8477 to 4 replicas
2025-11-10 16:52:37 - [SUCCESS] Deployed cache-6482 with image redis:latest (4 replicas)
2025-11-10 16:52:37 - [SUCCESS] Scaled api-6523 to 3 replicas
2025-11-10 16:52:39 - [SUCCESS] Deployed worker-1788 with image redis:latest (2 replicas)
2025-11-10 16:52:42 - [SUCCESS] Scaled api-6523 to 6 replicas
2025-11-10 16:52:42 - [SUCCESS] Scaled db-5163 to 3 replicas
2025-11-10 16:52:45 - [SUCCESS] Scaled api-6523 to 8 replicas
2025-11-10 16:52:46 - [SUCCESS] Scaled db-5163 to 6 replicas
2025-11-10 16:52:49 - [SUCCESS] Scaled api-6523 to 5 replicas
2025-11-10 16:52:49 - [SUCCESS] Scaled db-5163 to 8 replicas
2025-11-10 16:52:52 - [SUCCESS] Scaled api-6523 to 2 replicas
2025-11-10 16:52:53 - [SUCCESS] Scaled db-5163 to 5 replicas
2025-11-10 16:52:56 - [SUCCESS] Scaled db-5163 to 2 replicas
2025-11-10 16:53:00 - [SUCCESS] Scaled web-7399 to 3 replicas
2025-11-10 16:53:04 - [SUCCESS] Scaled web-7399 to 6 replicas
2025-11-10 16:53:04 - [SUCCESS] Scaled web-8477 to 3 replicas
2025-11-10 16:53:07 - [SUCCESS] Scaled web-7399 to 8 replicas
2025-11-10 16:53:11 - [SUCCESS] Scaled web-7399 to 5 replicas
2025-11-10 16:53:14 - [SUCCESS] Scaled web-7399 to 2 replicas
2025-11-10 16:53:19 - [SUCCESS] Scaled worker-2066 to 5 replicas
2025-11-10 16:53:21 - [SUCCESS] Scaled web-4681 to 8 replicas
2025-11-10 16:53:22 - [SUCCESS] Scaled api-7274 to 8 replicas
2025-11-10 16:53:25 - [SUCCESS] Scaled web-7494 to 6 replicas
2025-11-10 16:53:26 - [SUCCESS] Scaled api-1353 to 5 replicas
2025-11-10 16:53:27 - [SUCCESS] Deployed db-5868 with image mysql:latest (2 replicas)
2025-11-10 16:53:30 - [SUCCESS] Deployed web-1186 with image httpd:latest (2 replicas)
2025-11-10 16:53:32 - [SUCCESS] Scaled cache-5502 to 5 replicas
2025-11-10 16:53:33 - [SUCCESS] Scaled web-7494 to 3 replicas
2025-11-10 16:53:33 - [SUCCESS] Scaled cache-4357 to 3 replicas
2025-11-10 16:53:36 - [SUCCESS] Scaled web-7494 to 6 replicas
2025-11-10 16:53:36 - [SUCCESS] Scaled cache-4357 to 6 replicas
2025-11-10 16:53:39 - [SUCCESS] Scaled cache-4357 to 8 replicas
2025-11-10 16:53:41 - [SUCCESS] Scaled web-7494 to 8 replicas
2025-11-10 16:53:41 - [SUCCESS] Scaled cache-4357 to 5 replicas
2025-11-10 16:53:44 - [SUCCESS] Scaled web-7494 to 5 replicas
2025-11-10 16:53:45 - [SUCCESS] Scaled cache-4357 to 2 replicas
2025-11-10 16:53:47 - [SUCCESS] Scaled web-7494 to 2 replicas
2025-11-10 16:53:50 - [SUCCESS] Deployed db-5781 with image postgres:latest (1 replicas)
2025-11-10 16:53:53 - [SUCCESS] Scaled web-9235 to 3 replicas
2025-11-10 16:53:54 - [SUCCESS] Deployed web-9101 with image httpd:latest (1 replicas)
2025-11-10 16:53:55 - [SUCCESS] Deployed api-3338 with image httpd:latest (1 replicas)
2025-11-10 16:53:56 - [SUCCESS] Scaled cache-5502 to 2 replicas
2025-11-10 16:53:58 - [SUCCESS] Scaled api-5375 to 4 replicas
2025-11-10 16:54:01 - [SUCCESS] Scaled api-1999 to 3 replicas
2025-11-10 16:54:04 - [SUCCESS] Scaled api-1999 to 6 replicas
2025-11-10 16:54:05 - [SUCCESS] Scaled web-6550 to 1 replicas
2025-11-10 16:54:07 - [SUCCESS] Scaled api-1999 to 8 replicas
2025-11-10 16:54:10 - [SUCCESS] Scaled api-1999 to 5 replicas
2025-11-10 16:54:13 - [SUCCESS] Scaled api-1999 to 2 replicas
2025-11-10 16:54:18 - [SUCCESS] Scaled web-8712 to 3 replicas
2025-11-10 16:54:20 - [SUCCESS] Scaled api-4566 to 1 replicas
2025-11-10 16:54:21 - [SUCCESS] Scaled web-8712 to 6 replicas
2025-11-10 16:54:22 - [SUCCESS] Scaled db-2737 to 5 replicas
2025-11-10 16:54:23 - [SUCCESS] Scaled cache-1697 to 5 replicas
2025-11-10 16:54:25 - [SUCCESS] Scaled web-8712 to 8 replicas
2025-11-10 16:54:25 - [SUCCESS] Scaled web-9184 to 8 replicas
2025-11-10 16:54:27 - [SUCCESS] Deployed worker-2867 with image redis:latest (3 replicas)
2025-11-10 16:54:28 - [SUCCESS] Scaled web-8712 to 5 replicas
2025-11-10 16:54:29 - [SUCCESS] Deployed db-2912 with image postgres:latest (3 replicas)
2025-11-10 16:54:30 - [SUCCESS] Scaled web-8712 to 2 replicas
2025-11-10 16:54:32 - [SUCCESS] Deployed web-5812 with image httpd:latest (3 replicas)
2025-11-10 16:54:34 - [SUCCESS] Scaled db-5868 to 3 replicas
2025-11-10 16:54:37 - [SUCCESS] Scaled worker-1687 to 3 replicas
2025-11-10 16:54:39 - [SUCCESS] Scaled worker-1687 to 6 replicas
2025-11-10 16:54:42 - [SUCCESS] Scaled worker-1687 to 8 replicas
2025-11-10 16:54:45 - [SUCCESS] Scaled db-2912 to 3 replicas
2025-11-10 16:54:46 - [SUCCESS] Scaled worker-1687 to 5 replicas
2025-11-10 16:54:48 - [SUCCESS] Scaled db-2912 to 6 replicas
2025-11-10 16:54:49 - [SUCCESS] Scaled worker-1687 to 2 replicas
2025-11-10 16:54:52 - [SUCCESS] Scaled db-2912 to 8 replicas
2025-11-10 16:54:55 - [SUCCESS] Scaled db-2912 to 5 replicas
2025-11-10 16:54:55 - [SUCCESS] Scaled web-8477 to 1 replicas
2025-11-10 16:54:57 - [SUCCESS] Scaled db-7223 to 1 replicas
2025-11-10 16:54:57 - [SUCCESS] Scaled db-2912 to 2 replicas
2025-11-10 16:54:59 - [SUCCESS] Scaled api-5520 to 1 replicas
2025-11-10 16:55:00 - [SUCCESS] Scaled api-6523 to 4 replicas
2025-11-10 16:55:01 - [SUCCESS] Deployed cache-6425 with image memcached:latest (2 replicas)
2025-11-10 16:55:04 - [SUCCESS] Scaled cache-4419 to 2 replicas
2025-11-10 16:55:06 - [SUCCESS] Scaled web-5786 to 1 replicas
2025-11-10 16:55:09 - [SUCCESS] Deployed cache-1180 with image memcached:latest (2 replicas)
2025-11-10 16:55:11 - [SUCCESS] Deployed cache-8592 with image redis:latest (2 replicas)
2025-11-10 16:55:14 - [SUCCESS] Scaled web-4597 to 8 replicas
2025-11-10 16:55:15 - [SUCCESS] Scaled db-2379 to 3 replicas
2025-11-10 16:55:16 - [SUCCESS] Scaled worker-6788 to 1 replicas
2025-11-10 16:55:18 - [SUCCESS] Scaled db-2379 to 6 replicas
2025-11-10 16:55:18 - [SUCCESS] Scaled api-5375 to 3 replicas
2025-11-10 16:55:22 - [SUCCESS] Scaled db-2379 to 8 replicas
2025-11-10 16:55:23 - [SUCCESS] Scaled api-5375 to 6 replicas
2025-11-10 16:55:26 - [SUCCESS] Scaled db-2379 to 5 replicas
2025-11-10 16:55:27 - [SUCCESS] Scaled api-5375 to 8 replicas
2025-11-10 16:55:30 - [SUCCESS] Scaled db-2379 to 2 replicas
2025-11-10 16:55:31 - [SUCCESS] Scaled api-5375 to 5 replicas
2025-11-10 16:55:34 - [SUCCESS] Scaled api-5375 to 2 replicas
2025-11-10 16:55:40 - [SUCCESS] Scaled db-2737 to 6 replicas
2025-11-10 16:55:41 - [SUCCESS] Deployed web-6944 with image nginx:latest (1 replicas)
2025-11-10 16:55:43 - [SUCCESS] Scaled db-6299 to 1 replicas
2025-11-10 16:55:44 - [SUCCESS] Scaled worker-5287 to 1 replicas
2025-11-10 16:55:45 - [SUCCESS] Deployed web-1907 with image httpd:latest (2 replicas)
2025-11-10 16:55:45 - [SUCCESS] Scaled worker-1687 to 3 replicas
2025-11-10 16:55:47 - [SUCCESS] Scaled worker-6737 to 3 replicas
2025-11-10 16:55:50 - [SUCCESS] Deployed worker-1923 with image redis:latest (2 replicas)
2025-11-10 16:55:52 - [SUCCESS] Scaled worker-8071 to 8 replicas
2025-11-10 16:55:54 - [SUCCESS] Scaled db-5947 to 6 replicas
2025-11-10 16:55:57 - [SUCCESS] Scaled db-9345 to 3 replicas
2025-11-10 16:56:00 - [SUCCESS] Scaled web-2623 to 5 replicas
2025-11-10 16:56:01 - [SUCCESS] Scaled db-9345 to 6 replicas
2025-11-10 16:56:05 - [SUCCESS] Scaled db-9345 to 8 replicas
2025-11-10 16:56:08 - [SUCCESS] Scaled db-9345 to 5 replicas
2025-11-10 16:56:11 - [SUCCESS] Scaled web-2623 to 3 replicas
2025-11-10 16:56:12 - [SUCCESS] Scaled db-9345 to 2 replicas
2025-11-10 16:56:14 - [SUCCESS] Scaled web-2623 to 6 replicas
2025-11-10 16:56:16 - [SUCCESS] Scaled web-2623 to 8 replicas
2025-11-10 16:56:17 - [SUCCESS] Scaled db-9470 to 3 replicas
2025-11-10 16:56:19 - [SUCCESS] Deployed web-9200 with image httpd:latest (2 replicas)
2025-11-10 16:56:19 - [SUCCESS] Scaled web-2623 to 5 replicas
2025-11-10 16:56:21 - [SUCCESS] Scaled api-4030 to 3 replicas
2025-11-10 16:56:21 - [SUCCESS] Scaled web-2623 to 2 replicas
2025-11-10 16:56:25 - [SUCCESS] Scaled api-4030 to 6 replicas
2025-11-10 16:56:28 - [SUCCESS] Scaled api-4030 to 8 replicas
2025-11-10 16:56:32 - [SUCCESS] Scaled api-4030 to 5 replicas
2025-11-10 16:56:36 - [SUCCESS] Scaled api-4030 to 2 replicas
2025-11-10 16:56:39 - [SUCCESS] Scaled web-2582 to 6 replicas
2025-11-10 16:56:41 - [SUCCESS] Scaled web-6550 to 3 replicas
2025-11-10 16:56:45 - [SUCCESS] Scaled web-6550 to 6 replicas
2025-11-10 16:56:46 - [SUCCESS] Scaled cache-6425 to 1 replicas
2025-11-10 16:56:50 - [SUCCESS] Scaled web-6550 to 8 replicas
2025-11-10 16:56:52 - [SUCCESS] Scaled web-6550 to 5 replicas
2025-11-10 16:56:53 - [SUCCESS] Scaled web-4253 to 3 replicas
2025-11-10 16:56:55 - [SUCCESS] Scaled web-4253 to 6 replicas
2025-11-10 16:56:55 - [SUCCESS] Scaled web-6550 to 2 replicas
2025-11-10 16:56:59 - [SUCCESS] Scaled web-4253 to 8 replicas
2025-11-10 16:56:59 - [SUCCESS] Deployed web-7231 with image httpd:latest (2 replicas)
2025-11-10 16:57:01 - [SUCCESS] Scaled cache-8592 to 5 replicas
2025-11-10 16:57:04 - [SUCCESS] Deployed cache-9089 with image memcached:latest (4 replicas)
2025-11-10 16:57:04 - [SUCCESS] Scaled web-4253 to 5 replicas
2025-11-10 16:57:05 - [SUCCESS] Deployed worker-2894 with image redis:latest (4 replicas)
2025-11-10 16:57:07 - [SUCCESS] Scaled web-4253 to 2 replicas
2025-11-10 16:57:07 - [SUCCESS] Scaled api-2776 to 3 replicas
2025-11-10 16:57:12 - [SUCCESS] Scaled api-2776 to 6 replicas
2025-11-10 16:57:17 - [SUCCESS] Scaled api-2776 to 8 replicas
2025-11-10 16:57:19 - [SUCCESS] Scaled cache-2123 to 5 replicas
2025-11-10 16:57:20 - [SUCCESS] Scaled api-2776 to 5 replicas
2025-11-10 16:57:23 - [SUCCESS] Scaled api-2776 to 2 replicas
2025-11-10 16:57:26 - [SUCCESS] Scaled api-7129 to 3 replicas
2025-11-10 16:57:29 - [SUCCESS] Scaled api-7129 to 6 replicas
2025-11-10 16:57:29 - [SUCCESS] Scaled web-6566 to 6 replicas
2025-11-10 16:57:32 - [SUCCESS] Scaled api-7129 to 8 replicas
2025-11-10 16:57:32 - [SUCCESS] Deployed db-9398 with image mysql:latest (3 replicas)
2025-11-10 16:57:35 - [SUCCESS] Deployed api-8126 with image nginx:latest (1 replicas)
2025-11-10 16:57:36 - [SUCCESS] Scaled api-7129 to 5 replicas
2025-11-10 16:57:37 - [SUCCESS] Scaled api-6444 to 3 replicas
2025-11-10 16:57:40 - [SUCCESS] Scaled api-6444 to 6 replicas
2025-11-10 16:57:40 - [SUCCESS] Scaled api-7129 to 2 replicas
2025-11-10 16:57:42 - [SUCCESS] Scaled api-6444 to 8 replicas
2025-11-10 16:57:46 - [SUCCESS] Scaled api-6444 to 5 replicas
2025-11-10 16:57:50 - [SUCCESS] Scaled api-6444 to 2 replicas
2025-11-10 16:57:55 - [SUCCESS] Scaled web-7576 to 3 replicas
2025-11-10 16:57:57 - [SUCCESS] Scaled cache-1850 to 1 replicas
2025-11-10 16:57:59 - [SUCCESS] Scaled web-5368 to 4 replicas
2025-11-10 16:58:01 - [SUCCESS] Scaled worker-8937 to 5 replicas
2025-11-10 16:58:01 - [SUCCESS] Scaled cache-4515 to 6 replicas
2025-11-10 16:58:04 - [SUCCESS] Deployed api-2003 with image nginx:latest (2 replicas)
2025-11-10 16:58:05 - [SUCCESS] Deployed web-2580 with image httpd:latest (4 replicas)
2025-11-10 16:58:07 - [SUCCESS] Scaled db-7279 to 3 replicas
2025-11-10 16:58:10 - [SUCCESS] Scaled db-7279 to 6 replicas
2025-11-10 16:58:11 - [SUCCESS] Scaled cache-5005 to 3 replicas
2025-11-10 16:58:12 - [SUCCESS] Scaled db-7279 to 8 replicas
2025-11-10 16:58:15 - [SUCCESS] Scaled db-7279 to 5 replicas
2025-11-10 16:58:16 - [SUCCESS] Scaled cache-5005 to 6 replicas
2025-11-10 16:58:18 - [SUCCESS] Scaled cache-5005 to 8 replicas
2025-11-10 16:58:19 - [SUCCESS] Scaled db-7279 to 2 replicas
2025-11-10 16:58:23 - [SUCCESS] Scaled cache-5005 to 5 replicas
2025-11-10 16:58:23 - [SUCCESS] Scaled worker-3022 to 5 replicas
2025-11-10 16:58:25 - [SUCCESS] Deployed web-4054 with image nginx:latest (4 replicas)
2025-11-10 16:58:26 - [SUCCESS] Scaled cache-5005 to 2 replicas
2025-11-10 16:58:27 - [SUCCESS] Deployed web-2703 with image httpd:latest (2 replicas)
2025-11-10 16:58:29 - [SUCCESS] Scaled cache-9704 to 3 replicas
2025-11-10 16:58:34 - [SUCCESS] Scaled cache-9704 to 6 replicas
2025-11-10 16:58:36 - [SUCCESS] Scaled cache-9704 to 8 replicas
2025-11-10 16:58:39 - [SUCCESS] Scaled api-9757 to 2 replicas
2025-11-10 16:58:41 - [SUCCESS] Scaled cache-9704 to 5 replicas
2025-11-10 16:58:45 - [SUCCESS] Scaled cache-9704 to 2 replicas
2025-11-10 16:58:52 - [SUCCESS] Scaled worker-1687 to 3 replicas
2025-11-10 16:58:53 - [SUCCESS] Scaled api-9757 to 3 replicas
2025-11-10 16:58:56 - [SUCCESS] Scaled worker-1687 to 6 replicas
2025-11-10 16:58:59 - [SUCCESS] Scaled cache-9704 to 3 replicas
2025-11-10 16:59:01 - [SUCCESS] Scaled worker-1687 to 8 replicas
2025-11-10 16:59:01 - [SUCCESS] Scaled cache-9704 to 6 replicas
2025-11-10 16:59:03 - [SUCCESS] Scaled worker-1687 to 5 replicas
2025-11-10 16:59:05 - [SUCCESS] Scaled cache-9704 to 8 replicas
2025-11-10 16:59:07 - [SUCCESS] Scaled worker-1687 to 2 replicas
2025-11-10 16:59:09 - [SUCCESS] Scaled cache-9704 to 5 replicas
2025-11-10 16:59:13 - [SUCCESS] Scaled worker-2867 to 3 replicas
2025-11-10 16:59:14 - [SUCCESS] Scaled cache-9704 to 2 replicas
2025-11-10 16:59:14 - [SUCCESS] Scaled api-6111 to 2 replicas
2025-11-10 16:59:16 - [SUCCESS] Scaled worker-1950 to 3 replicas
2025-11-10 16:59:20 - [SUCCESS] Scaled worker-1950 to 6 replicas
2025-11-10 16:59:23 - [SUCCESS] Scaled worker-1950 to 8 replicas
2025-11-10 16:59:27 - [SUCCESS] Scaled worker-1950 to 5 replicas
2025-11-10 16:59:31 - [SUCCESS] Scaled web-9196 to 1 replicas
2025-11-10 16:59:32 - [SUCCESS] Scaled worker-1950 to 2 replicas
2025-11-10 16:59:37 - [SUCCESS] Deployed api-6646 with image nginx:latest (4 replicas)
2025-11-10 16:59:40 - [SUCCESS] Scaled db-3728 to 8 replicas
2025-11-10 16:59:42 - [SUCCESS] Scaled web-4245 to 3 replicas
2025-11-10 16:59:45 - [SUCCESS] Scaled api-8135 to 5 replicas
2025-11-10 16:59:45 - [SUCCESS] Scaled web-4245 to 6 replicas
2025-11-10 16:59:50 - [SUCCESS] Scaled web-4245 to 8 replicas
2025-11-10 16:59:55 - [SUCCESS] Scaled web-4245 to 5 replicas
2025-11-10 16:59:58 - [SUCCESS] Scaled web-6392 to 3 replicas
2025-11-10 16:59:59 - [SUCCESS] Scaled web-4245 to 2 replicas
2025-11-10 17:00:02 - [SUCCESS] Scaled web-6392 to 6 replicas
2025-11-10 17:00:03 - [SUCCESS] Scaled web-4054 to 5 replicas
2025-11-10 17:00:05 - [SUCCESS] Scaled cache-3729 to 8 replicas
2025-11-10 17:00:05 - [SUCCESS] Scaled web-6392 to 8 replicas
2025-11-10 17:00:07 - [SUCCESS] Deployed web-2326 with image nginx:latest (3 replicas)
2025-11-10 17:00:09 - [SUCCESS] Scaled db-7698 to 7 replicas
2025-11-10 17:00:10 - [SUCCESS] Scaled web-6392 to 5 replicas
2025-11-10 17:00:12 - [SUCCESS] Deployed cache-1438 with image memcached:latest (2 replicas)
2025-11-10 17:00:13 - [SUCCESS] Scaled web-6392 to 2 replicas
2025-11-10 17:00:13 - [SUCCESS] Scaled cache-9089 to 5 replicas
2025-11-10 17:00:15 - [SUCCESS] Scaled db-6299 to 8 replicas
2025-11-10 17:00:17 - [SUCCESS] Scaled cache-5149 to 3 replicas
2025-11-10 17:00:22 - [SUCCESS] Scaled cache-5149 to 6 replicas
2025-11-10 17:00:26 - [SUCCESS] Scaled cache-5149 to 8 replicas
2025-11-10 17:00:26 - [SUCCESS] Scaled worker-8823 to 6 replicas
2025-11-10 17:00:31 - [SUCCESS] Scaled cache-5149 to 5 replicas
2025-11-10 17:00:34 - [SUCCESS] Scaled cache-5149 to 2 replicas
2025-11-10 17:00:36 - [SUCCESS] Scaled worker-7853 to 1 replicas
2025-11-10 17:00:40 - [SUCCESS] Scaled worker-8823 to 1 replicas
2025-11-10 17:00:42 - [SUCCESS] Scaled api-8085 to 5 replicas
2025-11-10 17:00:43 - [SUCCESS] Deployed worker-9080 with image redis:latest (3 replicas)
2025-11-10 17:00:45 - [SUCCESS] Deployed web-4844 with image httpd:latest (4 replicas)
2025-11-10 17:00:47 - [SUCCESS] Scaled worker-8245 to 3 replicas
2025-11-10 17:00:49 - [SUCCESS] Scaled api-6111 to 2 replicas
2025-11-10 17:00:50 - [SUCCESS] Scaled worker-8245 to 6 replicas
2025-11-10 17:00:54 - [SUCCESS] Scaled worker-8245 to 8 replicas
2025-11-10 17:00:56 - [SUCCESS] Scaled worker-8245 to 5 replicas
2025-11-10 17:00:58 - [SUCCESS] Scaled worker-4167 to 3 replicas
2025-11-10 17:01:00 - [SUCCESS] Scaled worker-8245 to 2 replicas
2025-11-10 17:01:01 - [SUCCESS] Scaled worker-4167 to 6 replicas
2025-11-10 17:01:04 - [SUCCESS] Scaled web-5786 to 3 replicas
2025-11-10 17:01:06 - [SUCCESS] Scaled worker-4167 to 8 replicas
2025-11-10 17:01:07 - [SUCCESS] Scaled web-5786 to 6 replicas
2025-11-10 17:01:09 - [SUCCESS] Scaled worker-4167 to 5 replicas
2025-11-10 17:01:11 - [SUCCESS] Scaled web-5786 to 8 replicas
2025-11-10 17:01:13 - [SUCCESS] Scaled worker-4167 to 2 replicas
2025-11-10 17:01:15 - [SUCCESS] Scaled web-5786 to 5 replicas
2025-11-10 17:01:18 - [SUCCESS] Scaled web-5786 to 2 replicas
2025-11-10 17:01:22 - [SUCCESS] Deployed api-7219 with image httpd:latest (2 replicas)
2025-11-10 17:01:23 - [SUCCESS] Scaled web-5073 to 3 replicas
2025-11-10 17:01:25 - [SUCCESS] Deployed api-3009 with image httpd:latest (2 replicas)
2025-11-10 17:01:26 - [SUCCESS] Deployed cache-8546 with image memcached:latest (2 replicas)
2025-11-10 17:01:28 - [SUCCESS] Deployed web-4718 with image nginx:latest (4 replicas)
2025-11-10 17:01:30 - [SUCCESS] Deployed web-3972 with image nginx:latest (3 replicas)
2025-11-10 17:01:33 - [SUCCESS] Scaled cache-7403 to 8 replicas
2025-11-10 17:01:34 - [SUCCESS] Deployed api-2909 with image nginx:latest (3 replicas)
2025-11-10 17:01:34 - [SUCCESS] Scaled web-7399 to 3 replicas
2025-11-10 17:01:35 - [SUCCESS] Deployed cache-2264 with image redis:latest (6 replicas)
2025-11-10 17:01:38 - [SUCCESS] Scaled web-4681 to 1 replicas
2025-11-10 17:01:38 - [SUCCESS] Scaled web-7399 to 6 replicas
2025-11-10 17:01:39 - [SUCCESS] Scaled web-4718 to 4 replicas
2025-11-10 17:01:41 - [SUCCESS] Scaled web-7399 to 8 replicas
2025-11-10 17:01:42 - [SUCCESS] Scaled cache-1438 to 1 replicas
2025-11-10 17:01:43 - [SUCCESS] Scaled cache-5502 to 4 replicas
2025-11-10 17:01:43 - [SUCCESS] Scaled web-7399 to 5 replicas
2025-11-10 17:01:45 - [SUCCESS] Deployed api-2664 with image nginx:latest (1 replicas)
2025-11-10 17:01:47 - [SUCCESS] Scaled web-7399 to 2 replicas
2025-11-10 17:01:47 - [SUCCESS] Scaled web-4142 to 5 replicas
2025-11-10 17:01:50 - [SUCCESS] Scaled api-5583 to 8 replicas
2025-11-10 17:01:51 - [SUCCESS] Deployed worker-2123 with image redis:latest (3 replicas)
2025-11-10 17:01:54 - [SUCCESS] Deployed api-5412 with image httpd:latest (1 replicas)
2025-11-10 17:01:55 - [SUCCESS] Scaled web-2842 to 6 replicas
2025-11-10 17:01:56 - [SUCCESS] Scaled db-5740 to 3 replicas
2025-11-10 17:01:58 - [SUCCESS] Scaled cache-4357 to 4 replicas
2025-11-10 17:01:59 - [SUCCESS] Scaled cache-6394 to 3 replicas
2025-11-10 17:02:01 - [SUCCESS] Scaled db-5740 to 6 replicas
2025-11-10 17:02:02 - [SUCCESS] Scaled db-9470 to 3 replicas
2025-11-10 17:02:05 - [SUCCESS] Scaled db-5740 to 8 replicas
2025-11-10 17:02:07 - [SUCCESS] Scaled db-9470 to 6 replicas
2025-11-10 17:02:09 - [SUCCESS] Scaled db-5740 to 5 replicas
2025-11-10 17:02:10 - [SUCCESS] Scaled db-9470 to 8 replicas
2025-11-10 17:02:11 - [SUCCESS] Scaled db-5740 to 2 replicas
2025-11-10 17:02:13 - [SUCCESS] Scaled db-9470 to 5 replicas
2025-11-10 17:02:17 - [SUCCESS] Scaled db-9470 to 2 replicas
2025-11-10 17:02:24 - [SUCCESS] Deployed web-1618 with image nginx:latest (2 replicas)
2025-11-10 17:02:26 - [SUCCESS] Scaled db-7279 to 4 replicas
2025-11-10 17:02:29 - [SUCCESS] Scaled cache-6474 to 3 replicas
2025-11-10 17:02:29 - [SUCCESS] Scaled api-5583 to 3 replicas
2025-11-10 17:02:33 - [SUCCESS] Scaled api-5583 to 6 replicas
2025-11-10 17:02:33 - [SUCCESS] Scaled cache-6474 to 6 replicas
2025-11-10 17:02:36 - [SUCCESS] Scaled api-5583 to 8 replicas
2025-11-10 17:02:38 - [SUCCESS] Scaled cache-6474 to 8 replicas
2025-11-10 17:02:41 - [SUCCESS] Scaled api-5583 to 5 replicas
2025-11-10 17:02:41 - [SUCCESS] Scaled cache-6474 to 5 replicas
2025-11-10 17:02:45 - [SUCCESS] Scaled cache-6474 to 2 replicas
2025-11-10 17:02:45 - [SUCCESS] Scaled api-5583 to 2 replicas
2025-11-10 17:02:51 - [SUCCESS] Scaled worker-5287 to 1 replicas
2025-11-10 17:02:53 - [SUCCESS] Scaled web-4597 to 2 replicas
2025-11-10 17:02:56 - [SUCCESS] Scaled api-8126 to 8 replicas
2025-11-10 17:02:57 - [SUCCESS] Scaled api-7219 to 2 replicas
2025-11-10 17:02:59 - [SUCCESS] Scaled api-2003 to 3 replicas
2025-11-10 17:03:00 - [SUCCESS] Deployed worker-3698 with image rabbitmq:latest (3 replicas)
2025-11-10 17:03:01 - [SUCCESS] Scaled api-2003 to 6 replicas
2025-11-10 17:03:03 - [SUCCESS] Deployed web-1278 with image httpd:latest (2 replicas)
2025-11-10 17:03:04 - [SUCCESS] Scaled api-6750 to 4 replicas
2025-11-10 17:03:06 - [SUCCESS] Scaled worker-7853 to 1 replicas
2025-11-10 17:03:06 - [SUCCESS] Scaled api-2003 to 8 replicas
2025-11-10 17:03:07 - [SUCCESS] Deployed cache-2089 with image redis:latest (1 replicas)
2025-11-10 17:03:09 - [SUCCESS] Scaled web-5368 to 7 replicas
2025-11-10 17:03:10 - [SUCCESS] Scaled api-2003 to 5 replicas
2025-11-10 17:03:12 - [SUCCESS] Scaled api-4465 to 7 replicas
2025-11-10 17:03:14 - [SUCCESS] Scaled worker-1788 to 3 replicas
2025-11-10 17:03:15 - [SUCCESS] Scaled api-2003 to 2 replicas
2025-11-10 17:03:16 - [SUCCESS] Scaled web-9184 to 3 replicas
2025-11-10 17:03:18 - [SUCCESS] Scaled cache-4543 to 7 replicas
2025-11-10 17:03:21 - [SUCCESS] Deployed db-7733 with image postgres:latest (1 replicas)
2025-11-10 17:03:22 - [SUCCESS] Scaled cache-6394 to 1 replicas
2025-11-10 17:03:23 - [SUCCESS] Scaled api-2386 to 3 replicas
2025-11-10 17:03:27 - [SUCCESS] Scaled api-2386 to 6 replicas
2025-11-10 17:03:30 - [SUCCESS] Scaled api-2386 to 8 replicas
2025-11-10 17:03:31 - [SUCCESS] Scaled web-6550 to 4 replicas
2025-11-10 17:03:34 - [SUCCESS] Scaled api-2386 to 5 replicas
2025-11-10 17:03:37 - [SUCCESS] Scaled api-2386 to 2 replicas
2025-11-10 17:03:41 - [SUCCESS] Scaled worker-4583 to 2 replicas
2025-11-10 17:03:42 - [SUCCESS] Scaled db-5163 to 5 replicas
2025-11-10 17:03:44 - [SUCCESS] Deployed db-5625 with image mongo:latest (1 replicas)
2025-11-10 17:03:45 - [SUCCESS] Scaled worker-1681 to 3 replicas
2025-11-10 17:03:48 - [SUCCESS] Scaled worker-1681 to 6 replicas
2025-11-10 17:03:51 - [SUCCESS] Scaled worker-1681 to 8 replicas
2025-11-10 17:03:52 - [SUCCESS] Scaled web-5830 to 3 replicas
2025-11-10 17:03:54 - [SUCCESS] Scaled worker-1681 to 5 replicas
2025-11-10 17:03:56 - [SUCCESS] Scaled worker-1681 to 2 replicas
2025-11-10 17:03:56 - [SUCCESS] Scaled web-5830 to 6 replicas
2025-11-10 17:04:01 - [SUCCESS] Scaled web-5830 to 8 replicas
2025-11-10 17:04:02 - [SUCCESS] Scaled worker-8383 to 1 replicas
2025-11-10 17:04:04 - [SUCCESS] Deployed api-2969 with image httpd:latest (4 replicas)
2025-11-10 17:04:05 - [SUCCESS] Scaled web-5830 to 5 replicas
2025-11-10 17:04:06 - [SUCCESS] Scaled cache-2557 to 6 replicas
2025-11-10 17:04:08 - [SUCCESS] Scaled cache-1697 to 4 replicas
2025-11-10 17:04:09 - [SUCCESS] Scaled web-5830 to 2 replicas
2025-11-10 17:04:10 - [SUCCESS] Deployed db-7389 with image mysql:latest (2 replicas)
2025-11-10 17:04:12 - [SUCCESS] Scaled web-2232 to 5 replicas
2025-11-10 17:04:14 - [SUCCESS] Scaled api-4465 to 6 replicas
2025-11-10 17:04:16 - [SUCCESS] Scaled db-6623 to 1 replicas
2025-11-10 17:04:18 - [SUCCESS] Scaled cache-9898 to 4 replicas
2025-11-10 17:04:18 - [SUCCESS] Scaled web-4850 to 3 replicas
2025-11-10 17:04:20 - [SUCCESS] Deployed api-3070 with image httpd:latest (1 replicas)
2025-11-10 17:04:21 - [SUCCESS] Scaled web-4850 to 6 replicas
2025-11-10 17:04:22 - [SUCCESS] Deployed db-2607 with image mongo:latest (2 replicas)
2025-11-10 17:04:23 - [SUCCESS] Scaled web-4850 to 8 replicas
2025-11-10 17:04:25 - [SUCCESS] Scaled api-3005 to 3 replicas
2025-11-10 17:04:25 - [SUCCESS] Scaled web-4850 to 5 replicas
2025-11-10 17:04:28 - [SUCCESS] Scaled api-3005 to 6 replicas
2025-11-10 17:04:29 - [SUCCESS] Scaled web-4850 to 2 replicas
2025-11-10 17:04:32 - [SUCCESS] Scaled api-3005 to 8 replicas
2025-11-10 17:04:34 - [SUCCESS] Scaled api-3005 to 5 replicas
2025-11-10 17:04:38 - [SUCCESS] Scaled api-3005 to 2 replicas
2025-11-10 17:04:42 - [SUCCESS] Scaled web-1907 to 3 replicas
2025-11-10 17:04:45 - [SUCCESS] Scaled api-1999 to 2 replicas
2025-11-10 17:04:46 - [SUCCESS] Scaled web-1907 to 6 replicas
2025-11-10 17:04:46 - [SUCCESS] Scaled db-6562 to 8 replicas
2025-11-10 17:04:48 - [SUCCESS] Scaled db-2607 to 2 replicas
2025-11-10 17:04:50 - [SUCCESS] Deployed web-5132 with image nginx:latest (3 replicas)
2025-11-10 17:04:51 - [SUCCESS] Scaled web-1907 to 8 replicas
2025-11-10 17:04:53 - [SUCCESS] Deployed cache-9778 with image redis:latest (2 replicas)
2025-11-10 17:04:55 - [SUCCESS] Scaled web-1907 to 5 replicas
2025-11-10 17:04:55 - [SUCCESS] Scaled cache-5005 to 6 replicas
2025-11-10 17:04:57 - [SUCCESS] Scaled api-2003 to 8 replicas
2025-11-10 17:04:59 - [SUCCESS] Scaled web-1907 to 2 replicas
2025-11-10 17:04:59 - [SUCCESS] Deployed db-1911 with image mysql:latest (2 replicas)
2025-11-10 17:05:02 - [SUCCESS] Deployed worker-4981 with image rabbitmq:latest (2 replicas)
2025-11-10 17:05:04 - [SUCCESS] Scaled api-4030 to 1 replicas
2025-11-10 17:05:07 - [SUCCESS] Scaled worker-9787 to 7 replicas
2025-11-10 17:05:08 - [SUCCESS] Scaled web-4597 to 1 replicas
2025-11-10 17:05:10 - [SUCCESS] Scaled web-2321 to 7 replicas
2025-11-10 17:05:11 - [SUCCESS] Scaled api-9407 to 6 replicas
2025-11-10 17:05:11 - [SUCCESS] Deployed web-9473 with image httpd:latest (3 replicas)
2025-11-10 17:05:13 - [SUCCESS] Scaled api-4465 to 3 replicas
2025-11-10 17:05:15 - [SUCCESS] Scaled api-4465 to 6 replicas
2025-11-10 17:05:18 - [SUCCESS] Scaled web-5812 to 6 replicas
2025-11-10 17:05:20 - [SUCCESS] Scaled api-4465 to 8 replicas
2025-11-10 17:05:24 - [SUCCESS] Scaled api-4465 to 5 replicas
2025-11-10 17:05:28 - [SUCCESS] Scaled api-4465 to 2 replicas
2025-11-10 17:05:28 - [SUCCESS] Scaled db-5868 to 2 replicas
2025-11-10 17:05:36 - [SUCCESS] Scaled api-4820 to 1 replicas
2025-11-10 17:05:36 - [SUCCESS] Scaled api-9497 to 6 replicas
2025-11-10 17:05:37 - [SUCCESS] Scaled worker-3629 to 3 replicas
2025-11-10 17:05:40 - [SUCCESS] Scaled worker-3629 to 6 replicas
2025-11-10 17:05:44 - [SUCCESS] Scaled db-2737 to 3 replicas
2025-11-10 17:05:45 - [SUCCESS] Scaled worker-3629 to 8 replicas
2025-11-10 17:05:47 - [SUCCESS] Scaled db-2737 to 6 replicas
2025-11-10 17:05:48 - [SUCCESS] Scaled worker-3629 to 5 replicas
2025-11-10 17:05:51 - [SUCCESS] Scaled worker-3629 to 2 replicas
2025-11-10 17:05:51 - [SUCCESS] Scaled db-2737 to 8 replicas
2025-11-10 17:05:56 - [SUCCESS] Scaled db-2737 to 5 replicas
2025-11-10 17:05:57 - [SUCCESS] Scaled api-3050 to 3 replicas
2025-11-10 17:05:59 - [SUCCESS] Scaled db-2737 to 2 replicas
2025-11-10 17:06:01 - [SUCCESS] Scaled api-3050 to 6 replicas
2025-11-10 17:06:05 - [SUCCESS] Scaled api-3050 to 8 replicas
2025-11-10 17:06:09 - [SUCCESS] Scaled api-3050 to 5 replicas
2025-11-10 17:06:11 - [SUCCESS] Scaled web-9235 to 2 replicas
2025-11-10 17:06:14 - [SUCCESS] Scaled api-3050 to 2 replicas
2025-11-10 17:06:19 - [SUCCESS] Deployed db-8352 with image mongo:latest (3 replicas)
2025-11-10 17:06:20 - [SUCCESS] Scaled web-2232 to 3 replicas
2025-11-10 17:06:20 - [SUCCESS] Deployed cache-5710 with image redis:latest (2 replicas)
2025-11-10 17:06:22 - [SUCCESS] Deployed worker-5639 with image rabbitmq:latest (1 replicas)
2025-11-10 17:06:25 - [SUCCESS] Scaled cache-2089 to 3 replicas
2025-11-10 17:06:25 - [SUCCESS] Scaled web-2232 to 6 replicas
2025-11-10 17:06:26 - [SUCCESS] Scaled db-2817 to 3 replicas
2025-11-10 17:06:29 - [SUCCESS] Scaled web-2232 to 8 replicas
2025-11-10 17:06:31 - [SUCCESS] Scaled db-2817 to 6 replicas
2025-11-10 17:06:32 - [SUCCESS] Scaled web-2232 to 5 replicas
2025-11-10 17:06:34 - [SUCCESS] Scaled db-2817 to 8 replicas
2025-11-10 17:06:35 - [SUCCESS] Scaled web-2232 to 2 replicas
2025-11-10 17:06:37 - [SUCCESS] Scaled db-2817 to 5 replicas
2025-11-10 17:06:42 - [SUCCESS] Scaled db-2817 to 2 replicas
2025-11-10 17:06:45 - [SUCCESS] Scaled cache-9898 to 1 replicas
2025-11-10 17:06:47 - [SUCCESS] Deployed api-5968 with image nginx:latest (1 replicas)
2025-11-10 17:06:50 - [SUCCESS] Scaled db-2737 to 6 replicas
2025-11-10 17:06:52 - [SUCCESS] Scaled web-4064 to 5 replicas
2025-11-10 17:06:54 - [SUCCESS] Deployed worker-4796 with image redis:latest (3 replicas)
2025-11-10 17:06:56 - [SUCCESS] Scaled web-2321 to 4 replicas
2025-11-10 17:06:57 - [SUCCESS] Scaled db-8129 to 8 replicas
2025-11-10 17:06:59 - [SUCCESS] Deployed db-9443 with image mongo:latest (4 replicas)
2025-11-10 17:07:01 - [SUCCESS] Scaled db-8352 to 7 replicas
2025-11-10 17:07:02 - [SUCCESS] Scaled web-3947 to 2 replicas
2025-11-10 17:07:03 - [SUCCESS] Deployed api-9646 with image httpd:latest (3 replicas)
2025-11-10 17:07:06 - [SUCCESS] Scaled db-2912 to 3 replicas
2025-11-10 17:07:08 - [SUCCESS] Scaled cache-6895 to 4 replicas
2025-11-10 17:07:10 - [SUCCESS] Scaled api-8085 to 5 replicas
2025-11-10 17:07:13 - [SUCCESS] Deployed db-8686 with image postgres:latest (6 replicas)
2025-11-10 17:07:14 - [SUCCESS] Scaled db-5163 to 2 replicas
2025-11-10 17:07:16 - [SUCCESS] Scaled web-6790 to 2 replicas
2025-11-10 17:07:18 - [SUCCESS] Scaled db-1148 to 6 replicas
2025-11-10 17:07:20 - [SUCCESS] Scaled cache-6394 to 8 replicas
2025-11-10 17:07:22 - [SUCCESS] Scaled api-7274 to 5 replicas
2025-11-10 17:07:24 - [SUCCESS] Deployed api-7501 with image nginx:latest (1 replicas)
2025-11-10 17:07:25 - [SUCCESS] Scaled cache-5027 to 5 replicas
2025-11-10 17:07:27 - [SUCCESS] Deployed db-6973 with image postgres:latest (2 replicas)
2025-11-10 17:07:30 - [SUCCESS] Scaled api-3500 to 1 replicas
2025-11-10 17:07:31 - [SUCCESS] Scaled api-6646 to 1 replicas
2025-11-10 17:07:33 - [SUCCESS] Scaled cache-7420 to 4 replicas
2025-11-10 17:07:34 - [SUCCESS] Scaled db-1148 to 6 replicas
2025-11-10 17:07:35 - [SUCCESS] Deployed api-3616 with image httpd:latest (3 replicas)
2025-11-10 17:07:37 - [SUCCESS] Deployed web-4715 with image nginx:latest (2 replicas)
2025-11-10 17:07:38 - [SUCCESS] Scaled cache-6394 to 4 replicas
2025-11-10 17:07:40 - [SUCCESS] Scaled worker-5287 to 6 replicas
2025-11-10 17:07:42 - [SUCCESS] Scaled api-1835 to 3 replicas
2025-11-10 17:07:45 - [SUCCESS] Deployed worker-8679 with image redis:latest (2 replicas)
2025-11-10 17:07:47 - [SUCCESS] Deployed db-6983 with image mysql:latest (3 replicas)
2025-11-10 17:07:49 - [SUCCESS] Scaled cache-9089 to 1 replicas
2025-11-10 17:07:51 - [SUCCESS] Scaled web-3205 to 4 replicas
2025-11-10 17:07:52 - [SUCCESS] Scaled web-7676 to 6 replicas
2025-11-10 17:07:52 - [SUCCESS] Deployed api-2422 with image httpd:latest (3 replicas)
2025-11-10 17:07:54 - [SUCCESS] Deployed web-4799 with image httpd:latest (1 replicas)
2025-11-10 17:07:56 - [SUCCESS] Scaled web-1131 to 8 replicas
2025-11-10 17:07:59 - [SUCCESS] Deployed web-7227 with image httpd:latest (1 replicas)
2025-11-10 17:08:01 - [SUCCESS] Scaled web-2703 to 8 replicas
2025-11-10 17:08:02 - [SUCCESS] Deployed cache-2895 with image redis:latest (3 replicas)
2025-11-10 17:08:04 - [SUCCESS] Scaled web-4952 to 3 replicas
2025-11-10 17:08:05 - [SUCCESS] Scaled web-4253 to 3 replicas
2025-11-10 17:08:07 - [SUCCESS] Scaled web-4952 to 6 replicas
2025-11-10 17:08:09 - [SUCCESS] Scaled web-4253 to 6 replicas
2025-11-10 17:08:11 - [SUCCESS] Scaled web-4952 to 8 replicas
2025-11-10 17:08:12 - [SUCCESS] Scaled web-4253 to 8 replicas
2025-11-10 17:08:16 - [SUCCESS] Scaled web-4952 to 5 replicas
2025-11-10 17:08:17 - [SUCCESS] Scaled web-4253 to 5 replicas
2025-11-10 17:08:19 - [SUCCESS] Scaled web-4952 to 2 replicas
2025-11-10 17:08:20 - [SUCCESS] Scaled web-4253 to 2 replicas
2025-11-10 17:08:24 - [SUCCESS] Deployed db-3131 with image mysql:latest (4 replicas)
2025-11-10 17:08:27 - [SUCCESS] Scaled worker-9080 to 3 replicas
2025-11-10 17:08:27 - [SUCCESS] Scaled api-8085 to 3 replicas
2025-11-10 17:08:30 - [SUCCESS] Scaled worker-9080 to 6 replicas
2025-11-10 17:08:32 - [SUCCESS] Scaled api-8085 to 6 replicas
2025-11-10 17:08:35 - [SUCCESS] Scaled worker-9080 to 8 replicas
2025-11-10 17:08:36 - [SUCCESS] Scaled api-8085 to 8 replicas
2025-11-10 17:08:37 - [SUCCESS] Scaled worker-9080 to 5 replicas
2025-11-10 17:08:40 - [SUCCESS] Scaled api-8085 to 5 replicas
2025-11-10 17:08:41 - [SUCCESS] Scaled worker-9080 to 2 replicas
2025-11-10 17:08:42 - [SUCCESS] Scaled api-8085 to 2 replicas
2025-11-10 17:08:47 - [SUCCESS] Scaled cache-8546 to 2 replicas
2025-11-10 17:08:49 - [SUCCESS] Deployed worker-2147 with image rabbitmq:latest (2 replicas)
2025-11-10 17:08:51 - [SUCCESS] Scaled api-6444 to 6 replicas
2025-11-10 17:08:54 - [SUCCESS] Scaled worker-1923 to 2 replicas
2025-11-10 17:08:55 - [SUCCESS] Scaled api-2969 to 4 replicas
2025-11-10 17:08:56 - [SUCCESS] Scaled web-2813 to 1 replicas
2025-11-10 17:08:58 - [SUCCESS] Scaled web-4715 to 4 replicas
2025-11-10 17:09:01 - [SUCCESS] Deployed worker-2258 with image rabbitmq:latest (3 replicas)
2025-11-10 17:09:02 - [SUCCESS] Scaled worker-8823 to 4 replicas
2025-11-10 17:09:04 - [SUCCESS] Scaled web-4054 to 3 replicas
2025-11-10 17:09:05 - [SUCCESS] Scaled api-9757 to 1 replicas
2025-11-10 17:09:06 - [SUCCESS] Scaled web-4054 to 6 replicas
2025-11-10 17:09:08 - [SUCCESS] Deployed web-9106 with image httpd:latest (2 replicas)
2025-11-10 17:09:10 - [SUCCESS] Deployed web-6437 with image httpd:latest (1 replicas)
2025-11-10 17:09:11 - [SUCCESS] Scaled web-4054 to 8 replicas
2025-11-10 17:09:13 - [SUCCESS] Scaled web-1278 to 5 replicas
2025-11-10 17:09:14 - [SUCCESS] Scaled web-4054 to 5 replicas
2025-11-10 17:09:15 - [SUCCESS] Scaled cache-5502 to 8 replicas
2025-11-10 17:09:16 - [SUCCESS] Scaled cache-3855 to 3 replicas
2025-11-10 17:09:17 - [SUCCESS] Scaled web-4054 to 2 replicas
2025-11-10 17:09:19 - [SUCCESS] Scaled web-5132 to 4 replicas
2025-11-10 17:09:20 - [SUCCESS] Scaled web-8712 to 3 replicas
2025-11-10 17:09:23 - [SUCCESS] Scaled web-8712 to 6 replicas
2025-11-10 17:09:27 - [SUCCESS] Scaled db-8207 to 6 replicas
2025-11-10 17:09:27 - [SUCCESS] Scaled web-8712 to 8 replicas
2025-11-10 17:09:31 - [SUCCESS] Scaled web-8712 to 5 replicas
2025-11-10 17:09:34 - [SUCCESS] Scaled web-8712 to 2 replicas
2025-11-10 17:09:35 - [SUCCESS] Scaled api-3831 to 2 replicas
2025-11-10 17:09:40 - [SUCCESS] Deployed api-6028 with image nginx:latest (3 replicas)
2025-11-10 17:09:41 - [SUCCESS] Scaled worker-2123 to 6 replicas
2025-11-10 17:09:44 - [SUCCESS] Deployed cache-2893 with image redis:latest (3 replicas)
2025-11-10 17:09:44 - [SUCCESS] Scaled web-4715 to 5 replicas
2025-11-10 17:09:47 - [SUCCESS] Deployed web-4450 with image nginx:latest (2 replicas)
2025-11-10 17:09:49 - [SUCCESS] Deployed web-3623 with image nginx:latest (2 replicas)
2025-11-10 17:09:52 - [SUCCESS] Deployed api-5597 with image nginx:latest (2 replicas)
2025-11-10 17:09:52 - [SUCCESS] Scaled cache-5710 to 3 replicas
2025-11-10 17:09:54 - [SUCCESS] Scaled cache-5710 to 6 replicas
2025-11-10 17:09:54 - [SUCCESS] Scaled worker-1950 to 7 replicas
2025-11-10 17:09:56 - [SUCCESS] Deployed db-4717 with image postgres:latest (1 replicas)
2025-11-10 17:09:59 - [SUCCESS] Scaled cache-5710 to 8 replicas
2025-11-10 17:09:59 - [SUCCESS] Deployed db-8696 with image postgres:latest (4 replicas)
2025-11-10 17:10:01 - [SUCCESS] Scaled web-6566 to 4 replicas
2025-11-10 17:10:01 - [SUCCESS] Scaled cache-5710 to 5 replicas
2025-11-10 17:10:02 - [SUCCESS] Scaled worker-4853 to 6 replicas
2025-11-10 17:10:04 - [SUCCESS] Scaled cache-5710 to 2 replicas
2025-11-10 17:10:05 - [SUCCESS] Scaled cache-3576 to 1 replicas
2025-11-10 17:10:06 - [SUCCESS] Deployed cache-4743 with image memcached:latest (3 replicas)
2025-11-10 17:10:09 - [SUCCESS] Deployed cache-7389 with image redis:latest (2 replicas)
2025-11-10 17:10:12 - [SUCCESS] Deployed cache-2631 with image memcached:latest (4 replicas)
2025-11-10 17:10:14 - [SUCCESS] Scaled web-4844 to 1 replicas
2025-11-10 17:10:16 - [SUCCESS] Deployed web-8256 with image httpd:latest (2 replicas)
2025-11-10 17:10:18 - [SUCCESS] Scaled worker-2867 to 3 replicas
2025-11-10 17:10:22 - [SUCCESS] Scaled worker-2867 to 6 replicas
2025-11-10 17:10:23 - [SUCCESS] Scaled api-4465 to 3 replicas
2025-11-10 17:10:25 - [SUCCESS] Scaled worker-2867 to 8 replicas
2025-11-10 17:10:28 - [SUCCESS] Scaled worker-2867 to 5 replicas
2025-11-10 17:10:31 - [SUCCESS] Scaled worker-2867 to 2 replicas
2025-11-10 17:10:34 - [SUCCESS] Scaled api-2003 to 2 replicas
2025-11-10 17:10:36 - [SUCCESS] Scaled cache-2893 to 3 replicas
2025-11-10 17:10:40 - [SUCCESS] Scaled cache-2893 to 6 replicas
2025-11-10 17:10:43 - [SUCCESS] Scaled web-4656 to 1 replicas
2025-11-10 17:10:45 - [SUCCESS] Scaled cache-2893 to 8 replicas
2025-11-10 17:10:47 - [SUCCESS] Scaled cache-2893 to 5 replicas
2025-11-10 17:10:51 - [SUCCESS] Scaled cache-2893 to 2 replicas
2025-11-10 17:10:57 - [SUCCESS] Scaled worker-8071 to 2 replicas
2025-11-10 17:10:57 - [SUCCESS] Scaled api-3050 to 3 replicas
2025-11-10 17:11:00 - [SUCCESS] Scaled web-9235 to 7 replicas
2025-11-10 17:11:02 - [SUCCESS] Deployed worker-7140 with image rabbitmq:latest (2 replicas)
2025-11-10 17:11:05 - [SUCCESS] Scaled web-5379 to 3 replicas
2025-11-10 17:11:09 - [SUCCESS] Scaled web-4850 to 3 replicas
2025-11-10 17:11:09 - [SUCCESS] Scaled web-5379 to 6 replicas
2025-11-10 17:11:13 - [SUCCESS] Scaled web-4850 to 6 replicas
2025-11-10 17:11:14 - [SUCCESS] Scaled web-5379 to 8 replicas
2025-11-10 17:11:17 - [SUCCESS] Scaled web-4850 to 8 replicas
2025-11-10 17:11:18 - [SUCCESS] Scaled web-5379 to 5 replicas
2025-11-10 17:11:20 - [SUCCESS] Scaled web-4850 to 5 replicas
2025-11-10 17:11:21 - [SUCCESS] Scaled web-5379 to 2 replicas
2025-11-10 17:11:25 - [SUCCESS] Scaled web-4850 to 2 replicas
2025-11-10 17:11:25 - [SUCCESS] Deployed web-8406 with image httpd:latest (4 replicas)
2025-11-10 17:11:27 - [SUCCESS] Deployed api-2273 with image nginx:latest (4 replicas)
2025-11-10 17:11:29 - [SUCCESS] Deployed api-4588 with image nginx:latest (2 replicas)
2025-11-10 17:11:31 - [SUCCESS] Scaled web-2232 to 3 replicas
2025-11-10 17:11:34 - [SUCCESS] Scaled worker-4748 to 3 replicas
2025-11-10 17:11:35 - [SUCCESS] Scaled web-2232 to 6 replicas
2025-11-10 17:11:38 - [SUCCESS] Scaled web-2232 to 8 replicas
2025-11-10 17:11:39 - [SUCCESS] Scaled worker-4748 to 6 replicas
2025-11-10 17:11:41 - [SUCCESS] Scaled web-2232 to 5 replicas
2025-11-10 17:11:42 - [SUCCESS] Scaled worker-4748 to 8 replicas
2025-11-10 17:11:44 - [SUCCESS] Scaled web-2232 to 2 replicas
2025-11-10 17:11:47 - [SUCCESS] Scaled worker-4748 to 5 replicas
2025-11-10 17:11:49 - [SUCCESS] Scaled worker-4748 to 2 replicas
2025-11-10 17:11:50 - [SUCCESS] Scaled api-5015 to 6 replicas
2025-11-10 17:11:52 - [SUCCESS] Scaled db-5163 to 1 replicas
2025-11-10 17:11:54 - [SUCCESS] Deployed api-4785 with image httpd:latest (1 replicas)
2025-11-10 17:11:56 - [SUCCESS] Scaled cache-5936 to 3 replicas
2025-11-10 17:12:00 - [SUCCESS] Scaled cache-5936 to 6 replicas
2025-11-10 17:12:02 - [SUCCESS] Scaled cache-5936 to 8 replicas
2025-11-10 17:12:03 - [SUCCESS] Scaled web-8256 to 3 replicas
2025-11-10 17:12:06 - [SUCCESS] Scaled cache-5936 to 5 replicas
2025-11-10 17:12:11 - [SUCCESS] Scaled cache-5936 to 2 replicas
2025-11-10 17:12:13 - [SUCCESS] Scaled api-6037 to 3 replicas
2025-11-10 17:12:15 - [SUCCESS] Scaled web-4179 to 1 replicas
2025-11-10 17:12:18 - [SUCCESS] Deployed worker-4018 with image rabbitmq:latest (2 replicas)
2025-11-10 17:12:20 - [SUCCESS] Scaled db-3728 to 3 replicas
2025-11-10 17:12:23 - [SUCCESS] Scaled web-7399 to 4 replicas
2025-11-10 17:12:24 - [SUCCESS] Scaled db-3728 to 6 replicas
2025-11-10 17:12:29 - [SUCCESS] Scaled db-3728 to 8 replicas
2025-11-10 17:12:31 - [SUCCESS] Scaled db-3728 to 5 replicas
2025-11-10 17:12:36 - [SUCCESS] Scaled db-3728 to 2 replicas
2025-11-10 17:12:36 - [SUCCESS] Scaled api-5412 to 2 replicas
2025-11-10 17:12:40 - [SUCCESS] Deployed db-9486 with image mongo:latest (4 replicas)
2025-11-10 17:12:42 - [SUCCESS] Deployed api-2999 with image httpd:latest (4 replicas)
2025-11-10 17:12:44 - [SUCCESS] Scaled web-5368 to 5 replicas
2025-11-10 17:12:45 - [SUCCESS] Scaled db-8129 to 5 replicas
2025-11-10 17:12:47 - [SUCCESS] Scaled worker-6737 to 4 replicas
2025-11-10 17:12:50 - [SUCCESS] Deployed db-5562 with image mongo:latest (3 replicas)
2025-11-10 17:12:50 - [SUCCESS] Scaled db-5625 to 2 replicas
2025-11-10 17:12:52 - [SUCCESS] Scaled web-6437 to 6 replicas
2025-11-10 17:12:54 - [SUCCESS] Deployed web-7582 with image nginx:latest (2 replicas)
2025-11-10 17:12:56 - [SUCCESS] Deployed cache-3436 with image memcached:latest (2 replicas)
2025-11-10 17:12:57 - [SUCCESS] Deployed cache-2719 with image memcached:latest (2 replicas)
2025-11-10 17:13:00 - [SUCCESS] Scaled web-7576 to 4 replicas
2025-11-10 17:13:00 - [SUCCESS] Deployed db-5555 with image postgres:latest (2 replicas)
2025-11-10 17:13:02 - [SUCCESS] Scaled cache-9898 to 7 replicas
2025-11-10 17:13:04 - [SUCCESS] Scaled web-2196 to 3 replicas
2025-11-10 17:13:07 - [SUCCESS] Scaled web-2196 to 6 replicas
2025-11-10 17:13:08 - [SUCCESS] Scaled web-9184 to 5 replicas
2025-11-10 17:13:11 - [SUCCESS] Scaled web-2196 to 8 replicas
2025-11-10 17:13:13 - [SUCCESS] Scaled web-2196 to 5 replicas
2025-11-10 17:13:17 - [SUCCESS] Scaled api-5520 to 6 replicas
2025-11-10 17:13:18 - [SUCCESS] Scaled web-2196 to 2 replicas
2025-11-10 17:13:24 - [SUCCESS] Scaled web-1618 to 1 replicas
2025-11-10 17:13:25 - [SUCCESS] Deployed cache-8000 with image redis:latest (3 replicas)
2025-11-10 17:13:27 - [SUCCESS] Deployed api-3002 with image nginx:latest (3 replicas)
2025-11-10 17:13:30 - [SUCCESS] Deployed web-6970 with image httpd:latest (3 replicas)
2025-11-10 17:13:33 - [SUCCESS] Scaled api-2776 to 2 replicas
2025-11-10 17:13:34 - [SUCCESS] Scaled web-4844 to 1 replicas
2025-11-10 17:13:35 - [SUCCESS] Scaled api-4544 to 1 replicas
2025-11-10 17:13:35 - [SUCCESS] Deployed cache-6305 with image memcached:latest (1 replicas)
2025-11-10 17:13:36 - [SUCCESS] Scaled worker-8383 to 3 replicas
2025-11-10 17:13:38 - [SUCCESS] Deployed api-1309 with image httpd:latest (2 replicas)
2025-11-10 17:13:39 - [SUCCESS] Deployed cache-2811 with image redis:latest (4 replicas)
2025-11-10 17:13:40 - [SUCCESS] Scaled web-8477 to 6 replicas
2025-11-10 17:13:41 - [SUCCESS] Scaled api-9497 to 3 replicas
2025-11-10 17:13:44 - [SUCCESS] Scaled api-9497 to 6 replicas
2025-11-10 17:13:47 - [SUCCESS] Scaled api-9497 to 8 replicas
2025-11-10 17:13:49 - [SUCCESS] Scaled api-9497 to 5 replicas
2025-11-10 17:13:53 - [SUCCESS] Scaled api-3500 to 4 replicas
2025-11-10 17:13:54 - [SUCCESS] Scaled api-9497 to 2 replicas
2025-11-10 17:14:00 - [SUCCESS] Deployed web-6466 with image nginx:latest (3 replicas)
2025-11-10 17:14:02 - [SUCCESS] Scaled worker-9926 to 3 replicas
2025-11-10 17:14:02 - [SUCCESS] Scaled api-4785 to 5 replicas
2025-11-10 17:14:03 - [SUCCESS] Scaled cache-6305 to 2 replicas
2025-11-10 17:14:04 - [SUCCESS] Scaled worker-9926 to 6 replicas
2025-11-10 17:14:05 - [SUCCESS] Scaled web-3205 to 3 replicas
2025-11-10 17:14:08 - [SUCCESS] Scaled web-3205 to 6 replicas
2025-11-10 17:14:09 - [SUCCESS] Scaled worker-9926 to 8 replicas
2025-11-10 17:14:11 - [SUCCESS] Scaled web-3205 to 8 replicas
2025-11-10 17:14:11 - [SUCCESS] Scaled worker-9926 to 5 replicas
2025-11-10 17:14:15 - [SUCCESS] Scaled worker-9926 to 2 replicas
2025-11-10 17:14:15 - [SUCCESS] Scaled web-3205 to 5 replicas
2025-11-10 17:14:20 - [SUCCESS] Scaled web-3205 to 2 replicas
2025-11-10 17:14:24 - [SUCCESS] Scaled cache-4648 to 7 replicas
2025-11-10 17:14:27 - [SUCCESS] Deployed web-1629 with image httpd:latest (5 replicas)
2025-11-10 17:14:29 - [SUCCESS] Scaled cache-5502 to 2 replicas
2025-11-10 17:14:30 - [SUCCESS] Scaled web-7227 to 7 replicas
2025-11-10 17:14:32 - [SUCCESS] Scaled cache-6895 to 7 replicas
2025-11-10 17:14:34 - [SUCCESS] Deployed api-3705 with image httpd:latest (2 replicas)
2025-11-10 17:14:37 - [SUCCESS] Scaled db-2737 to 3 replicas
2025-11-10 17:14:37 - [SUCCESS] Scaled cache-2698 to 3 replicas
2025-11-10 17:14:40 - [SUCCESS] Scaled db-2737 to 6 replicas
2025-11-10 17:14:42 - [SUCCESS] Scaled cache-2698 to 6 replicas
2025-11-10 17:14:44 - [SUCCESS] Scaled db-2737 to 8 replicas
2025-11-10 17:14:44 - [SUCCESS] Scaled cache-2698 to 8 replicas
2025-11-10 17:14:48 - [SUCCESS] Scaled cache-2698 to 5 replicas
2025-11-10 17:14:49 - [SUCCESS] Scaled db-2737 to 5 replicas
2025-11-10 17:14:52 - [SUCCESS] Scaled db-2737 to 2 replicas
2025-11-10 17:14:53 - [SUCCESS] Scaled cache-2698 to 2 replicas
2025-11-10 17:14:59 - [SUCCESS] Deployed db-8966 with image mysql:latest (1 replicas)
2025-11-10 17:15:01 - [SUCCESS] Scaled db-6028 to 6 replicas
2025-11-10 17:15:03 - [SUCCESS] Scaled cache-6482 to 6 replicas
2025-11-10 17:15:04 - [SUCCESS] Deployed cache-6085 with image memcached:latest (4 replicas)
2025-11-10 17:15:07 - [SUCCESS] Scaled web-4450 to 3 replicas
2025-11-10 17:15:07 - [SUCCESS] Scaled api-3050 to 8 replicas
2025-11-10 17:15:08 - [SUCCESS] Deployed cache-4667 with image redis:latest (3 replicas)
2025-11-10 17:15:11 - [SUCCESS] Scaled cache-5936 to 3 replicas
2025-11-10 17:15:12 - [SUCCESS] Scaled web-4450 to 6 replicas
2025-11-10 17:15:14 - [SUCCESS] Scaled cache-5936 to 6 replicas
2025-11-10 17:15:17 - [SUCCESS] Scaled web-4450 to 8 replicas
2025-11-10 17:15:18 - [SUCCESS] Scaled cache-5936 to 8 replicas
2025-11-10 17:15:21 - [SUCCESS] Scaled web-4450 to 5 replicas
2025-11-10 17:15:21 - [SUCCESS] Scaled cache-5936 to 5 replicas
2025-11-10 17:15:24 - [SUCCESS] Scaled cache-5936 to 2 replicas
2025-11-10 17:15:26 - [SUCCESS] Scaled web-4450 to 2 replicas
2025-11-10 17:15:30 - [SUCCESS] Scaled web-8406 to 3 replicas
2025-11-10 17:15:32 - [SUCCESS] Scaled api-6028 to 5 replicas
2025-11-10 17:15:34 - [SUCCESS] Scaled cache-2291 to 3 replicas
2025-11-10 17:15:38 - [SUCCESS] Scaled cache-2291 to 6 replicas
2025-11-10 17:15:40 - [SUCCESS] Scaled worker-8245 to 3 replicas
2025-11-10 17:15:43 - [SUCCESS] Scaled cache-2291 to 8 replicas
2025-11-10 17:15:44 - [SUCCESS] Scaled worker-8245 to 6 replicas
2025-11-10 17:15:46 - [SUCCESS] Scaled worker-8245 to 8 replicas
2025-11-10 17:15:47 - [SUCCESS] Scaled cache-2291 to 5 replicas
2025-11-10 17:15:50 - [SUCCESS] Scaled worker-8245 to 5 replicas
2025-11-10 17:15:52 - [SUCCESS] Scaled cache-2291 to 2 replicas
2025-11-10 17:15:53 - [SUCCESS] Scaled worker-8245 to 2 replicas
2025-11-10 17:15:58 - [SUCCESS] Deployed worker-7252 with image redis:latest (3 replicas)
2025-11-10 17:15:59 - [SUCCESS] Scaled api-6444 to 3 replicas
2025-11-10 17:16:01 - [SUCCESS] Scaled db-3366 to 6 replicas
2025-11-10 17:16:03 - [SUCCESS] Deployed cache-5855 with image redis:latest (4 replicas)
2025-11-10 17:16:05 - [SUCCESS] Scaled api-9497 to 3 replicas
2025-11-10 17:16:06 - [SUCCESS] Scaled db-9345 to 6 replicas
2025-11-10 17:16:07 - [SUCCESS] Scaled api-9497 to 6 replicas
2025-11-10 17:16:10 - [SUCCESS] Scaled api-9497 to 8 replicas
2025-11-10 17:16:14 - [SUCCESS] Scaled api-9497 to 5 replicas
2025-11-10 17:16:16 - [SUCCESS] Scaled web-4952 to 5 replicas
2025-11-10 17:16:17 - [SUCCESS] Scaled api-9497 to 2 replicas
2025-11-10 17:16:22 - [SUCCESS] Scaled db-5740 to 2 replicas
2025-11-10 17:16:22 - [SUCCESS] Deployed api-7475 with image httpd:latest (1 replicas)
2025-11-10 17:16:24 - [SUCCESS] Scaled web-5256 to 5 replicas
2025-11-10 17:16:27 - [SUCCESS] Scaled api-3005 to 4 replicas
2025-11-10 17:16:29 - [SUCCESS] Scaled web-7576 to 6 replicas
2025-11-10 17:16:32 - [SUCCESS] Scaled api-6523 to 3 replicas
2025-11-10 17:16:32 - [SUCCESS] Scaled worker-5997 to 2 replicas
2025-11-10 17:16:34 - [SUCCESS] Scaled worker-8245 to 3 replicas
2025-11-10 17:16:36 - [SUCCESS] Scaled worker-8245 to 6 replicas
2025-11-10 17:16:36 - [SUCCESS] Scaled api-6523 to 6 replicas
2025-11-10 17:16:40 - [SUCCESS] Scaled worker-8245 to 8 replicas
2025-11-10 17:16:41 - [SUCCESS] Scaled api-6523 to 8 replicas
2025-11-10 17:16:45 - [SUCCESS] Scaled worker-8245 to 5 replicas
2025-11-10 17:16:45 - [SUCCESS] Scaled api-6523 to 5 replicas
2025-11-10 17:16:47 - [SUCCESS] Scaled api-6523 to 2 replicas
2025-11-10 17:16:47 - [SUCCESS] Scaled worker-8245 to 2 replicas
2025-11-10 17:16:52 - [SUCCESS] Scaled db-6299 to 3 replicas
2025-11-10 17:16:56 - [SUCCESS] Scaled db-6299 to 6 replicas
2025-11-10 17:16:58 - [SUCCESS] Scaled db-6299 to 8 replicas
2025-11-10 17:17:00 - [SUCCESS] Scaled web-1186 to 6 replicas
2025-11-10 17:17:02 - [SUCCESS] Scaled db-6299 to 5 replicas
2025-11-10 17:17:04 - [SUCCESS] Scaled db-6299 to 2 replicas
2025-11-10 17:17:06 - [SUCCESS] Scaled web-5368 to 6 replicas
2025-11-10 17:17:10 - [SUCCESS] Scaled web-9235 to 3 replicas
2025-11-10 17:17:11 - [SUCCESS] Deployed db-6427 with image mongo:latest (2 replicas)
2025-11-10 17:17:14 - [SUCCESS] Scaled cache-8592 to 3 replicas
2025-11-10 17:17:19 - [SUCCESS] Scaled cache-8592 to 6 replicas
2025-11-10 17:17:20 - [SUCCESS] Scaled cache-8592 to 1 replicas
2025-11-10 17:17:23 - [SUCCESS] Scaled cache-8592 to 8 replicas
2025-11-10 17:17:25 - [SUCCESS] Scaled cache-8592 to 5 replicas
2025-11-10 17:17:28 - [SUCCESS] Scaled web-8477 to 3 replicas
2025-11-10 17:17:30 - [SUCCESS] Scaled cache-8592 to 2 replicas
2025-11-10 17:17:31 - [SUCCESS] Scaled web-8477 to 6 replicas
2025-11-10 17:17:34 - [SUCCESS] Scaled web-8477 to 8 replicas
2025-11-10 17:17:38 - [SUCCESS] Deployed worker-4659 with image redis:latest (2 replicas)
2025-11-10 17:17:38 - [SUCCESS] Scaled web-8477 to 5 replicas
2025-11-10 17:17:41 - [SUCCESS] Scaled web-1278 to 3 replicas
2025-11-10 17:17:43 - [SUCCESS] Scaled web-8477 to 2 replicas
2025-11-10 17:17:45 - [SUCCESS] Scaled web-1278 to 6 replicas
2025-11-10 17:17:47 - [SUCCESS] Scaled web-1278 to 8 replicas
2025-11-10 17:17:50 - [SUCCESS] Scaled web-1278 to 5 replicas
2025-11-10 17:17:52 - [SUCCESS] Scaled web-1278 to 2 replicas
2025-11-10 17:17:57 - [SUCCESS] Scaled worker-9080 to 1 replicas
2025-11-10 17:17:58 - [SUCCESS] Scaled api-2273 to 5 replicas
2025-11-10 17:17:59 - [SUCCESS] Deployed cache-7757 with image memcached:latest (2 replicas)
2025-11-10 17:18:02 - [SUCCESS] Scaled cache-6425 to 2 replicas
2025-11-10 17:18:04 - [SUCCESS] Scaled api-4030 to 6 replicas
2025-11-10 17:18:05 - [SUCCESS] Scaled cache-5710 to 4 replicas
2025-11-10 17:18:06 - [SUCCESS] Deployed api-7474 with image nginx:latest (2 replicas)
2025-11-10 17:18:09 - [SUCCESS] Deployed worker-9936 with image rabbitmq:latest (6 replicas)
2025-11-10 17:18:09 - [SUCCESS] Scaled worker-8383 to 6 replicas
2025-11-10 17:18:11 - [SUCCESS] Deployed web-1633 with image nginx:latest (3 replicas)
2025-11-10 17:18:13 - [SUCCESS] Scaled worker-2258 to 3 replicas
2025-11-10 17:18:18 - [SUCCESS] Scaled worker-2258 to 6 replicas
2025-11-10 17:18:18 - [SUCCESS] Scaled web-1618 to 3 replicas
2025-11-10 17:18:23 - [SUCCESS] Scaled worker-2258 to 8 replicas
2025-11-10 17:18:28 - [SUCCESS] Scaled worker-2258 to 5 replicas
2025-11-10 17:18:32 - [SUCCESS] Scaled worker-9787 to 1 replicas
2025-11-10 17:18:32 - [SUCCESS] Scaled worker-2258 to 2 replicas
2025-11-10 17:18:38 - [SUCCESS] Scaled cache-8546 to 3 replicas
2025-11-10 17:18:40 - [SUCCESS] Scaled cache-2123 to 4 replicas
2025-11-10 17:18:43 - [SUCCESS] Scaled api-6111 to 6 replicas
2025-11-10 17:18:46 - [SUCCESS] Scaled api-5597 to 8 replicas
2025-11-10 17:18:46 - [SUCCESS] Scaled web-7724 to 2 replicas
2025-11-10 17:18:48 - [SUCCESS] Deployed worker-4598 with image redis:latest (4 replicas)
2025-11-10 17:18:50 - [SUCCESS] Scaled api-4544 to 3 replicas
2025-11-10 17:18:53 - [SUCCESS] Scaled api-5583 to 1 replicas
2025-11-10 17:18:53 - [SUCCESS] Scaled api-4544 to 6 replicas
2025-11-10 17:18:56 - [SUCCESS] Scaled api-4544 to 8 replicas
2025-11-10 17:19:00 - [SUCCESS] Scaled api-4544 to 5 replicas
2025-11-10 17:19:02 - [SUCCESS] Scaled api-2592 to 4 replicas
2025-11-10 17:19:05 - [SUCCESS] Scaled api-4544 to 2 replicas
2025-11-10 17:19:12 - [SUCCESS] Deployed cache-2664 with image redis:latest (3 replicas)
2025-11-10 17:19:14 - [SUCCESS] Deployed cache-6723 with image redis:latest (1 replicas)
2025-11-10 17:19:16 - [SUCCESS] Scaled api-7501 to 5 replicas
2025-11-10 17:19:17 - [SUCCESS] Scaled api-8324 to 5 replicas
2025-11-10 17:19:19 - [SUCCESS] Deployed db-4199 with image mongo:latest (1 replicas)
2025-11-10 17:19:20 - [SUCCESS] Scaled cache-2264 to 2 replicas
2025-11-10 17:19:23 - [SUCCESS] Scaled cache-2557 to 3 replicas
2025-11-10 17:19:26 - [SUCCESS] Scaled cache-2557 to 6 replicas
2025-11-10 17:19:30 - [SUCCESS] Scaled cache-2557 to 8 replicas
2025-11-10 17:19:31 - [SUCCESS] Scaled worker-2123 to 2 replicas
2025-11-10 17:19:34 - [SUCCESS] Scaled cache-2557 to 5 replicas
2025-11-10 17:19:37 - [SUCCESS] Scaled worker-7252 to 2 replicas
2025-11-10 17:19:37 - [SUCCESS] Scaled cache-2557 to 2 replicas
2025-11-10 17:19:41 - [SUCCESS] Scaled web-4718 to 8 replicas
2025-11-10 17:19:43 - [SUCCESS] Scaled web-9055 to 3 replicas
2025-11-10 17:19:46 - [SUCCESS] Scaled worker-2147 to 5 replicas
2025-11-10 17:19:47 - [SUCCESS] Scaled web-9055 to 6 replicas
2025-11-10 17:19:50 - [SUCCESS] Scaled web-9055 to 8 replicas
2025-11-10 17:19:53 - [SUCCESS] Scaled web-9055 to 5 replicas
2025-11-10 17:19:55 - [SUCCESS] Scaled web-9055 to 2 replicas
2025-11-10 17:20:00 - [SUCCESS] Scaled web-1186 to 1 replicas
2025-11-10 17:20:02 - [SUCCESS] Deployed db-8493 with image postgres:latest (1 replicas)
2025-11-10 17:20:04 - [SUCCESS] Deployed web-3815 with image nginx:latest (4 replicas)
2025-11-10 17:20:05 - [SUCCESS] Scaled api-5597 to 3 replicas
2025-11-10 17:20:07 - [SUCCESS] Scaled cache-3436 to 3 replicas
2025-11-10 17:20:09 - [SUCCESS] Scaled api-6028 to 6 replicas
2025-11-10 17:20:10 - [SUCCESS] Scaled cache-3436 to 6 replicas
2025-11-10 17:20:14 - [SUCCESS] Scaled cache-3436 to 8 replicas
2025-11-10 17:20:17 - [SUCCESS] Scaled cache-4743 to 3 replicas
2025-11-10 17:20:18 - [SUCCESS] Scaled cache-3436 to 5 replicas
2025-11-10 17:20:19 - [SUCCESS] Scaled cache-4743 to 6 replicas
2025-11-10 17:20:21 - [SUCCESS] Scaled cache-3436 to 2 replicas
2025-11-10 17:20:24 - [SUCCESS] Scaled cache-4743 to 8 replicas
2025-11-10 17:20:27 - [SUCCESS] Deployed db-7902 with image postgres:latest (2 replicas)
2025-11-10 17:20:29 - [SUCCESS] Scaled cache-4743 to 5 replicas
2025-11-10 17:20:29 - [SUCCESS] Scaled db-2912 to 7 replicas
2025-11-10 17:20:32 - [SUCCESS] Scaled api-7291 to 1 replicas
2025-11-10 17:20:33 - [SUCCESS] Deployed web-2551 with image nginx:latest (2 replicas)
2025-11-10 17:20:34 - [SUCCESS] Scaled cache-4743 to 2 replicas
2025-11-10 17:20:36 - [SUCCESS] Scaled cache-1438 to 3 replicas
2025-11-10 17:20:38 - [SUCCESS] Deployed web-4101 with image nginx:latest (2 replicas)
2025-11-10 17:20:39 - [SUCCESS] Scaled db-8684 to 3 replicas
2025-11-10 17:20:42 - [SUCCESS] Deployed api-4344 with image httpd:latest (2 replicas)
2025-11-10 17:20:43 - [SUCCESS] Scaled db-5562 to 8 replicas
2025-11-10 17:20:46 - [SUCCESS] Deployed api-6065 with image nginx:latest (2 replicas)
2025-11-10 17:20:48 - [SUCCESS] Scaled cache-1697 to 8 replicas
2025-11-10 17:20:49 - [SUCCESS] Scaled worker-3022 to 3 replicas
2025-11-10 17:20:49 - [SUCCESS] Scaled web-6790 to 3 replicas
2025-11-10 17:20:50 - [SUCCESS] Scaled db-8352 to 1 replicas
2025-11-10 17:20:51 - [SUCCESS] Deployed web-8308 with image httpd:latest (2 replicas)
2025-11-10 17:20:52 - [SUCCESS] Scaled web-6790 to 6 replicas
2025-11-10 17:20:54 - [SUCCESS] Scaled web-6790 to 8 replicas
2025-11-10 17:20:54 - [SUCCESS] Scaled web-3865 to 8 replicas
2025-11-10 17:20:56 - [SUCCESS] Scaled web-6790 to 5 replicas
2025-11-10 17:20:56 - [SUCCESS] Deployed api-4429 with image nginx:latest (2 replicas)
2025-11-10 17:20:58 - [SUCCESS] Deployed cache-8735 with image redis:latest (1 replicas)
2025-11-10 17:21:00 - [SUCCESS] Scaled web-6790 to 2 replicas
2025-11-10 17:21:00 - [SUCCESS] Scaled db-4717 to 8 replicas
2025-11-10 17:21:01 - [SUCCESS] Scaled worker-2123 to 3 replicas
2025-11-10 17:21:04 - [SUCCESS] Scaled worker-2123 to 6 replicas
2025-11-10 17:21:07 - [SUCCESS] Scaled worker-2123 to 8 replicas
2025-11-10 17:21:08 - [SUCCESS] Scaled db-8696 to 2 replicas
2025-11-10 17:21:10 - [SUCCESS] Scaled worker-2123 to 5 replicas
2025-11-10 17:21:13 - [SUCCESS] Scaled worker-2123 to 2 replicas
2025-11-10 17:21:14 - [SUCCESS] Scaled web-9235 to 2 replicas
2025-11-10 17:21:18 - [SUCCESS] Scaled web-8477 to 3 replicas
2025-11-10 17:21:22 - [SUCCESS] Scaled web-8477 to 6 replicas
2025-11-10 17:21:26 - [SUCCESS] Scaled web-8477 to 8 replicas
2025-11-10 17:21:27 - [SUCCESS] Scaled db-3728 to 3 replicas
2025-11-10 17:21:30 - [SUCCESS] Scaled web-8477 to 5 replicas
2025-11-10 17:21:30 - [SUCCESS] Scaled db-3728 to 6 replicas
2025-11-10 17:21:34 - [SUCCESS] Scaled web-8477 to 2 replicas
2025-11-10 17:21:35 - [SUCCESS] Scaled db-3728 to 8 replicas
2025-11-10 17:21:38 - [SUCCESS] Scaled db-3728 to 5 replicas
2025-11-10 17:21:40 - [SUCCESS] Deployed api-4340 with image nginx:latest (2 replicas)
2025-11-10 17:21:40 - [SUCCESS] Scaled db-3728 to 2 replicas
2025-11-10 17:21:43 - [SUCCESS] Scaled db-8352 to 3 replicas
2025-11-10 17:21:47 - [SUCCESS] Scaled db-8352 to 6 replicas
2025-11-10 17:21:51 - [SUCCESS] Scaled cache-1180 to 5 replicas
2025-11-10 17:21:52 - [SUCCESS] Scaled db-8352 to 8 replicas
2025-11-10 17:21:55 - [SUCCESS] Scaled db-8352 to 5 replicas
2025-11-10 17:21:58 - [SUCCESS] Scaled db-8352 to 2 replicas
2025-11-10 17:22:00 - [SUCCESS] Scaled api-8085 to 1 replicas
2025-11-10 17:22:04 - [SUCCESS] Scaled web-5959 to 3 replicas
2025-11-10 17:22:08 - [SUCCESS] Scaled web-5959 to 6 replicas
2025-11-10 17:22:10 - [SUCCESS] Scaled web-5959 to 8 replicas
2025-11-10 17:22:14 - [SUCCESS] Scaled web-5959 to 5 replicas
2025-11-10 17:22:15 - [SUCCESS] Scaled web-1629 to 1 replicas
2025-11-10 17:22:18 - [SUCCESS] Scaled web-5959 to 2 replicas
2025-11-10 17:22:21 - [SUCCESS] Scaled web-9106 to 3 replicas
2025-11-10 17:22:23 - [SUCCESS] Deployed web-8184 with image nginx:latest (3 replicas)
2025-11-10 17:22:24 - [SUCCESS] Scaled web-9106 to 6 replicas
2025-11-10 17:22:25 - [SUCCESS] Scaled db-2912 to 7 replicas
2025-11-10 17:22:26 - [SUCCESS] Scaled web-1629 to 5 replicas
2025-11-10 17:22:28 - [SUCCESS] Scaled web-9106 to 8 replicas
2025-11-10 17:22:29 - [SUCCESS] Scaled web-4450 to 5 replicas
2025-11-10 17:22:30 - [SUCCESS] Scaled web-8406 to 4 replicas
2025-11-10 17:22:30 - [SUCCESS] Scaled web-9106 to 5 replicas
2025-11-10 17:22:32 - [SUCCESS] Scaled db-9470 to 8 replicas
2025-11-10 17:22:33 - [SUCCESS] Scaled web-9106 to 2 replicas
2025-11-10 17:22:33 - [SUCCESS] Deployed web-9988 with image nginx:latest (3 replicas)
2025-11-10 17:22:36 - [SUCCESS] Deployed db-3989 with image postgres:latest (4 replicas)
2025-11-10 17:22:37 - [SUCCESS] Scaled api-4785 to 6 replicas
2025-11-10 17:22:40 - [SUCCESS] Deployed worker-6243 with image rabbitmq:latest (4 replicas)
2025-11-10 17:22:41 - [SUCCESS] Deployed worker-8705 with image redis:latest (3 replicas)
2025-11-10 17:22:43 - [SUCCESS] Scaled web-3623 to 7 replicas
2025-11-10 17:22:45 - [SUCCESS] Scaled db-7223 to 3 replicas
2025-11-10 17:22:47 - [SUCCESS] Scaled db-7223 to 6 replicas
2025-11-10 17:22:48 - [SUCCESS] Scaled worker-5287 to 1 replicas
2025-11-10 17:22:51 - [SUCCESS] Scaled db-7223 to 8 replicas
2025-11-10 17:22:55 - [SUCCESS] Scaled db-7223 to 5 replicas
2025-11-10 17:22:59 - [SUCCESS] Scaled db-7223 to 2 replicas
2025-11-10 17:23:01 - [SUCCESS] Scaled web-2232 to 3 replicas
2025-11-10 17:23:03 - [SUCCESS] Scaled worker-4167 to 7 replicas
2025-11-10 17:23:03 - [SUCCESS] Scaled web-2232 to 6 replicas
2025-11-10 17:23:05 - [SUCCESS] Deployed db-3681 with image mongo:latest (2 replicas)
2025-11-10 17:23:06 - [SUCCESS] Scaled web-2232 to 8 replicas
2025-11-10 17:23:07 - [SUCCESS] Deployed cache-4740 with image memcached:latest (2 replicas)
2025-11-10 17:23:09 - [SUCCESS] Scaled api-4544 to 4 replicas
2025-11-10 17:23:09 - [SUCCESS] Scaled web-2232 to 5 replicas
2025-11-10 17:23:12 - [SUCCESS] Deployed web-2808 with image httpd:latest (4 replicas)
2025-11-10 17:23:13 - [SUCCESS] Scaled web-2232 to 2 replicas
2025-11-10 17:23:14 - [SUCCESS] Deployed web-3441 with image nginx:latest (3 replicas)
2025-11-10 17:23:15 - [SUCCESS] Scaled db-5781 to 5 replicas
2025-11-10 17:23:18 - [SUCCESS] Deployed db-9984 with image mongo:latest (2 replicas)
2025-11-10 17:23:20 - [SUCCESS] Deployed db-3948 with image mysql:latest (3 replicas)
2025-11-10 17:23:22 - [SUCCESS] Deployed web-5334 with image httpd:latest (1 replicas)
2025-11-10 17:23:23 - [SUCCESS] Deployed api-2175 with image httpd:latest (2 replicas)
2025-11-10 17:23:26 - [SUCCESS] Scaled api-2969 to 4 replicas
2025-11-10 17:23:28 - [SUCCESS] Scaled web-2703 to 7 replicas
2025-11-10 17:23:28 - [SUCCESS] Scaled db-9984 to 3 replicas
2025-11-10 17:23:30 - [SUCCESS] Deployed cache-8999 with image redis:latest (2 replicas)
2025-11-10 17:23:31 - [SUCCESS] Scaled db-9984 to 6 replicas
2025-11-10 17:23:32 - [SUCCESS] Scaled db-3681 to 3 replicas
2025-11-10 17:23:34 - [SUCCESS] Scaled db-9984 to 8 replicas
2025-11-10 17:23:36 - [SUCCESS] Scaled db-3681 to 6 replicas
2025-11-10 17:23:37 - [SUCCESS] Scaled db-9984 to 5 replicas
2025-11-10 17:23:40 - [SUCCESS] Scaled db-9984 to 2 replicas
2025-11-10 17:23:40 - [SUCCESS] Scaled db-3681 to 8 replicas
2025-11-10 17:23:43 - [SUCCESS] Scaled db-3681 to 5 replicas
2025-11-10 17:23:46 - [SUCCESS] Scaled db-3681 to 2 replicas
2025-11-10 17:23:52 - [SUCCESS] Deployed worker-8562 with image rabbitmq:latest (2 replicas)
2025-11-10 17:23:54 - [SUCCESS] Deployed cache-4072 with image memcached:latest (2 replicas)
2025-11-10 17:23:54 - [SUCCESS] Scaled worker-3698 to 3 replicas
2025-11-10 17:23:56 - [SUCCESS] Scaled web-9106 to 1 replicas
2025-11-10 17:23:57 - [SUCCESS] Scaled worker-3698 to 6 replicas
2025-11-10 17:23:58 - [SUCCESS] Scaled db-5190 to 6 replicas
2025-11-10 17:24:01 - [SUCCESS] Deployed db-2130 with image mysql:latest (1 replicas)
2025-11-10 17:24:02 - [SUCCESS] Scaled worker-3698 to 8 replicas
2025-11-10 17:24:03 - [SUCCESS] Scaled api-7474 to 2 replicas
2025-11-10 17:24:04 - [SUCCESS] Scaled worker-3698 to 5 replicas
2025-11-10 17:24:04 - [SUCCESS] Deployed api-3428 with image nginx:latest (3 replicas)
2025-11-10 17:24:06 - [SUCCESS] Scaled worker-3698 to 2 replicas
2025-11-10 17:24:07 - [SUCCESS] Scaled cache-6305 to 7 replicas
2025-11-10 17:24:09 - [SUCCESS] Deployed db-2049 with image postgres:latest (6 replicas)
2025-11-10 17:24:12 - [SUCCESS] Scaled cache-2895 to 4 replicas
2025-11-10 17:24:15 - [SUCCESS] Deployed cache-2375 with image memcached:latest (3 replicas)
2025-11-10 17:24:18 - [SUCCESS] Deployed web-1753 with image nginx:latest (6 replicas)
2025-11-10 17:24:21 - [SUCCESS] Scaled cache-8000 to 2 replicas
2025-11-10 17:24:22 - [SUCCESS] Scaled db-1979 to 8 replicas
2025-11-10 17:24:23 - [SUCCESS] Scaled api-7219 to 6 replicas
2025-11-10 17:24:26 - [SUCCESS] Deployed web-1792 with image nginx:latest (3 replicas)
2025-11-10 17:24:28 - [SUCCESS] Scaled web-9473 to 3 replicas
2025-11-10 17:24:30 - [SUCCESS] Scaled worker-9787 to 3 replicas
2025-11-10 17:24:33 - [SUCCESS] Scaled web-9473 to 6 replicas
2025-11-10 17:24:35 - [SUCCESS] Scaled worker-9787 to 6 replicas
2025-11-10 17:24:38 - [SUCCESS] Scaled web-9473 to 8 replicas
2025-11-10 17:24:39 - [SUCCESS] Scaled worker-9787 to 8 replicas
2025-11-10 17:24:41 - [SUCCESS] Scaled web-9473 to 5 replicas
2025-11-10 17:24:42 - [SUCCESS] Scaled worker-9787 to 5 replicas
2025-11-10 17:24:45 - [SUCCESS] Scaled worker-9787 to 2 replicas
2025-11-10 17:24:45 - [SUCCESS] Scaled web-9473 to 2 replicas
2025-11-10 17:24:51 - [SUCCESS] Deployed db-9589 with image mongo:latest (1 replicas)
2025-11-10 17:24:55 - [SUCCESS] Deployed cache-6895 with image memcached:latest (4 replicas)
2025-11-10 17:24:57 - [SUCCESS] Scaled web-2326 to 3 replicas
2025-11-10 17:24:58 - [SUCCESS] Scaled db-7698 to 3 replicas
2025-11-10 17:25:01 - [SUCCESS] Scaled db-7698 to 6 replicas
2025-11-10 17:25:02 - [SUCCESS] Scaled web-2326 to 6 replicas
2025-11-10 17:25:04 - [SUCCESS] Scaled db-7698 to 8 replicas
2025-11-10 17:25:05 - [SUCCESS] Scaled web-2326 to 8 replicas
2025-11-10 17:25:09 - [SUCCESS] Scaled db-7698 to 5 replicas
2025-11-10 17:25:09 - [SUCCESS] Scaled web-2326 to 5 replicas
2025-11-10 17:25:13 - [SUCCESS] Scaled db-7698 to 2 replicas
2025-11-10 17:25:14 - [SUCCESS] Scaled web-2326 to 2 replicas
2025-11-10 17:25:18 - [SUCCESS] Deployed cache-6938 with image memcached:latest (4 replicas)
2025-11-10 17:25:19 - [SUCCESS] Scaled api-3002 to 3 replicas
2025-11-10 17:25:22 - [SUCCESS] Scaled api-3002 to 6 replicas
2025-11-10 17:25:23 - [SUCCESS] Scaled api-4588 to 3 replicas
2025-11-10 17:25:26 - [SUCCESS] Scaled api-3002 to 8 replicas
2025-11-10 17:25:27 - [SUCCESS] Scaled api-4588 to 6 replicas
2025-11-10 17:25:30 - [SUCCESS] Scaled api-4588 to 8 replicas
2025-11-10 17:25:30 - [SUCCESS] Scaled api-3002 to 5 replicas
2025-11-10 17:25:32 - [SUCCESS] Scaled api-3002 to 2 replicas
2025-11-10 17:25:34 - [SUCCESS] Scaled api-4588 to 5 replicas
2025-11-10 17:25:37 - [SUCCESS] Deployed cache-5891 with image memcached:latest (4 replicas)
2025-11-10 17:25:39 - [SUCCESS] Deployed cache-8095 with image redis:latest (4 replicas)
2025-11-10 17:25:39 - [SUCCESS] Scaled api-4588 to 2 replicas
2025-11-10 17:25:41 - [SUCCESS] Scaled cache-2664 to 3 replicas
2025-11-10 17:25:43 - [SUCCESS] Scaled cache-2664 to 6 replicas
2025-11-10 17:25:47 - [SUCCESS] Scaled cache-2664 to 8 replicas
2025-11-10 17:25:50 - [SUCCESS] Scaled cache-2664 to 5 replicas
2025-11-10 17:25:53 - [SUCCESS] Scaled cache-2664 to 2 replicas
2025-11-10 17:25:55 - [SUCCESS] Scaled cache-7403 to 3 replicas
2025-11-10 17:25:59 - [SUCCESS] Scaled cache-7403 to 6 replicas
2025-11-10 17:26:01 - [SUCCESS] Scaled worker-8071 to 1 replicas
2025-11-10 17:26:02 - [SUCCESS] Scaled cache-7403 to 8 replicas
2025-11-10 17:26:02 - [SUCCESS] Deployed cache-9746 with image memcached:latest (1 replicas)
2025-11-10 17:26:05 - [SUCCESS] Deployed cache-5995 with image memcached:latest (2 replicas)
2025-11-10 17:26:07 - [SUCCESS] Scaled cache-7403 to 5 replicas
2025-11-10 17:26:07 - [SUCCESS] Scaled web-7231 to 2 replicas
2025-11-10 17:26:09 - [SUCCESS] Deployed cache-5139 with image redis:latest (2 replicas)
2025-11-10 17:26:11 - [SUCCESS] Deployed worker-7009 with image rabbitmq:latest (1 replicas)
2025-11-10 17:26:12 - [SUCCESS] Scaled cache-7403 to 2 replicas
2025-11-10 17:26:13 - [SUCCESS] Scaled web-8694 to 7 replicas
2025-11-10 17:26:16 - [SUCCESS] Deployed db-9352 with image mysql:latest (4 replicas)
2025-11-10 17:26:19 - [SUCCESS] Deployed api-8016 with image nginx:latest (4 replicas)
2025-11-10 17:26:22 - [SUCCESS] Scaled web-9473 to 1 replicas
2025-11-10 17:26:23 - [SUCCESS] Scaled db-5740 to 2 replicas
2025-11-10 17:26:24 - [SUCCESS] Scaled worker-1788 to 1 replicas
2025-11-10 17:26:26 - [SUCCESS] Scaled api-1309 to 1 replicas
2025-11-10 17:26:29 - [SUCCESS] Deployed api-1409 with image httpd:latest (1 replicas)
2025-11-10 17:26:31 - [SUCCESS] Scaled web-3972 to 8 replicas
2025-11-10 17:26:33 - [SUCCESS] Deployed api-8507 with image nginx:latest (4 replicas)
2025-11-10 17:26:34 - [SUCCESS] Scaled api-6750 to 4 replicas
2025-11-10 17:26:36 - [SUCCESS] Deployed web-4619 with image nginx:latest (1 replicas)
2025-11-10 17:26:37 - [SUCCESS] Scaled cache-2557 to 7 replicas
2025-11-10 17:26:39 - [SUCCESS] Scaled db-2049 to 1 replicas
2025-11-10 17:26:40 - [SUCCESS] Scaled cache-1438 to 3 replicas
2025-11-10 17:26:43 - [SUCCESS] Scaled db-9984 to 3 replicas
2025-11-10 17:26:48 - [SUCCESS] Scaled db-9984 to 6 replicas
2025-11-10 17:26:49 - [SUCCESS] Scaled api-4544 to 2 replicas
2025-11-10 17:26:51 - [SUCCESS] Scaled db-9984 to 8 replicas
2025-11-10 17:26:56 - [SUCCESS] Scaled db-9984 to 5 replicas
2025-11-10 17:26:58 - [SUCCESS] Scaled api-2422 to 3 replicas
2025-11-10 17:26:59 - [SUCCESS] Scaled db-9984 to 2 replicas
2025-11-10 17:27:01 - [SUCCESS] Scaled api-2422 to 6 replicas
2025-11-10 17:27:04 - [SUCCESS] Deployed cache-5043 with image redis:latest (3 replicas)
2025-11-10 17:27:05 - [SUCCESS] Scaled api-2422 to 8 replicas
2025-11-10 17:27:05 - [SUCCESS] Deployed db-3654 with image mongo:latest (2 replicas)
2025-11-10 17:27:07 - [SUCCESS] Scaled db-8966 to 3 replicas
2025-11-10 17:27:09 - [SUCCESS] Scaled api-2422 to 5 replicas
2025-11-10 17:27:10 - [SUCCESS] Scaled db-8966 to 6 replicas
2025-11-10 17:27:13 - [SUCCESS] Scaled api-2422 to 2 replicas
2025-11-10 17:27:13 - [SUCCESS] Scaled db-8966 to 8 replicas
2025-11-10 17:27:17 - [SUCCESS] Scaled db-8966 to 5 replicas
2025-11-10 17:27:21 - [SUCCESS] Scaled db-8966 to 2 replicas
2025-11-10 17:27:27 - [SUCCESS] Deployed api-7751 with image nginx:latest (2 replicas)
2025-11-10 17:27:30 - [SUCCESS] Scaled api-2592 to 7 replicas
2025-11-10 17:27:31 - [SUCCESS] Scaled api-9757 to 3 replicas
2025-11-10 17:27:33 - [SUCCESS] Deployed db-6252 with image mongo:latest (2 replicas)
2025-11-10 17:27:35 - [SUCCESS] Scaled web-7231 to 5 replicas
2025-11-10 17:27:36 - [SUCCESS] Scaled api-9757 to 6 replicas
2025-11-10 17:27:38 - [SUCCESS] Deployed worker-7820 with image redis:latest (1 replicas)
2025-11-10 17:27:40 - [SUCCESS] Scaled api-4820 to 7 replicas
2025-11-10 17:27:41 - [SUCCESS] Scaled api-9757 to 8 replicas
2025-11-10 17:27:42 - [SUCCESS] Scaled web-4253 to 3 replicas
2025-11-10 17:27:44 - [SUCCESS] Scaled api-9757 to 5 replicas
2025-11-10 17:27:45 - [SUCCESS] Scaled web-4253 to 6 replicas
2025-11-10 17:27:47 - [SUCCESS] Scaled api-9757 to 2 replicas
2025-11-10 17:27:49 - [SUCCESS] Scaled web-4253 to 8 replicas
2025-11-10 17:27:52 - [SUCCESS] Scaled web-4253 to 5 replicas
2025-11-10 17:27:56 - [SUCCESS] Scaled web-4253 to 2 replicas
2025-11-10 17:28:01 - [SUCCESS] Deployed web-2638 with image httpd:latest (4 replicas)
2025-11-10 17:28:02 - [SUCCESS] Scaled db-7902 to 3 replicas
2025-11-10 17:28:05 - [SUCCESS] Scaled worker-4659 to 8 replicas
2025-11-10 17:28:06 - [SUCCESS] Scaled db-8696 to 3 replicas
2025-11-10 17:28:07 - [SUCCESS] Scaled db-7534 to 3 replicas
2025-11-10 17:28:09 - [SUCCESS] Scaled web-4101 to 4 replicas
2025-11-10 17:28:11 - [SUCCESS] Scaled db-8696 to 6 replicas
2025-11-10 17:28:12 - [SUCCESS] Scaled web-4850 to 6 replicas
2025-11-10 17:28:14 - [SUCCESS] Scaled cache-2123 to 8 replicas
2025-11-10 17:28:14 - [SUCCESS] Scaled db-8696 to 8 replicas
2025-11-10 17:28:17 - [SUCCESS] Deployed web-2640 with image httpd:latest (2 replicas)
2025-11-10 17:28:19 - [SUCCESS] Scaled db-8696 to 5 replicas
2025-11-10 17:28:19 - [SUCCESS] Scaled worker-3022 to 3 replicas
2025-11-10 17:28:23 - [SUCCESS] Scaled worker-3022 to 6 replicas
2025-11-10 17:28:23 - [SUCCESS] Scaled db-8696 to 2 replicas
2025-11-10 17:28:28 - [SUCCESS] Scaled worker-3022 to 8 replicas
2025-11-10 17:28:30 - [SUCCESS] Scaled worker-3022 to 5 replicas
2025-11-10 17:28:33 - [SUCCESS] Scaled worker-3022 to 2 replicas
2025-11-10 17:28:34 - [SUCCESS] Scaled web-1131 to 1 replicas
2025-11-10 17:28:40 - [SUCCESS] Deployed api-6886 with image nginx:latest (1 replicas)
2025-11-10 17:28:42 - [SUCCESS] Deployed cache-8225 with image redis:latest (4 replicas)
2025-11-10 17:28:42 - [SUCCESS] Scaled cache-4072 to 3 replicas
2025-11-10 17:28:44 - [SUCCESS] Scaled cache-3576 to 3 replicas
2025-11-10 17:28:46 - [SUCCESS] Scaled cache-4072 to 6 replicas
2025-11-10 17:28:46 - [SUCCESS] Scaled web-2232 to 1 replicas
2025-11-10 17:28:48 - [SUCCESS] Scaled cache-8735 to 2 replicas
2025-11-10 17:28:50 - [SUCCESS] Scaled cache-4072 to 8 replicas
2025-11-10 17:28:51 - [SUCCESS] Deployed worker-8390 with image redis:latest (2 replicas)
2025-11-10 17:28:52 - [SUCCESS] Deployed cache-4575 with image redis:latest (3 replicas)
2025-11-10 17:28:54 - [SUCCESS] Scaled cache-4072 to 5 replicas
2025-11-10 17:28:55 - [SUCCESS] Deployed cache-2253 with image redis:latest (2 replicas)
2025-11-10 17:28:57 - [SUCCESS] Scaled web-4850 to 3 replicas
2025-11-10 17:28:58 - [SUCCESS] Scaled cache-4072 to 2 replicas
2025-11-10 17:29:01 - [SUCCESS] Scaled web-4850 to 6 replicas
2025-11-10 17:29:04 - [SUCCESS] Scaled web-4850 to 8 replicas
2025-11-10 17:29:07 - [SUCCESS] Scaled web-4850 to 5 replicas
2025-11-10 17:29:08 - [SUCCESS] Scaled worker-8679 to 4 replicas
2025-11-10 17:29:11 - [SUCCESS] Scaled web-4850 to 2 replicas
2025-11-10 17:29:17 - [SUCCESS] Scaled api-6523 to 3 replicas
2025-11-10 17:29:19 - [SUCCESS] Deployed db-4034 with image mysql:latest (1 replicas)
2025-11-10 17:29:22 - [SUCCESS] Scaled cache-2557 to 7 replicas
2025-11-10 17:29:22 - [SUCCESS] Scaled db-4199 to 1 replicas
2025-11-10 17:29:24 - [SUCCESS] Scaled cache-5502 to 4 replicas
2025-11-10 17:29:25 - [SUCCESS] Scaled cache-2253 to 2 replicas
2025-11-10 17:29:28 - [SUCCESS] Deployed worker-7482 with image rabbitmq:latest (1 replicas)
2025-11-10 17:29:30 - [SUCCESS] Scaled api-2909 to 5 replicas
2025-11-10 17:29:33 - [SUCCESS] Deployed api-7825 with image nginx:latest (1 replicas)
2025-11-10 17:29:34 - [SUCCESS] Scaled db-9345 to 2 replicas
2025-11-10 17:29:35 - [SUCCESS] Scaled api-5583 to 3 replicas
2025-11-10 17:29:37 - [SUCCESS] Deployed api-6997 with image httpd:latest (6 replicas)
2025-11-10 17:29:39 - [SUCCESS] Scaled api-5583 to 6 replicas
2025-11-10 17:29:39 - [SUCCESS] Scaled db-5868 to 6 replicas
2025-11-10 17:29:41 - [SUCCESS] Scaled web-6437 to 8 replicas
2025-11-10 17:29:43 - [SUCCESS] Scaled api-5583 to 8 replicas
2025-11-10 17:29:44 - [SUCCESS] Scaled api-1309 to 7 replicas
2025-11-10 17:29:45 - [SUCCESS] Scaled api-5583 to 5 replicas
2025-11-10 17:29:46 - [SUCCESS] Deployed cache-2777 with image redis:latest (2 replicas)
2025-11-10 17:29:47 - [SUCCESS] Scaled api-5583 to 2 replicas
2025-11-10 17:29:48 - [SUCCESS] Deployed web-1127 with image nginx:latest (4 replicas)
2025-11-10 17:29:50 - [SUCCESS] Scaled cache-5043 to 2 replicas
2025-11-10 17:29:53 - [SUCCESS] Scaled api-5583 to 8 replicas
2025-11-10 17:29:54 - [SUCCESS] Deployed web-2520 with image httpd:latest (4 replicas)
2025-11-10 17:29:56 - [SUCCESS] Scaled db-2817 to 3 replicas
2025-11-10 17:29:58 - [SUCCESS] Scaled web-6970 to 5 replicas
2025-11-10 17:29:59 - [SUCCESS] Scaled db-2817 to 6 replicas
2025-11-10 17:30:03 - [SUCCESS] Scaled db-2817 to 8 replicas
2025-11-10 17:30:07 - [SUCCESS] Scaled db-2817 to 5 replicas
2025-11-10 17:30:10 - [SUCCESS] Scaled db-2817 to 2 replicas
2025-11-10 17:30:10 - [SUCCESS] Scaled cache-5751 to 3 replicas
2025-11-10 17:30:14 - [SUCCESS] Deployed cache-8969 with image redis:latest (5 replicas)
2025-11-10 17:30:15 - [SUCCESS] Deployed db-2580 with image mongo:latest (1 replicas)
2025-11-10 17:30:18 - [SUCCESS] Scaled worker-7820 to 3 replicas
2025-11-10 17:30:21 - [SUCCESS] Scaled worker-7820 to 6 replicas
2025-11-10 17:30:24 - [SUCCESS] Scaled worker-7820 to 8 replicas
2025-11-10 17:30:24 - [SUCCESS] Scaled worker-8937 to 1 replicas
2025-11-10 17:30:28 - [SUCCESS] Scaled worker-7820 to 5 replicas
2025-11-10 17:30:31 - [SUCCESS] Scaled worker-7820 to 2 replicas
2025-11-10 17:30:34 - [SUCCESS] Scaled db-9345 to 3 replicas
2025-11-10 17:30:37 - [SUCCESS] Scaled db-3850 to 8 replicas
2025-11-10 17:30:39 - [SUCCESS] Deployed db-1496 with image postgres:latest (2 replicas)
2025-11-10 17:30:40 - [SUCCESS] Scaled worker-2066 to 3 replicas
2025-11-10 17:30:41 - [SUCCESS] Deployed api-1784 with image httpd:latest (2 replicas)
2025-11-10 17:30:42 - [SUCCESS] Scaled cache-7403 to 6 replicas
2025-11-10 17:30:44 - [SUCCESS] Scaled cache-5891 to 3 replicas
2025-11-10 17:30:46 - [SUCCESS] Deployed worker-6906 with image rabbitmq:latest (4 replicas)
2025-11-10 17:30:47 - [SUCCESS] Scaled web-8256 to 1 replicas
2025-11-10 17:30:49 - [SUCCESS] Scaled cache-2893 to 3 replicas
2025-11-10 17:30:49 - [SUCCESS] Scaled worker-5172 to 2 replicas
2025-11-10 17:30:51 - [SUCCESS] Deployed cache-3450 with image memcached:latest (1 replicas)
2025-11-10 17:30:52 - [SUCCESS] Scaled cache-2893 to 6 replicas
2025-11-10 17:30:53 - [SUCCESS] Deployed web-9084 with image nginx:latest (2 replicas)
2025-11-10 17:30:55 - [SUCCESS] Scaled web-4142 to 2 replicas
2025-11-10 17:30:56 - [SUCCESS] Scaled cache-2893 to 8 replicas
2025-11-10 17:30:57 - [SUCCESS] Deployed worker-8390 with image redis:latest (4 replicas)
2025-11-10 17:30:59 - [SUCCESS] Scaled cache-2893 to 5 replicas
2025-11-10 17:31:00 - [SUCCESS] Scaled web-4715 to 4 replicas
2025-11-10 17:31:01 - [SUCCESS] Scaled db-2817 to 8 replicas
2025-11-10 17:31:03 - [SUCCESS] Deployed db-5822 with image mysql:latest (3 replicas)
2025-11-10 17:31:03 - [SUCCESS] Scaled cache-2893 to 2 replicas
2025-11-10 17:31:04 - [SUCCESS] Scaled db-6562 to 3 replicas
2025-11-10 17:31:08 - [SUCCESS] Deployed api-6959 with image httpd:latest (2 replicas)
2025-11-10 17:31:09 - [SUCCESS] Scaled cache-9089 to 3 replicas
2025-11-10 17:31:12 - [SUCCESS] Scaled web-5830 to 3 replicas
2025-11-10 17:31:13 - [SUCCESS] Scaled cache-9089 to 6 replicas
2025-11-10 17:31:15 - [SUCCESS] Scaled web-5830 to 6 replicas
2025-11-10 17:31:17 - [SUCCESS] Scaled cache-9089 to 8 replicas
2025-11-10 17:31:19 - [SUCCESS] Scaled web-5830 to 8 replicas
2025-11-10 17:31:21 - [SUCCESS] Scaled cache-9089 to 5 replicas
2025-11-10 17:31:23 - [SUCCESS] Scaled web-5830 to 5 replicas
2025-11-10 17:31:23 - [SUCCESS] Scaled cache-9089 to 2 replicas
2025-11-10 17:31:26 - [SUCCESS] Scaled web-5830 to 2 replicas
2025-11-10 17:31:30 - [SUCCESS] Scaled web-8256 to 1 replicas
2025-11-10 17:31:32 - [SUCCESS] Deployed web-5758 with image httpd:latest (2 replicas)
2025-11-10 17:31:33 - [SUCCESS] Deployed worker-5830 with image redis:latest (6 replicas)
2025-11-10 17:31:35 - [SUCCESS] Deployed api-8245 with image httpd:latest (4 replicas)
2025-11-10 17:31:36 - [SUCCESS] Scaled db-9486 to 6 replicas
2025-11-10 17:31:37 - [SUCCESS] Scaled web-2468 to 8 replicas
2025-11-10 17:31:40 - [SUCCESS] Scaled worker-5639 to 4 replicas
2025-11-10 17:31:42 - [SUCCESS] Scaled web-8617 to 3 replicas
2025-11-10 17:31:43 - [SUCCESS] Scaled web-1792 to 1 replicas
2025-11-10 17:31:44 - [SUCCESS] Scaled web-8617 to 6 replicas
2025-11-10 17:31:45 - [SUCCESS] Deployed db-2157 with image postgres:latest (1 replicas)
2025-11-10 17:31:46 - [SUCCESS] Scaled worker-9936 to 3 replicas
2025-11-10 17:31:48 - [SUCCESS] Scaled web-8617 to 8 replicas
2025-11-10 17:31:50 - [SUCCESS] Scaled web-8617 to 5 replicas
2025-11-10 17:31:51 - [SUCCESS] Scaled worker-9936 to 6 replicas
2025-11-10 17:31:54 - [SUCCESS] Scaled web-8617 to 2 replicas
2025-11-10 17:31:55 - [SUCCESS] Scaled worker-9936 to 8 replicas
2025-11-10 17:31:59 - [SUCCESS] Scaled worker-9936 to 5 replicas
2025-11-10 17:32:01 - [SUCCESS] Scaled worker-9936 to 2 replicas
2025-11-10 17:32:07 - [SUCCESS] Deployed web-8151 with image httpd:latest (1 replicas)
2025-11-10 17:32:07 - [SUCCESS] Scaled web-1792 to 3 replicas
2025-11-10 17:32:08 - [SUCCESS] Scaled web-1629 to 3 replicas
2025-11-10 17:32:10 - [SUCCESS] Scaled web-1792 to 6 replicas
2025-11-10 17:32:12 - [SUCCESS] Scaled web-1629 to 6 replicas
2025-11-10 17:32:14 - [SUCCESS] Scaled web-1792 to 8 replicas
2025-11-10 17:32:15 - [SUCCESS] Scaled web-1629 to 8 replicas
2025-11-10 17:32:18 - [SUCCESS] Scaled web-1792 to 5 replicas
2025-11-10 17:32:20 - [SUCCESS] Scaled web-1629 to 5 replicas
2025-11-10 17:32:20 - [SUCCESS] Scaled web-1792 to 2 replicas
2025-11-10 17:32:22 - [SUCCESS] Scaled web-1629 to 2 replicas
2025-11-10 17:32:29 - [SUCCESS] Scaled cache-9712 to 3 replicas
2025-11-10 17:32:32 - [SUCCESS] Scaled db-3850 to 3 replicas
2025-11-10 17:32:33 - [SUCCESS] Scaled cache-9712 to 6 replicas
2025-11-10 17:32:35 - [SUCCESS] Scaled db-3850 to 6 replicas
2025-11-10 17:32:36 - [SUCCESS] Scaled cache-9712 to 8 replicas
2025-11-10 17:32:38 - [SUCCESS] Scaled db-3850 to 8 replicas
2025-11-10 17:32:40 - [SUCCESS] Scaled cache-9712 to 5 replicas
2025-11-10 17:32:41 - [SUCCESS] Scaled db-3850 to 5 replicas
2025-11-10 17:32:43 - [SUCCESS] Scaled cache-9712 to 2 replicas
2025-11-10 17:32:45 - [SUCCESS] Scaled db-3850 to 2 replicas
2025-11-10 17:32:50 - [SUCCESS] Scaled api-7475 to 7 replicas
2025-11-10 17:32:52 - [SUCCESS] Deployed cache-9720 with image redis:latest (4 replicas)
2025-11-10 17:32:54 - [SUCCESS] Scaled db-2379 to 2 replicas
2025-11-10 17:32:58 - [SUCCESS] Scaled api-2999 to 3 replicas
2025-11-10 17:33:00 - [SUCCESS] Scaled api-2999 to 6 replicas
2025-11-10 17:33:02 - [SUCCESS] Scaled db-6973 to 3 replicas
2025-11-10 17:33:04 - [SUCCESS] Scaled api-2999 to 8 replicas
2025-11-10 17:33:06 - [SUCCESS] Scaled db-6973 to 6 replicas
2025-11-10 17:33:10 - [SUCCESS] Scaled api-2999 to 5 replicas
2025-11-10 17:33:11 - [SUCCESS] Scaled db-6973 to 8 replicas
2025-11-10 17:33:13 - [SUCCESS] Scaled api-2999 to 2 replicas
2025-11-10 17:33:15 - [SUCCESS] Scaled db-6973 to 5 replicas
2025-11-10 17:33:18 - [SUCCESS] Scaled db-6973 to 2 replicas
2025-11-10 17:33:19 - [SUCCESS] Deployed worker-5082 with image rabbitmq:latest (2 replicas)
2025-11-10 17:33:20 - [SUCCESS] Deployed web-3161 with image httpd:latest (2 replicas)
2025-11-10 17:33:23 - [SUCCESS] Scaled api-2273 to 4 replicas
2025-11-10 17:33:24 - [SUCCESS] Scaled api-4340 to 4 replicas
2025-11-10 17:33:27 - [SUCCESS] Scaled web-2703 to 3 replicas
2025-11-10 17:33:29 - [SUCCESS] Scaled api-2175 to 1 replicas
2025-11-10 17:33:30 - [SUCCESS] Scaled web-2703 to 6 replicas
2025-11-10 17:33:35 - [SUCCESS] Scaled web-2703 to 8 replicas
2025-11-10 17:33:38 - [SUCCESS] Scaled web-2703 to 5 replicas
2025-11-10 17:33:39 - [SUCCESS] Scaled api-2273 to 2 replicas
2025-11-10 17:33:42 - [SUCCESS] Scaled web-2703 to 2 replicas
2025-11-10 17:33:44 - [SUCCESS] Scaled cache-6474 to 3 replicas
2025-11-10 17:33:47 - [SUCCESS] Scaled api-9407 to 6 replicas
2025-11-10 17:33:49 - [SUCCESS] Scaled api-7291 to 3 replicas
2025-11-10 17:33:53 - [SUCCESS] Scaled api-7291 to 6 replicas
2025-11-10 17:33:56 - [SUCCESS] Scaled api-7291 to 8 replicas
2025-11-10 17:33:57 - [SUCCESS] Scaled worker-8823 to 4 replicas
2025-11-10 17:33:59 - [SUCCESS] Scaled api-7291 to 5 replicas
2025-11-10 17:34:04 - [SUCCESS] Scaled api-7291 to 2 replicas
2025-11-10 17:34:06 - [SUCCESS] Scaled worker-2147 to 3 replicas
2025-11-10 17:34:08 - [SUCCESS] Scaled db-6252 to 7 replicas
2025-11-10 17:34:10 - [SUCCESS] Scaled api-2592 to 3 replicas
2025-11-10 17:34:11 - [SUCCESS] Scaled worker-2147 to 6 replicas
2025-11-10 17:34:11 - [SUCCESS] Scaled api-7825 to 7 replicas
2025-11-10 17:34:13 - [SUCCESS] Scaled api-3519 to 8 replicas
2025-11-10 17:34:14 - [SUCCESS] Scaled worker-2147 to 8 replicas
2025-11-10 17:34:15 - [SUCCESS] Deployed cache-3620 with image redis:latest (3 replicas)
2025-11-10 17:34:18 - [SUCCESS] Scaled cache-4543 to 3 replicas
2025-11-10 17:34:18 - [SUCCESS] Scaled worker-2147 to 5 replicas
2025-11-10 17:34:19 - [SUCCESS] Scaled cache-9898 to 1 replicas
2025-11-10 17:34:21 - [SUCCESS] Deployed cache-9287 with image redis:latest (1 replicas)
2025-11-10 17:34:22 - [SUCCESS] Scaled worker-2147 to 2 replicas
2025-11-10 17:34:24 - [SUCCESS] Scaled worker-9926 to 1 replicas
2025-11-10 17:34:27 - [SUCCESS] Scaled cache-7771 to 3 replicas
2025-11-10 17:34:29 - [SUCCESS] Scaled api-3050 to 6 replicas
2025-11-10 17:34:31 - [SUCCESS] Scaled db-2130 to 7 replicas
2025-11-10 17:34:33 - [SUCCESS] Deployed db-1622 with image mongo:latest (2 replicas)
2025-11-10 17:34:34 - [SUCCESS] Scaled cache-4357 to 3 replicas
2025-11-10 17:34:34 - [SUCCESS] Scaled web-5379 to 1 replicas
2025-11-10 17:34:37 - [SUCCESS] Scaled cache-4357 to 6 replicas
2025-11-10 17:34:37 - [SUCCESS] Deployed cache-1889 with image memcached:latest (4 replicas)
2025-11-10 17:34:40 - [SUCCESS] Scaled db-9459 to 3 replicas
2025-11-10 17:34:42 - [SUCCESS] Scaled cache-4357 to 8 replicas
2025-11-10 17:34:44 - [SUCCESS] Scaled db-9459 to 6 replicas
2025-11-10 17:34:45 - [SUCCESS] Scaled cache-4357 to 5 replicas
2025-11-10 17:34:47 - [SUCCESS] Scaled db-9459 to 8 replicas
2025-11-10 17:34:50 - [SUCCESS] Scaled db-9459 to 5 replicas
2025-11-10 17:34:50 - [SUCCESS] Scaled cache-4357 to 2 replicas
2025-11-10 17:34:54 - [SUCCESS] Scaled db-9459 to 2 replicas
2025-11-10 17:35:00 - [SUCCESS] Deployed worker-7937 with image rabbitmq:latest (4 replicas)
2025-11-10 17:35:02 - [SUCCESS] Scaled web-4850 to 2 replicas
2025-11-10 17:35:02 - [SUCCESS] Scaled web-2580 to 6 replicas
2025-11-10 17:35:05 - [SUCCESS] Scaled cache-5936 to 3 replicas
2025-11-10 17:35:10 - [SUCCESS] Scaled cache-5936 to 6 replicas
2025-11-10 17:35:12 - [SUCCESS] Scaled cache-5936 to 8 replicas
2025-11-10 17:35:17 - [SUCCESS] Scaled web-9235 to 3 replicas
2025-11-10 17:35:17 - [SUCCESS] Scaled cache-5936 to 5 replicas
2025-11-10 17:35:21 - [SUCCESS] Scaled web-9235 to 6 replicas
2025-11-10 17:35:21 - [SUCCESS] Scaled cache-5936 to 2 replicas
2025-11-10 17:35:23 - [SUCCESS] Scaled web-9235 to 8 replicas
2025-11-10 17:35:26 - [SUCCESS] Scaled db-1148 to 6 replicas
2025-11-10 17:35:26 - [SUCCESS] Scaled web-9235 to 5 replicas
2025-11-10 17:35:27 - [SUCCESS] Deployed worker-3762 with image rabbitmq:latest (2 replicas)
2025-11-10 17:35:29 - [SUCCESS] Scaled worker-8390 to 3 replicas
2025-11-10 17:35:29 - [SUCCESS] Scaled web-9235 to 2 replicas
2025-11-10 17:35:34 - [SUCCESS] Scaled worker-8390 to 6 replicas
2025-11-10 17:35:38 - [SUCCESS] Scaled worker-8390 to 8 replicas
2025-11-10 17:35:43 - [SUCCESS] Scaled worker-8390 to 5 replicas
2025-11-10 17:35:47 - [SUCCESS] Scaled worker-8390 to 2 replicas
2025-11-10 17:35:47 - [SUCCESS] Scaled web-5368 to 5 replicas
2025-11-10 17:35:53 - [SUCCESS] Scaled web-6566 to 3 replicas
2025-11-10 17:35:57 - [SUCCESS] Scaled web-6566 to 6 replicas
2025-11-10 17:36:02 - [SUCCESS] Scaled web-6566 to 8 replicas
2025-11-10 17:36:02 - [SUCCESS] Scaled db-2130 to 3 replicas
2025-11-10 17:36:05 - [SUCCESS] Scaled web-6566 to 5 replicas
2025-11-10 17:36:08 - [SUCCESS] Scaled web-6566 to 2 replicas
2025-11-10 17:36:16 - [SUCCESS] Scaled web-3051 to 3 replicas
2025-11-10 17:36:16 - [SUCCESS] Scaled web-1127 to 5 replicas
2025-11-10 17:36:19 - [SUCCESS] Scaled web-3051 to 6 replicas
2025-11-10 17:36:22 - [SUCCESS] Scaled web-3051 to 8 replicas
2025-11-10 17:36:23 - [SUCCESS] Scaled cache-8546 to 5 replicas
2025-11-10 17:36:24 - [SUCCESS] Scaled web-3051 to 5 replicas
2025-11-10 17:36:27 - [SUCCESS] Scaled web-3051 to 2 replicas
2025-11-10 17:36:30 - [SUCCESS] Scaled worker-8390 to 3 replicas
2025-11-10 17:36:33 - [SUCCESS] Scaled web-5959 to 3 replicas
2025-11-10 17:36:35 - [SUCCESS] Scaled web-5959 to 6 replicas
2025-11-10 17:36:39 - [SUCCESS] Scaled web-5959 to 8 replicas
2025-11-10 17:36:42 - [SUCCESS] Scaled web-5959 to 5 replicas
2025-11-10 17:36:44 - [SUCCESS] Scaled web-5959 to 2 replicas
2025-11-10 17:36:45 - [SUCCESS] Scaled worker-8679 to 5 replicas
2025-11-10 17:36:51 - [SUCCESS] Deployed worker-4568 with image redis:latest (3 replicas)
2025-11-10 17:36:52 - [SUCCESS] Scaled db-5861 to 3 replicas
2025-11-10 17:36:53 - [SUCCESS] Scaled cache-5891 to 2 replicas
2025-11-10 17:36:55 - [SUCCESS] Scaled api-8135 to 3 replicas
2025-11-10 17:36:56 - [SUCCESS] Scaled db-5861 to 6 replicas
2025-11-10 17:36:57 - [SUCCESS] Scaled api-8135 to 6 replicas
2025-11-10 17:36:59 - [SUCCESS] Scaled db-5861 to 8 replicas
2025-11-10 17:37:00 - [SUCCESS] Scaled api-8135 to 8 replicas
2025-11-10 17:37:02 - [SUCCESS] Scaled db-5861 to 5 replicas
2025-11-10 17:37:04 - [SUCCESS] Scaled db-5861 to 2 replicas
2025-11-10 17:37:05 - [SUCCESS] Scaled api-8135 to 5 replicas
2025-11-10 17:37:10 - [SUCCESS] Scaled api-8135 to 2 replicas
2025-11-10 17:37:15 - [SUCCESS] Scaled worker-1931 to 1 replicas
2025-11-10 17:37:17 - [SUCCESS] Deployed worker-3918 with image redis:latest (3 replicas)
2025-11-10 17:37:19 - [SUCCESS] Deployed worker-3860 with image rabbitmq:latest (2 replicas)
2025-11-10 17:37:20 - [SUCCESS] Scaled worker-4853 to 3 replicas
2025-11-10 17:37:22 - [SUCCESS] Scaled api-6523 to 8 replicas
2025-11-10 17:37:23 - [SUCCESS] Scaled worker-4853 to 6 replicas
2025-11-10 17:37:24 - [SUCCESS] Deployed cache-2154 with image memcached:latest (3 replicas)
2025-11-10 17:37:26 - [SUCCESS] Scaled web-8694 to 7 replicas
2025-11-10 17:37:26 - [SUCCESS] Scaled worker-4853 to 8 replicas
2025-11-10 17:37:28 - [SUCCESS] Scaled api-8507 to 3 replicas
2025-11-10 17:37:30 - [SUCCESS] Scaled web-2326 to 1 replicas
2025-11-10 17:37:30 - [SUCCESS] Scaled worker-4853 to 5 replicas
2025-11-10 17:37:32 - [SUCCESS] Deployed db-5161 with image mysql:latest (2 replicas)
2025-11-10 17:37:33 - [SUCCESS] Deployed web-3075 with image nginx:latest (3 replicas)
2025-11-10 17:37:34 - [SUCCESS] Scaled worker-4853 to 2 replicas
2025-11-10 18:07:41 - [SUCCESS] Deployed cache-3559 with image memcached:latest (3 replicas)
2025-11-10 18:07:48 - [SUCCESS] Scaled cache-3559 to 3 replicas
2025-11-10 18:07:55 - [SUCCESS] Scaled cache-3559 to 3 replicas
2025-11-10 18:07:56 - [SUCCESS] Deployed api-5008 with image nginx:latest (2 replicas)
2025-11-10 18:07:57 - [SUCCESS] Scaled cache-3559 to 6 replicas
2025-11-10 18:08:00 - [SUCCESS] Scaled cache-3559 to 6 replicas
2025-11-10 18:08:02 - [SUCCESS] Deployed db-5423 with image postgres:latest (4 replicas)
2025-11-10 18:08:02 - [SUCCESS] Scaled cache-3559 to 8 replicas
2025-11-10 18:08:06 - [SUCCESS] Scaled cache-3559 to 5 replicas
2025-11-10 18:08:07 - [SUCCESS] Scaled api-5008 to 3 replicas
2025-11-10 18:08:10 - [SUCCESS] Scaled cache-3559 to 2 replicas
2025-11-10 18:08:11 - [SUCCESS] Scaled api-5008 to 6 replicas
2025-11-10 18:08:13 - [SUCCESS] Deployed db-9668 with image postgres:latest (2 replicas)
2025-11-10 18:08:16 - [SUCCESS] Scaled api-5008 to 8 replicas
2025-11-10 18:08:20 - [SUCCESS] Scaled api-5008 to 5 replicas
2025-11-10 18:08:22 - [SUCCESS] Scaled api-5008 to 2 replicas
2025-11-10 18:08:25 - [SUCCESS] Deployed web-4977 with image httpd:latest (2 replicas)
2025-11-10 18:08:26 - [SUCCESS] Scaled db-9668 to 3 replicas
2025-11-10 18:08:32 - [SUCCESS] Scaled db-9668 to 3 replicas
2025-11-10 18:08:37 - [SUCCESS] Scaled db-9668 to 6 replicas
2025-11-10 18:08:37 - [SUCCESS] Scaled cache-3559 to 6 replicas
2025-11-10 18:08:39 - [SUCCESS] Scaled db-9668 to 8 replicas
2025-11-10 18:08:41 - [SUCCESS] Scaled db-9668 to 5 replicas
2025-11-10 18:08:45 - [SUCCESS] Scaled db-9668 to 2 replicas
2025-11-10 18:08:52 - [SUCCESS] Scaled db-9668 to 3 replicas
2025-11-10 18:08:54 - [SUCCESS] Deployed cache-8027 with image memcached:latest (1 replicas)
2025-11-10 18:08:57 - [SUCCESS] Scaled db-9668 to 6 replicas
2025-11-10 18:09:01 - [SUCCESS] Scaled db-9668 to 8 replicas
2025-11-10 18:09:06 - [SUCCESS] Scaled db-9668 to 5 replicas
2025-11-10 18:09:06 - [SUCCESS] Deployed worker-1317 with image redis:latest (4 replicas)
2025-11-10 18:09:10 - [SUCCESS] Scaled web-4977 to 3 replicas
2025-11-10 18:09:10 - [SUCCESS] Scaled db-9668 to 2 replicas
2025-11-10 18:09:14 - [SUCCESS] Scaled web-4977 to 6 replicas
2025-11-10 18:09:17 - [SUCCESS] Scaled web-4977 to 8 replicas
2025-11-10 18:09:18 - [SUCCESS] Deployed cache-3431 with image memcached:latest (2 replicas)
2025-11-10 18:09:19 - [SUCCESS] Scaled web-4977 to 5 replicas
2025-11-10 18:09:20 - [SUCCESS] Scaled cache-8027 to 2 replicas
2025-11-10 18:09:24 - [SUCCESS] Scaled web-4977 to 2 replicas
2025-11-10 18:09:26 - [SUCCESS] Scaled cache-3431 to 2 replicas
2025-11-10 18:09:32 - [SUCCESS] Scaled cache-8027 to 2 replicas
2025-11-10 18:09:32 - [SUCCESS] Deployed cache-1518 with image redis:latest (3 replicas)
2025-11-10 18:09:37 - [SUCCESS] Scaled worker-1317 to 6 replicas
2025-11-10 18:09:44 - [SUCCESS] Scaled cache-8027 to 1 replicas
2025-11-10 18:09:46 - [SUCCESS] Scaled worker-1317 to 2 replicas
2025-11-10 18:09:51 - [SUCCESS] Scaled db-9668 to 2 replicas
2025-11-10 18:09:54 - [SUCCESS] Deployed api-7206 with image nginx:latest (1 replicas)
2025-11-10 18:09:59 - [SUCCESS] Scaled cache-3559 to 8 replicas
2025-11-10 18:10:04 - [SUCCESS] Deployed cache-2366 with image redis:latest (4 replicas)
2025-11-10 18:10:05 - [SUCCESS] Scaled api-5008 to 3 replicas
2025-11-10 18:10:07 - [SUCCESS] Deployed api-7158 with image httpd:latest (1 replicas)
2025-11-10 18:10:12 - [SUCCESS] Scaled cache-3559 to 3 replicas
2025-11-10 18:10:14 - [SUCCESS] Scaled cache-3559 to 5 replicas
2025-11-10 18:10:16 - [SUCCESS] Scaled cache-3559 to 6 replicas
2025-11-10 18:10:18 - [SUCCESS] Scaled cache-3559 to 8 replicas
2025-11-10 18:10:21 - [SUCCESS] Deployed cache-6834 with image memcached:latest (3 replicas)
2025-11-10 18:10:21 - [SUCCESS] Scaled cache-1518 to 3 replicas
2025-11-10 18:10:23 - [SUCCESS] Scaled cache-3559 to 5 replicas
2025-11-10 18:10:26 - [SUCCESS] Scaled cache-3559 to 2 replicas
2025-11-10 18:10:32 - [SUCCESS] Deployed web-1146 with image nginx:latest (1 replicas)
2025-11-10 18:10:34 - [SUCCESS] Scaled api-5008 to 5 replicas
2025-11-10 18:10:40 - [SUCCESS] Deployed db-3001 with image postgres:latest (2 replicas)
2025-11-10 18:10:41 - [SUCCESS] Scaled api-7206 to 6 replicas
2025-11-10 18:10:42 - [SUCCESS] Scaled db-3001 to 3 replicas
2025-11-10 18:10:46 - [SUCCESS] Scaled db-3001 to 6 replicas
2025-11-10 18:10:50 - [SUCCESS] Scaled db-3001 to 8 replicas
2025-11-10 18:10:55 - [SUCCESS] Scaled db-3001 to 5 replicas
2025-11-10 18:10:56 - [SUCCESS] Scaled worker-1317 to 5 replicas
2025-11-10 18:10:59 - [SUCCESS] Deployed db-3774 with image mongo:latest (5 replicas)
2025-11-10 18:10:59 - [SUCCESS] Scaled db-3001 to 2 replicas
2025-11-10 18:11:05 - [SUCCESS] Scaled web-1146 to 6 replicas
2025-11-10 18:11:08 - [SUCCESS] Scaled cache-1518 to 4 replicas
2025-11-10 18:11:12 - [SUCCESS] Scaled db-3774 to 3 replicas
2025-11-10 18:11:15 - [SUCCESS] Scaled db-3774 to 6 replicas
2025-11-10 18:11:19 - [SUCCESS] Scaled cache-3559 to 2 replicas
2025-11-10 18:11:19 - [SUCCESS] Scaled db-3774 to 8 replicas
2025-11-10 18:11:23 - [SUCCESS] Deployed web-9122 with image httpd:latest (1 replicas)
2025-11-10 18:11:23 - [SUCCESS] Scaled db-3774 to 5 replicas
2025-11-10 18:11:27 - [SUCCESS] Scaled db-3774 to 2 replicas
2025-11-10 18:11:28 - [SUCCESS] Scaled cache-6834 to 6 replicas
2025-11-10 18:11:37 - [SUCCESS] Scaled web-4977 to 3 replicas
2025-11-10 18:11:38 - [SUCCESS] Deployed web-5056 with image httpd:latest (2 replicas)
2025-11-10 18:11:40 - [SUCCESS] Scaled web-4977 to 6 replicas
2025-11-10 18:11:42 - [SUCCESS] Scaled web-4977 to 8 replicas
2025-11-10 18:11:43 - [SUCCESS] Deployed db-2680 with image mongo:latest (3 replicas)
2025-11-10 18:11:45 - [SUCCESS] Scaled web-4977 to 5 replicas
2025-11-10 18:11:46 - [SUCCESS] Scaled worker-1317 to 1 replicas
2025-11-10 18:11:50 - [SUCCESS] Scaled web-4977 to 2 replicas
2025-11-10 18:11:56 - [SUCCESS] Deployed web-6388 with image httpd:latest (2 replicas)
2025-11-10 18:12:07 - [SUCCESS] Scaled cache-3431 to 6 replicas
2025-11-10 18:12:08 - [SUCCESS] Deployed cache-7520 with image memcached:latest (5 replicas)
2025-11-10 18:12:14 - [SUCCESS] Scaled cache-7520 to 3 replicas
2025-11-10 18:12:17 - [SUCCESS] Deployed worker-5241 with image redis:latest (4 replicas)
2025-11-10 18:12:18 - [SUCCESS] Scaled cache-7520 to 6 replicas
2025-11-10 18:12:22 - [SUCCESS] Scaled cache-7520 to 8 replicas
2025-11-10 18:12:27 - [SUCCESS] Scaled cache-7520 to 5 replicas
2025-11-10 18:12:30 - [SUCCESS] Scaled cache-7520 to 2 replicas
2025-11-10 18:12:33 - [SUCCESS] Scaled worker-5241 to 3 replicas
2025-11-10 18:12:36 - [SUCCESS] Scaled worker-5241 to 6 replicas
2025-11-10 18:12:40 - [SUCCESS] Scaled worker-5241 to 8 replicas
2025-11-10 18:12:42 - [SUCCESS] Scaled worker-5241 to 5 replicas
2025-11-10 18:12:46 - [SUCCESS] Scaled worker-5241 to 2 replicas
2025-11-10 18:12:49 - [SUCCESS] Scaled web-1146 to 3 replicas
2025-11-10 18:12:53 - [SUCCESS] Scaled web-1146 to 6 replicas
2025-11-10 18:12:55 - [SUCCESS] Scaled web-1146 to 8 replicas
2025-11-10 18:13:00 - [SUCCESS] Scaled web-1146 to 5 replicas
2025-11-10 18:13:02 - [SUCCESS] Scaled web-1146 to 2 replicas
2025-11-10 18:13:05 - [SUCCESS] Scaled cache-1518 to 5 replicas
2025-11-10 18:13:17 - [SUCCESS] Scaled worker-1317 to 3 replicas
2025-11-10 18:13:19 - [SUCCESS] Scaled worker-1317 to 6 replicas
2025-11-10 18:13:22 - [SUCCESS] Scaled worker-1317 to 8 replicas
2025-11-10 18:13:24 - [SUCCESS] Scaled worker-1317 to 5 replicas
2025-11-10 18:13:24 - [SUCCESS] Deployed api-2280 with image httpd:latest (4 replicas)
2025-11-10 18:13:27 - [SUCCESS] Scaled worker-1317 to 2 replicas
2025-11-10 18:13:33 - [SUCCESS] Deployed worker-2877 with image rabbitmq:latest (1 replicas)
2025-11-10 18:13:37 - [SUCCESS] Deployed api-2574 with image nginx:latest (4 replicas)
2025-11-10 18:13:42 - [SUCCESS] Deployed web-2086 with image nginx:latest (4 replicas)
2025-11-10 18:13:45 - [SUCCESS] Scaled api-2574 to 5 replicas
2025-11-10 18:13:48 - [SUCCESS] Deployed worker-2423 with image redis:latest (4 replicas)
2025-11-10 18:13:54 - [SUCCESS] Scaled web-6388 to 6 replicas
2025-11-10 18:13:56 - [SUCCESS] Scaled db-9668 to 3 replicas
2025-11-10 18:14:05 - [SUCCESS] Scaled cache-3431 to 4 replicas
2025-11-10 18:14:11 - [SUCCESS] Deployed api-9209 with image httpd:latest (6 replicas)
2025-11-10 18:14:13 - [SUCCESS] Scaled web-1146 to 6 replicas
2025-11-10 18:14:18 - [SUCCESS] Scaled api-7206 to 3 replicas
2025-11-10 18:14:26 - [SUCCESS] Scaled web-2086 to 3 replicas
2025-11-10 18:14:28 - [SUCCESS] Scaled web-6388 to 5 replicas
2025-11-10 18:14:41 - [SUCCESS] Scaled worker-2877 to 4 replicas
2025-11-10 18:14:45 - [SUCCESS] Scaled cache-1518 to 3 replicas
2025-11-10 18:14:47 - [SUCCESS] Scaled cache-1518 to 6 replicas
2025-11-10 18:14:50 - [SUCCESS] Scaled cache-1518 to 8 replicas
2025-11-10 18:14:51 - [SUCCESS] Scaled worker-2423 to 1 replicas
2025-11-10 18:14:54 - [SUCCESS] Scaled cache-1518 to 5 replicas
2025-11-10 18:14:58 - [SUCCESS] Scaled cache-1518 to 2 replicas
2025-11-10 18:15:01 - [SUCCESS] Scaled cache-7520 to 3 replicas
2025-11-10 18:15:04 - [SUCCESS] Scaled cache-7520 to 6 replicas
2025-11-10 18:15:07 - [SUCCESS] Scaled cache-7520 to 8 replicas
2025-11-10 18:15:10 - [SUCCESS] Scaled api-9209 to 4 replicas
2025-11-10 18:15:11 - [SUCCESS] Scaled cache-7520 to 5 replicas
2025-11-10 18:15:15 - [SUCCESS] Scaled cache-7520 to 8 replicas
2025-11-10 18:15:16 - [SUCCESS] Scaled cache-7520 to 2 replicas
2025-11-10 18:15:27 - [SUCCESS] Deployed cache-3988 with image memcached:latest (1 replicas)
2025-11-10 18:15:32 - [SUCCESS] Scaled cache-2366 to 3 replicas
2025-11-10 18:15:34 - [SUCCESS] Scaled web-4977 to 1 replicas
2025-11-10 18:15:37 - [SUCCESS] Scaled cache-2366 to 6 replicas
2025-11-10 18:15:40 - [SUCCESS] Scaled cache-2366 to 8 replicas
2025-11-10 18:15:43 - [SUCCESS] Scaled cache-2366 to 5 replicas
2025-11-10 18:15:45 - [SUCCESS] Scaled cache-2366 to 2 replicas
2025-11-10 18:15:49 - [SUCCESS] Scaled api-5008 to 3 replicas
2025-11-10 18:16:00 - [SUCCESS] Scaled api-7158 to 6 replicas
2025-11-10 18:16:09 - [SUCCESS] Scaled web-4977 to 6 replicas
2025-11-10 18:16:10 - [SUCCESS] Scaled db-3001 to 6 replicas
2025-11-10 18:16:23 - [SUCCESS] Scaled cache-3988 to 6 replicas
2025-11-10 18:16:23 - [SUCCESS] Scaled web-6388 to 7 replicas
2025-11-10 18:16:37 - [SUCCESS] Scaled api-7158 to 7 replicas
2025-11-10 18:16:37 - [SUCCESS] Scaled db-3774 to 1 replicas
2025-11-10 18:16:44 - [SUCCESS] Deployed db-5572 with image mongo:latest (1 replicas)
2025-11-10 18:16:48 - [SUCCESS] Scaled cache-6834 to 3 replicas
2025-11-10 18:16:48 - [SUCCESS] Scaled cache-3988 to 2 replicas
2025-11-10 18:16:52 - [SUCCESS] Scaled cache-6834 to 6 replicas
2025-11-10 18:16:52 - [SUCCESS] Deployed db-2182 with image mongo:latest (3 replicas)
2025-11-10 18:16:55 - [SUCCESS] Scaled cache-6834 to 8 replicas
2025-11-10 18:16:59 - [SUCCESS] Scaled cache-6834 to 5 replicas
2025-11-10 18:17:00 - [SUCCESS] Scaled db-3774 to 5 replicas
2025-11-10 18:17:03 - [SUCCESS] Scaled cache-6834 to 2 replicas
2025-11-10 18:17:15 - [SUCCESS] Scaled cache-3431 to 7 replicas
2025-11-10 18:17:20 - [SUCCESS] Scaled api-2280 to 6 replicas
2025-11-10 18:17:23 - [SUCCESS] Scaled worker-2423 to 5 replicas
2025-11-10 18:17:26 - [SUCCESS] Scaled api-2574 to 2 replicas
2025-11-10 18:17:26 - [SUCCESS] Deployed worker-3511 with image rabbitmq:latest (2 replicas)
2025-11-10 18:17:33 - [SUCCESS] Scaled cache-3988 to 3 replicas
2025-11-10 18:17:33 - [SUCCESS] Deployed cache-1490 with image memcached:latest (2 replicas)
2025-11-10 18:17:36 - [SUCCESS] Scaled cache-3988 to 6 replicas
2025-11-10 18:17:40 - [SUCCESS] Scaled cache-3988 to 8 replicas
2025-11-10 18:17:45 - [SUCCESS] Scaled cache-3988 to 5 replicas
2025-11-10 18:17:47 - [SUCCESS] Scaled cache-3988 to 2 replicas
2025-11-10 18:17:50 - [SUCCESS] Scaled web-9122 to 3 replicas
2025-11-10 18:17:53 - [SUCCESS] Scaled web-9122 to 6 replicas
2025-11-10 18:17:56 - [SUCCESS] Scaled web-9122 to 8 replicas
2025-11-10 18:18:00 - [SUCCESS] Scaled web-9122 to 5 replicas
2025-11-10 18:18:02 - [SUCCESS] Scaled api-5008 to 5 replicas
2025-11-10 18:18:02 - [SUCCESS] Scaled web-9122 to 2 replicas
2025-11-10 18:18:08 - [SUCCESS] Scaled cache-1490 to 2 replicas
2025-11-10 18:18:13 - [SUCCESS] Scaled db-3774 to 4 replicas
2025-11-10 18:18:15 - [SUCCESS] Scaled cache-8027 to 6 replicas
2025-11-10 18:18:27 - [SUCCESS] Scaled db-9668 to 3 replicas
2025-11-10 18:18:28 - [SUCCESS] Deployed worker-7146 with image rabbitmq:latest (3 replicas)
2025-11-10 18:18:31 - [SUCCESS] Scaled db-9668 to 6 replicas
2025-11-10 18:18:32 - [SUCCESS] Scaled db-5423 to 3 replicas
2025-11-10 18:18:34 - [SUCCESS] Scaled db-9668 to 8 replicas
2025-11-10 18:18:36 - [SUCCESS] Scaled db-5423 to 6 replicas
2025-11-10 18:18:38 - [SUCCESS] Scaled db-9668 to 5 replicas
2025-11-10 18:18:39 - [SUCCESS] Scaled db-5423 to 8 replicas
2025-11-10 18:18:43 - [SUCCESS] Scaled db-5423 to 5 replicas
2025-11-10 18:18:43 - [SUCCESS] Scaled db-9668 to 2 replicas
2025-11-10 18:18:47 - [SUCCESS] Scaled db-5423 to 2 replicas
2025-11-10 18:18:57 - [SUCCESS] Scaled cache-7520 to 2 replicas
2025-11-10 18:19:03 - [SUCCESS] Scaled db-2680 to 3 replicas
2025-11-10 18:19:07 - [SUCCESS] Scaled cache-7520 to 3 replicas
2025-11-10 18:19:09 - [SUCCESS] Scaled cache-7520 to 6 replicas
2025-11-10 18:19:13 - [SUCCESS] Scaled cache-7520 to 8 replicas
2025-11-10 18:19:14 - [SUCCESS] Scaled db-5572 to 3 replicas
2025-11-10 18:19:15 - [SUCCESS] Scaled cache-7520 to 5 replicas
2025-11-10 18:19:18 - [SUCCESS] Scaled cache-7520 to 2 replicas
2025-11-10 18:19:18 - [SUCCESS] Scaled db-5572 to 6 replicas
2025-11-10 18:19:23 - [SUCCESS] Scaled db-5572 to 8 replicas
2025-11-10 18:19:27 - [SUCCESS] Scaled db-5572 to 5 replicas
2025-11-10 18:19:31 - [SUCCESS] Scaled db-5572 to 2 replicas
2025-11-10 18:19:32 - [SUCCESS] Scaled cache-3988 to 3 replicas
2025-11-10 18:19:36 - [SUCCESS] Scaled cache-3988 to 6 replicas
2025-11-10 18:19:39 - [SUCCESS] Scaled cache-3988 to 8 replicas
2025-11-10 18:19:40 - [SUCCESS] Deployed worker-3969 with image redis:latest (4 replicas)
2025-11-10 18:19:41 - [SUCCESS] Scaled cache-3988 to 5 replicas
2025-11-10 18:19:45 - [SUCCESS] Scaled cache-3988 to 2 replicas
2025-11-10 18:19:47 - [SUCCESS] Deployed cache-4740 with image redis:latest (1 replicas)
2025-11-10 18:19:57 - [SUCCESS] Scaled api-2574 to 4 replicas
2025-11-10 18:20:08 - [SUCCESS] Scaled cache-4740 to 5 replicas
2025-11-10 18:20:10 - [SUCCESS] Deployed api-6328 with image nginx:latest (4 replicas)
2025-11-10 18:20:16 - [SUCCESS] Scaled worker-3969 to 3 replicas
2025-11-10 18:20:20 - [SUCCESS] Scaled worker-3969 to 6 replicas
2025-11-10 18:20:20 - [SUCCESS] Scaled cache-1490 to 1 replicas
2025-11-10 18:20:24 - [SUCCESS] Scaled worker-3969 to 8 replicas
2025-11-10 18:20:27 - [SUCCESS] Scaled worker-3969 to 5 replicas
2025-11-10 18:20:31 - [SUCCESS] Scaled cache-3988 to 3 replicas
2025-11-10 18:20:32 - [SUCCESS] Scaled worker-3969 to 2 replicas
2025-11-10 18:20:35 - [SUCCESS] Scaled cache-3988 to 6 replicas
2025-11-10 18:20:39 - [SUCCESS] Scaled cache-3988 to 8 replicas
2025-11-10 18:20:41 - [SUCCESS] Scaled cache-3988 to 5 replicas
2025-11-10 18:20:45 - [SUCCESS] Scaled cache-3988 to 2 replicas
2025-11-10 18:20:53 - [SUCCESS] Deployed db-9224 with image mysql:latest (5 replicas)
2025-11-10 18:20:53 - [SUCCESS] Scaled worker-3969 to 6 replicas
2025-11-10 18:21:03 - [SUCCESS] Scaled cache-1490 to 3 replicas
2025-11-10 18:21:06 - [SUCCESS] Scaled db-2680 to 4 replicas
2025-11-10 18:21:07 - [SUCCESS] Scaled cache-1490 to 6 replicas
2025-11-10 18:21:11 - [SUCCESS] Scaled cache-1490 to 8 replicas
2025-11-10 18:21:13 - [SUCCESS] Scaled cache-1490 to 5 replicas
2025-11-10 18:21:14 - [SUCCESS] Deployed api-2610 with image httpd:latest (2 replicas)
2025-11-10 18:21:17 - [SUCCESS] Scaled cache-1490 to 2 replicas
2025-11-10 18:21:22 - [SUCCESS] Scaled api-2574 to 3 replicas
2025-11-10 18:21:27 - [SUCCESS] Scaled db-9668 to 4 replicas
2025-11-10 18:21:33 - [SUCCESS] Scaled db-5572 to 3 replicas
2025-11-10 18:21:38 - [SUCCESS] Scaled db-5572 to 6 replicas
2025-11-10 18:21:42 - [SUCCESS] Scaled db-5572 to 8 replicas
2025-11-10 18:21:46 - [SUCCESS] Scaled db-5572 to 5 replicas
2025-11-10 18:21:47 - [SUCCESS] Scaled api-7158 to 3 replicas
2025-11-10 18:21:50 - [SUCCESS] Scaled db-5572 to 2 replicas
2025-11-10 18:21:55 - [SUCCESS] Scaled web-1146 to 7 replicas
2025-11-10 18:22:04 - [SUCCESS] Scaled web-5056 to 1 replicas
2025-11-10 18:22:05 - [SUCCESS] Scaled db-5572 to 4 replicas
2025-11-10 18:22:11 - [SUCCESS] Scaled web-5056 to 4 replicas
2025-11-10 18:22:19 - [SUCCESS] Scaled db-3001 to 1 replicas
2025-11-10 18:22:28 - [SUCCESS] Scaled web-9122 to 4 replicas
2025-11-10 18:22:29 - [SUCCESS] Deployed web-5555 with image nginx:latest (3 replicas)
2025-11-10 18:22:34 - [SUCCESS] Scaled cache-8027 to 3 replicas
2025-11-10 18:22:35 - [SUCCESS] Scaled cache-3431 to 3 replicas
2025-11-10 18:22:40 - [SUCCESS] Deployed cache-5708 with image redis:latest (4 replicas)
2025-11-10 18:22:46 - [SUCCESS] Scaled cache-7520 to 5 replicas
2025-11-10 18:22:46 - [SUCCESS] Scaled worker-2877 to 3 replicas
2025-11-10 18:22:50 - [SUCCESS] Scaled db-2680 to 7 replicas
2025-11-10 18:22:54 - [SUCCESS] Scaled cache-7520 to 1 replicas
2025-11-10 18:22:57 - [SUCCESS] Scaled db-3774 to 3 replicas
2025-11-10 18:22:58 - [SUCCESS] Scaled db-9224 to 5 replicas
2025-11-10 18:23:00 - [SUCCESS] Scaled db-3774 to 6 replicas
2025-11-10 18:23:04 - [SUCCESS] Scaled db-3774 to 8 replicas
2025-11-10 18:23:07 - [SUCCESS] Scaled db-3774 to 5 replicas
2025-11-10 18:23:10 - [SUCCESS] Scaled db-3774 to 2 replicas
2025-11-10 18:23:26 - [SUCCESS] Scaled db-3001 to 3 replicas
2025-11-10 18:23:29 - [SUCCESS] Scaled db-3001 to 6 replicas
2025-11-10 18:23:31 - [SUCCESS] Scaled api-6328 to 5 replicas
2025-11-10 18:23:32 - [SUCCESS] Scaled db-3001 to 8 replicas
2025-11-10 18:23:35 - [SUCCESS] Scaled db-3001 to 5 replicas
2025-11-10 18:23:38 - [SUCCESS] Scaled db-3001 to 2 replicas
2025-11-10 18:23:39 - [SUCCESS] Scaled db-3774 to 5 replicas
2025-11-10 18:23:45 - [SUCCESS] Scaled cache-3988 to 7 replicas
2025-11-10 18:23:55 - [SUCCESS] Scaled api-2574 to 2 replicas
2025-11-10 18:23:56 - [SUCCESS] Deployed cache-4350 with image memcached:latest (2 replicas)
2025-11-10 18:24:00 - [SUCCESS] Scaled api-2574 to 7 replicas
2025-11-10 18:24:03 - [SUCCESS] Deployed worker-1840 with image rabbitmq:latest (3 replicas)
2025-11-10 18:24:07 - [SUCCESS] Scaled db-5423 to 5 replicas
2025-11-10 18:24:08 - [SUCCESS] Deployed cache-1212 with image memcached:latest (5 replicas)
2025-11-10 18:24:11 - [SUCCESS] Deployed cache-4899 with image memcached:latest (6 replicas)
2025-11-10 18:24:15 - [SUCCESS] Scaled cache-7520 to 2 replicas
2025-11-10 18:24:17 - [SUCCESS] Scaled web-4977 to 2 replicas
2025-11-10 18:24:25 - [SUCCESS] Deployed api-7624 with image httpd:latest (2 replicas)
2025-11-10 18:24:27 - [SUCCESS] Scaled web-6388 to 3 replicas
2025-11-10 18:24:29 - [SUCCESS] Deployed db-3313 with image mongo:latest (2 replicas)
2025-11-10 18:24:30 - [SUCCESS] Scaled web-6388 to 6 replicas
2025-11-10 18:24:34 - [SUCCESS] Scaled web-6388 to 8 replicas
2025-11-10 18:24:38 - [SUCCESS] Scaled web-6388 to 5 replicas
2025-11-10 18:24:43 - [SUCCESS] Scaled web-6388 to 2 replicas
2025-11-10 18:24:50 - [SUCCESS] Scaled cache-1490 to 3 replicas
2025-11-10 18:24:53 - [SUCCESS] Scaled cache-1490 to 6 replicas
2025-11-10 18:24:57 - [SUCCESS] Scaled cache-1490 to 8 replicas
2025-11-10 18:24:58 - [SUCCESS] Scaled api-7158 to 3 replicas
2025-11-10 18:25:01 - [SUCCESS] Scaled api-7158 to 6 replicas
2025-11-10 18:25:01 - [SUCCESS] Scaled cache-1490 to 5 replicas
2025-11-10 18:25:03 - [SUCCESS] Scaled cache-1490 to 2 replicas
2025-11-10 18:25:03 - [SUCCESS] Scaled api-7158 to 8 replicas
2025-11-10 18:25:07 - [SUCCESS] Scaled api-7158 to 5 replicas
2025-11-10 18:25:08 - [SUCCESS] Scaled db-9224 to 3 replicas
2025-11-10 18:25:10 - [SUCCESS] Scaled api-7158 to 2 replicas
2025-11-10 18:25:11 - [SUCCESS] Scaled db-9224 to 6 replicas
2025-11-10 18:25:14 - [SUCCESS] Scaled db-9224 to 8 replicas
2025-11-10 18:25:16 - [SUCCESS] Scaled db-9224 to 5 replicas
2025-11-10 18:25:20 - [SUCCESS] Scaled db-9224 to 2 replicas
2025-11-10 18:25:22 - [SUCCESS] Scaled cache-1212 to 3 replicas
2025-11-10 18:25:31 - [SUCCESS] Scaled api-7206 to 1 replicas
2025-11-10 18:25:32 - [SUCCESS] Deployed cache-4153 with image redis:latest (2 replicas)
2025-11-10 18:25:38 - [SUCCESS] Scaled api-7206 to 3 replicas
2025-11-10 18:25:41 - [SUCCESS] Scaled db-9668 to 5 replicas
2025-11-10 18:25:45 - [SUCCESS] Deployed api-8367 with image httpd:latest (4 replicas)
2025-11-10 18:25:46 - [SUCCESS] Scaled cache-4153 to 1 replicas
2025-11-10 18:25:54 - [SUCCESS] Scaled cache-4740 to 4 replicas
2025-11-10 18:26:00 - [SUCCESS] Scaled worker-7146 to 6 replicas
2025-11-10 18:26:09 - [SUCCESS] Scaled db-9668 to 3 replicas
2025-11-10 18:26:10 - [SUCCESS] Scaled web-4977 to 3 replicas
2025-11-10 18:26:12 - [SUCCESS] Scaled db-9668 to 6 replicas
2025-11-10 18:26:14 - [SUCCESS] Scaled web-4977 to 6 replicas
2025-11-10 18:26:14 - [SUCCESS] Scaled db-9668 to 8 replicas
2025-11-10 18:26:17 - [SUCCESS] Scaled web-4977 to 8 replicas
2025-11-10 18:26:17 - [SUCCESS] Scaled db-9668 to 5 replicas
2025-11-10 18:26:19 - [SUCCESS] Scaled web-4977 to 5 replicas
2025-11-10 18:26:19 - [SUCCESS] Scaled db-9668 to 2 replicas
2025-11-10 18:26:22 - [SUCCESS] Scaled web-4977 to 2 replicas
2025-11-10 18:26:27 - [SUCCESS] Deployed cache-3521 with image memcached:latest (2 replicas)
2025-11-10 18:26:34 - [SUCCESS] Scaled web-1146 to 3 replicas
2025-11-10 18:26:38 - [SUCCESS] Scaled web-1146 to 6 replicas
2025-11-10 18:26:40 - [SUCCESS] Scaled web-1146 to 8 replicas
2025-11-10 18:26:40 - [SUCCESS] Deployed web-9671 with image httpd:latest (3 replicas)
2025-11-10 18:26:43 - [SUCCESS] Scaled web-1146 to 5 replicas
2025-11-10 18:26:46 - [SUCCESS] Scaled web-1146 to 2 replicas
2025-11-10 18:26:52 - [SUCCESS] Scaled worker-1840 to 1 replicas
2025-11-10 18:26:56 - [SUCCESS] Scaled db-2182 to 6 replicas
2025-11-10 18:26:59 - [SUCCESS] Scaled api-2280 to 3 replicas
2025-11-10 18:27:04 - [SUCCESS] Scaled api-2280 to 6 replicas
2025-11-10 18:27:07 - [SUCCESS] Scaled api-2280 to 8 replicas
2025-11-10 18:27:11 - [SUCCESS] Deployed api-7201 with image httpd:latest (4 replicas)
2025-11-10 18:27:12 - [SUCCESS] Scaled api-2280 to 5 replicas
2025-11-10 18:27:15 - [SUCCESS] Scaled api-2280 to 2 replicas
2025-11-10 18:27:27 - [SUCCESS] Scaled db-2182 to 3 replicas
2025-11-10 18:27:31 - [SUCCESS] Scaled db-2182 to 6 replicas
2025-11-10 18:27:35 - [SUCCESS] Scaled db-2182 to 8 replicas
2025-11-10 18:27:36 - [SUCCESS] Deployed db-7829 with image postgres:latest (2 replicas)
2025-11-10 18:27:39 - [SUCCESS] Scaled db-2182 to 5 replicas
2025-11-10 18:27:42 - [SUCCESS] Scaled db-2182 to 2 replicas
2025-11-10 18:27:51 - [SUCCESS] Scaled db-9224 to 1 replicas
2025-11-10 18:27:54 - [SUCCESS] Scaled db-5572 to 3 replicas
2025-11-10 18:27:57 - [SUCCESS] Scaled db-5572 to 6 replicas
2025-11-10 18:28:01 - [SUCCESS] Scaled db-9224 to 5 replicas
2025-11-10 18:28:01 - [SUCCESS] Scaled db-5572 to 8 replicas
2025-11-10 18:28:05 - [SUCCESS] Scaled db-5572 to 5 replicas
2025-11-10 18:28:08 - [SUCCESS] Scaled db-5572 to 2 replicas
2025-11-10 18:28:10 - [SUCCESS] Scaled api-2574 to 3 replicas
2025-11-10 18:28:13 - [SUCCESS] Scaled api-2574 to 6 replicas
2025-11-10 18:28:18 - [SUCCESS] Scaled api-2574 to 8 replicas
2025-11-10 18:28:19 - [SUCCESS] Scaled db-2680 to 5 replicas
2025-11-10 18:28:21 - [SUCCESS] Scaled api-2574 to 5 replicas
2025-11-10 18:28:24 - [SUCCESS] Scaled api-2574 to 2 replicas
2025-11-10 18:28:37 - [SUCCESS] Scaled cache-3559 to 1 replicas
2025-11-10 18:28:48 - [SUCCESS] Scaled worker-5241 to 3 replicas
2025-11-10 18:28:50 - [SUCCESS] Scaled worker-5241 to 6 replicas
2025-11-10 18:28:53 - [SUCCESS] Scaled worker-5241 to 8 replicas
2025-11-10 18:28:57 - [SUCCESS] Scaled db-5423 to 5 replicas
2025-11-10 18:28:57 - [SUCCESS] Scaled worker-5241 to 5 replicas
2025-11-10 18:29:00 - [SUCCESS] Scaled worker-5241 to 2 replicas
2025-11-10 18:29:01 - [SUCCESS] Scaled api-2610 to 3 replicas
2025-11-10 18:29:07 - [SUCCESS] Scaled cache-4899 to 3 replicas
2025-11-10 18:29:10 - [SUCCESS] Scaled cache-4899 to 6 replicas
2025-11-10 18:29:14 - [SUCCESS] Scaled cache-4899 to 8 replicas
2025-11-10 18:29:18 - [SUCCESS] Scaled cache-4899 to 5 replicas
2025-11-10 18:29:19 - [SUCCESS] Scaled web-1146 to 3 replicas
2025-11-10 18:29:21 - [SUCCESS] Scaled cache-4899 to 2 replicas
2025-11-10 18:29:21 - [SUCCESS] Scaled web-1146 to 6 replicas
2025-11-10 18:29:26 - [SUCCESS] Scaled web-1146 to 8 replicas
2025-11-10 18:29:30 - [SUCCESS] Scaled web-1146 to 5 replicas
2025-11-10 18:29:32 - [SUCCESS] Deployed db-1858 with image postgres:latest (2 replicas)
2025-11-10 18:29:34 - [SUCCESS] Scaled web-1146 to 2 replicas
2025-11-10 18:29:43 - [SUCCESS] Scaled worker-1317 to 2 replicas
2025-11-10 18:29:53 - [SUCCESS] Scaled worker-3511 to 1 replicas
2025-11-10 18:29:57 - [SUCCESS] Scaled web-5555 to 1 replicas
2025-11-10 18:30:05 - [SUCCESS] Deployed api-3709 with image nginx:latest (3 replicas)
2025-11-10 18:30:05 - [SUCCESS] Scaled cache-4899 to 3 replicas
2025-11-10 18:30:08 - [SUCCESS] Scaled cache-4899 to 6 replicas
2025-11-10 18:30:12 - [SUCCESS] Scaled cache-4899 to 8 replicas
2025-11-10 18:30:16 - [SUCCESS] Scaled cache-4899 to 5 replicas
2025-11-10 18:30:21 - [SUCCESS] Scaled cache-4899 to 2 replicas
2025-11-10 18:30:28 - [SUCCESS] Scaled cache-1212 to 5 replicas
2025-11-10 18:30:38 - [SUCCESS] Scaled worker-2423 to 3 replicas
2025-11-10 18:30:39 - [SUCCESS] Scaled cache-3431 to 3 replicas
2025-11-10 18:30:42 - [SUCCESS] Scaled worker-2423 to 6 replicas
2025-11-10 18:30:47 - [SUCCESS] Scaled worker-2423 to 8 replicas
2025-11-10 18:30:49 - [SUCCESS] Scaled worker-2423 to 5 replicas
2025-11-10 18:30:54 - [SUCCESS] Scaled worker-2423 to 2 replicas
2025-11-10 18:30:54 - [SUCCESS] Deployed cache-4475 with image memcached:latest (3 replicas)
2025-11-10 18:30:59 - [SUCCESS] Deployed cache-6667 with image memcached:latest (3 replicas)
2025-11-10 18:31:04 - [SUCCESS] Scaled cache-4153 to 3 replicas
2025-11-10 18:31:06 - [SUCCESS] Deployed db-9961 with image mysql:latest (3 replicas)
2025-11-10 18:31:07 - [SUCCESS] Scaled cache-4153 to 6 replicas
2025-11-10 18:31:09 - [SUCCESS] Scaled cache-4153 to 8 replicas
2025-11-10 18:31:13 - [SUCCESS] Scaled db-3774 to 7 replicas
2025-11-10 18:31:14 - [SUCCESS] Scaled cache-4153 to 5 replicas
2025-11-10 18:31:17 - [SUCCESS] Scaled cache-4153 to 2 replicas
2025-11-10 18:31:24 - [SUCCESS] Scaled api-7624 to 2 replicas
2025-11-10 18:31:28 - [SUCCESS] Scaled web-6388 to 3 replicas
2025-11-10 18:31:31 - [SUCCESS] Scaled web-6388 to 6 replicas
2025-11-10 18:31:31 - [SUCCESS] Scaled api-7206 to 3 replicas
2025-11-10 18:31:34 - [SUCCESS] Scaled web-6388 to 8 replicas
2025-11-10 18:31:34 - [SUCCESS] Scaled api-7206 to 6 replicas
2025-11-10 18:31:37 - [SUCCESS] Scaled api-7206 to 8 replicas
2025-11-10 18:31:38 - [SUCCESS] Scaled web-6388 to 5 replicas
2025-11-10 18:31:39 - [SUCCESS] Scaled api-7206 to 5 replicas
2025-11-10 18:31:42 - [SUCCESS] Scaled web-6388 to 2 replicas
2025-11-10 18:31:44 - [SUCCESS] Scaled api-7206 to 2 replicas
2025-11-10 18:31:54 - [SUCCESS] Scaled web-6388 to 3 replicas
2025-11-10 18:31:58 - [SUCCESS] Scaled web-6388 to 6 replicas
2025-11-10 18:32:00 - [SUCCESS] Scaled db-2182 to 3 replicas
2025-11-10 18:32:01 - [SUCCESS] Scaled web-6388 to 8 replicas
2025-11-10 18:32:02 - [SUCCESS] Scaled db-2182 to 6 replicas
2025-11-10 18:32:04 - [SUCCESS] Scaled db-2182 to 8 replicas
2025-11-10 18:32:05 - [SUCCESS] Scaled web-6388 to 5 replicas
2025-11-10 18:32:08 - [SUCCESS] Scaled web-6388 to 2 replicas
2025-11-10 18:32:09 - [SUCCESS] Scaled db-2182 to 5 replicas
2025-11-10 18:32:13 - [SUCCESS] Scaled db-2182 to 2 replicas
2025-11-10 18:32:22 - [SUCCESS] Deployed api-2192 with image httpd:latest (2 replicas)
2025-11-10 18:32:26 - [SUCCESS] Scaled cache-4475 to 4 replicas
2025-11-10 18:32:26 - [SUCCESS] Scaled cache-3559 to 3 replicas
2025-11-10 18:32:33 - [SUCCESS] Scaled cache-1518 to 8 replicas
2025-11-10 18:32:39 - [SUCCESS] Scaled db-5423 to 3 replicas
2025-11-10 18:32:41 - [SUCCESS] Scaled web-2086 to 3 replicas
2025-11-10 18:32:42 - [SUCCESS] Scaled db-5423 to 6 replicas
2025-11-10 18:32:45 - [SUCCESS] Scaled db-5423 to 8 replicas
2025-11-10 18:32:45 - [SUCCESS] Scaled web-2086 to 6 replicas
2025-11-10 18:32:49 - [SUCCESS] Scaled db-5423 to 5 replicas
2025-11-10 18:32:50 - [SUCCESS] Scaled web-2086 to 8 replicas
2025-11-10 18:32:52 - [SUCCESS] Scaled db-5423 to 2 replicas
2025-11-10 18:32:53 - [SUCCESS] Scaled web-2086 to 5 replicas
2025-11-10 18:32:57 - [SUCCESS] Scaled web-2086 to 2 replicas
2025-11-10 18:33:04 - [SUCCESS] Scaled cache-4350 to 2 replicas
2025-11-10 18:33:07 - [SUCCESS] Scaled db-5423 to 8 replicas
2025-11-10 18:33:10 - [SUCCESS] Scaled db-9961 to 3 replicas
2025-11-10 18:33:12 - [SUCCESS] Deployed web-6501 with image httpd:latest (2 replicas)
2025-11-10 18:33:13 - [SUCCESS] Scaled db-9961 to 6 replicas
2025-11-10 18:33:17 - [SUCCESS] Scaled db-9961 to 8 replicas
2025-11-10 18:33:20 - [SUCCESS] Scaled db-9961 to 5 replicas
2025-11-10 18:33:23 - [SUCCESS] Deployed db-8233 with image postgres:latest (1 replicas)
2025-11-10 18:33:25 - [SUCCESS] Scaled db-9961 to 2 replicas
2025-11-10 18:33:30 - [SUCCESS] Deployed cache-8857 with image redis:latest (1 replicas)
2025-11-10 18:33:34 - [SUCCESS] Scaled db-7829 to 3 replicas
2025-11-10 18:33:37 - [SUCCESS] Scaled db-7829 to 6 replicas
2025-11-10 18:33:38 - [SUCCESS] Scaled cache-4899 to 5 replicas
2025-11-10 18:33:42 - [SUCCESS] Scaled db-7829 to 8 replicas
2025-11-10 18:33:46 - [SUCCESS] Scaled db-7829 to 5 replicas
2025-11-10 18:33:49 - [SUCCESS] Scaled db-7829 to 2 replicas
2025-11-10 18:33:56 - [SUCCESS] Deployed worker-4763 with image rabbitmq:latest (5 replicas)
2025-11-10 18:34:05 - [SUCCESS] Scaled web-5555 to 4 replicas
2025-11-10 18:34:05 - [SUCCESS] Scaled db-1858 to 3 replicas
2025-11-10 18:34:07 - [SUCCESS] Scaled db-1858 to 6 replicas
2025-11-10 18:34:10 - [SUCCESS] Scaled cache-3559 to 3 replicas
2025-11-10 18:34:12 - [SUCCESS] Scaled db-1858 to 8 replicas
2025-11-10 18:34:14 - [SUCCESS] Scaled cache-3559 to 6 replicas
2025-11-10 18:34:14 - [SUCCESS] Scaled db-1858 to 5 replicas
2025-11-10 18:34:18 - [SUCCESS] Scaled cache-3559 to 8 replicas
2025-11-10 18:34:19 - [SUCCESS] Scaled db-1858 to 2 replicas
2025-11-10 18:34:23 - [SUCCESS] Scaled cache-3559 to 5 replicas
2025-11-10 18:34:27 - [SUCCESS] Scaled cache-3559 to 2 replicas
2025-11-10 18:34:35 - [SUCCESS] Scaled web-5056 to 3 replicas
2025-11-10 18:34:46 - [SUCCESS] Deployed db-5648 with image mongo:latest (2 replicas)
2025-11-10 18:34:47 - [SUCCESS] Scaled worker-1840 to 4 replicas
2025-11-10 18:34:58 - [SUCCESS] Scaled worker-5241 to 2 replicas
2025-11-10 18:34:58 - [SUCCESS] Scaled api-6328 to 3 replicas
2025-11-10 18:35:00 - [SUCCESS] Scaled api-6328 to 6 replicas
2025-11-10 18:35:05 - [SUCCESS] Scaled api-6328 to 8 replicas
2025-11-10 18:35:06 - [SUCCESS] Deployed cache-6998 with image redis:latest (2 replicas)
2025-11-10 18:35:07 - [SUCCESS] Scaled api-6328 to 5 replicas
2025-11-10 18:35:11 - [SUCCESS] Scaled api-6328 to 2 replicas
2025-11-10 18:35:21 - [SUCCESS] Scaled cache-3988 to 3 replicas
2025-11-10 18:35:23 - [SUCCESS] Deployed web-1526 with image nginx:latest (2 replicas)
2025-11-10 18:35:24 - [SUCCESS] Scaled cache-3988 to 6 replicas
2025-11-10 18:35:27 - [SUCCESS] Scaled cache-3988 to 8 replicas
2025-11-10 18:35:27 - [SUCCESS] Deployed web-3516 with image nginx:latest (4 replicas)
2025-11-10 18:35:32 - [SUCCESS] Scaled cache-3988 to 5 replicas
2025-11-10 18:35:32 - [SUCCESS] Scaled db-2680 to 1 replicas
2025-11-10 18:35:36 - [SUCCESS] Scaled cache-3988 to 2 replicas
2025-11-10 18:35:46 - [SUCCESS] Scaled cache-2366 to 2 replicas
2025-11-10 18:35:51 - [SUCCESS] Scaled api-7206 to 4 replicas
2025-11-10 18:35:55 - [SUCCESS] Scaled cache-8027 to 8 replicas
2025-11-10 18:36:01 - [SUCCESS] Scaled web-5056 to 2 replicas
2025-11-10 18:36:03 - [SUCCESS] Scaled worker-1317 to 6 replicas
2025-11-10 18:36:09 - [SUCCESS] Deployed worker-2494 with image rabbitmq:latest (3 replicas)
2025-11-10 18:36:13 - [SUCCESS] Scaled cache-1518 to 3 replicas
2025-11-10 18:36:17 - [SUCCESS] Scaled cache-1518 to 6 replicas
2025-11-10 18:36:18 - [SUCCESS] Deployed worker-6401 with image redis:latest (2 replicas)
2025-11-10 18:36:21 - [SUCCESS] Scaled cache-1518 to 8 replicas
2025-11-10 18:36:24 - [SUCCESS] Scaled db-2680 to 2 replicas
2025-11-10 18:36:25 - [SUCCESS] Scaled cache-1518 to 5 replicas
2025-11-10 18:36:28 - [SUCCESS] Scaled cache-1518 to 2 replicas
2025-11-10 18:36:28 - [SUCCESS] Scaled api-7201 to 7 replicas
2025-11-10 18:36:36 - [SUCCESS] Scaled worker-3969 to 5 replicas
2025-11-10 18:36:40 - [SUCCESS] Scaled cache-1212 to 1 replicas
2025-11-10 18:36:50 - [SUCCESS] Deployed cache-7636 with image redis:latest (4 replicas)
2025-11-10 18:36:53 - [SUCCESS] Scaled db-9961 to 3 replicas
2025-11-10 18:36:54 - [SUCCESS] Scaled api-2610 to 3 replicas
2025-11-10 18:36:58 - [SUCCESS] Scaled db-9961 to 6 replicas
2025-11-10 18:36:59 - [SUCCESS] Scaled api-2610 to 6 replicas
2025-11-10 18:37:00 - [SUCCESS] Scaled db-9961 to 8 replicas
2025-11-10 18:37:04 - [SUCCESS] Scaled api-2610 to 8 replicas
2025-11-10 18:37:05 - [SUCCESS] Scaled db-9961 to 5 replicas
2025-11-10 18:37:07 - [SUCCESS] Scaled api-2610 to 5 replicas
2025-11-10 18:37:07 - [SUCCESS] Scaled db-9961 to 2 replicas
2025-11-10 18:37:09 - [SUCCESS] Scaled api-2610 to 2 replicas
2025-11-10 18:37:23 - [SUCCESS] Deployed worker-3680 with image rabbitmq:latest (2 replicas)
2025-11-10 18:37:23 - [SUCCESS] Scaled worker-1317 to 2 replicas
2025-11-10 18:37:27 - [SUCCESS] Deployed web-9919 with image httpd:latest (4 replicas)
2025-11-10 18:37:33 - [SUCCESS] Scaled web-9671 to 6 replicas
2025-11-10 18:37:35 - [SUCCESS] Scaled api-2280 to 4 replicas
2025-11-10 18:37:43 - [SUCCESS] Scaled cache-4475 to 6 replicas
2025-11-10 18:37:43 - [SUCCESS] Scaled worker-3680 to 3 replicas
2025-11-10 18:37:46 - [SUCCESS] Scaled worker-3680 to 6 replicas
2025-11-10 18:37:49 - [SUCCESS] Scaled worker-3680 to 8 replicas
2025-11-10 18:37:53 - [SUCCESS] Scaled worker-3680 to 5 replicas
2025-11-10 18:37:57 - [SUCCESS] Scaled db-2680 to 3 replicas
2025-11-10 18:37:58 - [SUCCESS] Scaled worker-3680 to 2 replicas
2025-11-10 18:38:07 - [SUCCESS] Scaled cache-5708 to 4 replicas
2025-11-10 18:38:15 - [SUCCESS] Scaled db-5423 to 3 replicas
2025-11-10 18:38:18 - [SUCCESS] Scaled db-5423 to 6 replicas
2025-11-10 18:38:20 - [SUCCESS] Scaled cache-3431 to 8 replicas
2025-11-10 18:38:21 - [SUCCESS] Scaled db-5423 to 8 replicas
2025-11-10 18:38:25 - [SUCCESS] Deployed db-4473 with image mongo:latest (4 replicas)
2025-11-10 18:38:26 - [SUCCESS] Scaled db-5423 to 5 replicas
2025-11-10 18:38:30 - [SUCCESS] Scaled db-5423 to 2 replicas
2025-11-10 18:38:30 - [SUCCESS] Deployed worker-2561 with image rabbitmq:latest (2 replicas)
2025-11-10 18:38:37 - [SUCCESS] Deployed worker-4804 with image redis:latest (1 replicas)
2025-11-10 18:38:45 - [SUCCESS] Scaled worker-4804 to 3 replicas
2025-11-10 18:38:48 - [SUCCESS] Scaled worker-4804 to 6 replicas
2025-11-10 18:38:52 - [SUCCESS] Scaled worker-4804 to 8 replicas
2025-11-10 18:38:56 - [SUCCESS] Scaled worker-4804 to 5 replicas
2025-11-10 18:38:59 - [SUCCESS] Scaled worker-4804 to 2 replicas
2025-11-10 18:39:00 - [SUCCESS] Deployed cache-6488 with image redis:latest (4 replicas)
2025-11-10 18:39:08 - [SUCCESS] Scaled worker-5241 to 5 replicas
2025-11-10 18:39:13 - [SUCCESS] Deployed worker-9780 with image redis:latest (3 replicas)
2025-11-10 18:39:18 - [SUCCESS] Scaled api-2574 to 6 replicas
2025-11-10 18:39:22 - [SUCCESS] Scaled worker-1317 to 5 replicas
2025-11-10 18:39:22 - [SUCCESS] Scaled cache-8857 to 4 replicas
2025-11-10 18:39:30 - [SUCCESS] Scaled worker-9780 to 1 replicas
2025-11-10 18:39:40 - [SUCCESS] Scaled db-7829 to 4 replicas
2025-11-10 18:39:40 - [SUCCESS] Scaled api-2192 to 3 replicas
2025-11-10 18:39:54 - [SUCCESS] Scaled api-7624 to 3 replicas
2025-11-10 18:39:55 - [SUCCESS] Scaled web-4977 to 4 replicas
2025-11-10 18:39:57 - [SUCCESS] Scaled api-7624 to 6 replicas
2025-11-10 18:40:02 - [SUCCESS] Scaled api-7624 to 8 replicas
2025-11-10 18:40:04 - [SUCCESS] Scaled api-7624 to 5 replicas
2025-11-10 18:40:08 - [SUCCESS] Scaled api-7624 to 2 replicas
2025-11-10 18:40:08 - [SUCCESS] Deployed db-9593 with image mysql:latest (4 replicas)
2025-11-10 18:40:13 - [SUCCESS] Scaled web-9671 to 3 replicas
2025-11-10 18:40:23 - [SUCCESS] Scaled worker-7146 to 1 replicas
2025-11-10 18:40:34 - [SUCCESS] Scaled worker-2423 to 6 replicas
2025-11-10 18:40:35 - [SUCCESS] Scaled db-9224 to 5 replicas
2025-11-10 18:40:42 - [SUCCESS] Scaled cache-4899 to 3 replicas
2025-11-10 18:40:44 - [SUCCESS] Scaled api-7624 to 3 replicas
2025-11-10 18:40:45 - [SUCCESS] Scaled cache-4899 to 6 replicas
2025-11-10 18:40:48 - [SUCCESS] Scaled cache-4899 to 8 replicas
2025-11-10 18:40:48 - [SUCCESS] Scaled db-2680 to 1 replicas
2025-11-10 18:40:53 - [SUCCESS] Scaled cache-4899 to 5 replicas
2025-11-10 18:40:55 - [SUCCESS] Scaled worker-3680 to 5 replicas
2025-11-10 18:40:58 - [SUCCESS] Scaled cache-4899 to 2 replicas
2025-11-10 18:41:13 - [SUCCESS] Scaled cache-1490 to 1 replicas
2025-11-10 18:41:13 - [SUCCESS] Scaled cache-8027 to 1 replicas
2025-11-10 18:41:19 - [SUCCESS] Scaled api-7624 to 8 replicas
2025-11-10 18:41:22 - [SUCCESS] Scaled api-7206 to 4 replicas
2025-11-10 18:41:25 - [SUCCESS] Scaled cache-4475 to 5 replicas
2025-11-10 18:41:28 - [SUCCESS] Scaled cache-3521 to 6 replicas
2025-11-10 18:41:28 - [SUCCESS] Scaled cache-2366 to 3 replicas
2025-11-10 18:41:35 - [SUCCESS] Scaled db-9593 to 3 replicas
2025-11-10 18:41:37 - [SUCCESS] Scaled worker-2877 to 4 replicas
2025-11-10 18:41:48 - [SUCCESS] Deployed api-8347 with image nginx:latest (4 replicas)
2025-11-10 18:41:49 - [SUCCESS] Scaled worker-2494 to 2 replicas
2025-11-10 18:41:53 - [SUCCESS] Scaled api-9209 to 7 replicas
2025-11-10 18:41:59 - [SUCCESS] Scaled cache-6834 to 2 replicas
2025-11-10 18:42:01 - [SUCCESS] Scaled api-7201 to 3 replicas
2025-11-10 18:42:06 - [SUCCESS] Scaled api-7201 to 6 replicas
2025-11-10 18:42:09 - [SUCCESS] Scaled worker-1317 to 3 replicas
2025-11-10 18:42:09 - [SUCCESS] Scaled api-7201 to 8 replicas
2025-11-10 18:42:11 - [SUCCESS] Scaled worker-1317 to 6 replicas
2025-11-10 18:42:12 - [SUCCESS] Scaled api-7201 to 5 replicas
2025-11-10 18:42:15 - [SUCCESS] Scaled worker-1317 to 8 replicas
2025-11-10 18:42:15 - [SUCCESS] Scaled api-7201 to 2 replicas
2025-11-10 18:42:18 - [SUCCESS] Scaled worker-1317 to 5 replicas
2025-11-10 18:42:22 - [SUCCESS] Scaled worker-1317 to 2 replicas
2025-11-10 18:42:33 - [SUCCESS] Scaled worker-3680 to 3 replicas
2025-11-10 18:42:34 - [SUCCESS] Scaled db-3001 to 3 replicas
2025-11-10 18:42:37 - [SUCCESS] Scaled worker-3680 to 6 replicas
2025-11-10 18:42:37 - [SUCCESS] Scaled db-3001 to 6 replicas
2025-11-10 18:42:40 - [SUCCESS] Scaled worker-3680 to 8 replicas
2025-11-10 18:42:42 - [SUCCESS] Scaled db-3001 to 8 replicas
2025-11-10 18:42:43 - [SUCCESS] Scaled worker-3680 to 5 replicas
2025-11-10 18:42:44 - [SUCCESS] Scaled db-3001 to 5 replicas
2025-11-10 18:42:47 - [SUCCESS] Scaled worker-3680 to 2 replicas
2025-11-10 18:42:48 - [SUCCESS] Scaled db-3001 to 2 replicas
2025-11-10 18:42:57 - [SUCCESS] Scaled api-8367 to 3 replicas
2025-11-10 18:43:05 - [SUCCESS] Scaled cache-6488 to 3 replicas
2025-11-10 18:43:07 - [SUCCESS] Scaled db-5648 to 3 replicas
2025-11-10 18:43:08 - [SUCCESS] Scaled cache-6488 to 6 replicas
2025-11-10 18:43:10 - [SUCCESS] Scaled db-5648 to 6 replicas
2025-11-10 18:43:12 - [SUCCESS] Scaled cache-6488 to 8 replicas
2025-11-10 18:43:14 - [SUCCESS] Scaled db-5648 to 8 replicas
2025-11-10 18:43:15 - [SUCCESS] Scaled cache-6488 to 5 replicas
2025-11-10 18:43:16 - [SUCCESS] Scaled db-5648 to 5 replicas
2025-11-10 18:43:19 - [SUCCESS] Scaled cache-6488 to 2 replicas
2025-11-10 18:43:20 - [SUCCESS] Scaled db-5648 to 2 replicas
2025-11-10 18:43:30 - [SUCCESS] Scaled worker-3680 to 3 replicas
2025-11-10 18:43:33 - [SUCCESS] Scaled worker-3680 to 6 replicas
2025-11-10 18:43:36 - [SUCCESS] Scaled worker-3680 to 8 replicas
2025-11-10 18:43:37 - [SUCCESS] Scaled web-5056 to 3 replicas
2025-11-10 18:43:40 - [SUCCESS] Scaled web-5056 to 6 replicas
2025-11-10 18:43:40 - [SUCCESS] Scaled worker-3680 to 5 replicas
2025-11-10 18:43:43 - [SUCCESS] Scaled worker-3680 to 2 replicas
2025-11-10 18:43:43 - [SUCCESS] Scaled web-5056 to 8 replicas
2025-11-10 18:43:47 - [SUCCESS] Scaled web-5056 to 5 replicas
2025-11-10 18:43:50 - [SUCCESS] Scaled web-5056 to 2 replicas
2025-11-10 18:43:56 - [SUCCESS] Deployed cache-9359 with image redis:latest (1 replicas)
2025-11-10 18:44:01 - [SUCCESS] Deployed web-4805 with image httpd:latest (4 replicas)
2025-11-10 18:44:06 - [SUCCESS] Scaled cache-6488 to 5 replicas
2025-11-10 18:44:13 - [SUCCESS] Scaled cache-3431 to 2 replicas
2025-11-10 18:44:17 - [SUCCESS] Scaled api-7624 to 8 replicas
2025-11-10 18:44:20 - [SUCCESS] Scaled api-8367 to 3 replicas
2025-11-10 18:44:21 - [SUCCESS] Scaled db-4473 to 3 replicas
2025-11-10 18:44:23 - [SUCCESS] Scaled api-8367 to 6 replicas
2025-11-10 18:44:27 - [SUCCESS] Scaled api-8367 to 8 replicas
2025-11-10 18:44:30 - [SUCCESS] Scaled db-9668 to 1 replicas
2025-11-10 18:44:32 - [SUCCESS] Scaled api-8367 to 5 replicas
2025-11-10 18:44:35 - [SUCCESS] Scaled api-8367 to 2 replicas
2025-11-10 18:44:38 - [SUCCESS] Scaled cache-8027 to 3 replicas
2025-11-10 18:44:40 - [SUCCESS] Scaled cache-8027 to 6 replicas
2025-11-10 18:44:45 - [SUCCESS] Scaled cache-8027 to 8 replicas
2025-11-10 18:44:50 - [SUCCESS] Scaled cache-8027 to 5 replicas
2025-11-10 18:44:54 - [SUCCESS] Scaled cache-8027 to 2 replicas
2025-11-10 18:45:08 - [SUCCESS] Scaled db-1858 to 1 replicas
2025-11-10 18:45:20 - [SUCCESS] Scaled web-4977 to 3 replicas
2025-11-10 18:45:22 - [SUCCESS] Deployed db-8913 with image postgres:latest (2 replicas)
2025-11-10 18:45:24 - [SUCCESS] Scaled web-4977 to 6 replicas
2025-11-10 18:45:27 - [SUCCESS] Scaled web-4977 to 8 replicas
2025-11-10 18:45:31 - [SUCCESS] Deployed api-6852 with image nginx:latest (2 replicas)
2025-11-10 18:45:31 - [SUCCESS] Scaled web-4977 to 5 replicas
2025-11-10 18:45:36 - [SUCCESS] Scaled web-9122 to 1 replicas
2025-11-10 18:45:36 - [SUCCESS] Scaled web-4977 to 2 replicas
2025-11-10 18:45:40 - [SUCCESS] Scaled db-9593 to 5 replicas
2025-11-10 18:45:47 - [SUCCESS] Scaled api-3709 to 3 replicas
2025-11-10 18:45:51 - [SUCCESS] Deployed web-9010 with image nginx:latest (3 replicas)
2025-11-10 18:45:51 - [SUCCESS] Scaled api-3709 to 6 replicas
2025-11-10 18:45:56 - [SUCCESS] Scaled api-3709 to 8 replicas
2025-11-10 18:45:58 - [SUCCESS] Scaled api-3709 to 5 replicas
2025-11-10 18:46:03 - [SUCCESS] Scaled api-3709 to 2 replicas
2025-11-10 18:46:08 - [SUCCESS] Scaled db-8913 to 3 replicas
2025-11-10 18:46:12 - [SUCCESS] Scaled db-8913 to 6 replicas
2025-11-10 18:46:16 - [SUCCESS] Scaled web-3516 to 6 replicas
2025-11-10 18:46:17 - [SUCCESS] Scaled db-8913 to 8 replicas
2025-11-10 18:46:20 - [SUCCESS] Scaled db-8913 to 5 replicas
2025-11-10 18:46:23 - [SUCCESS] Scaled db-8913 to 2 replicas
2025-11-10 18:46:29 - [SUCCESS] Scaled web-2086 to 4 replicas
2025-11-10 18:46:35 - [SUCCESS] Scaled db-5572 to 8 replicas
2025-11-10 18:46:42 - [SUCCESS] Scaled worker-2877 to 7 replicas
2025-11-10 18:46:43 - [SUCCESS] Scaled api-2280 to 3 replicas
2025-11-10 18:46:47 - [SUCCESS] Scaled api-2280 to 6 replicas
2025-11-10 18:46:52 - [SUCCESS] Scaled api-2280 to 8 replicas
2025-11-10 18:46:56 - [SUCCESS] Scaled api-2280 to 5 replicas
2025-11-10 18:46:57 - [SUCCESS] Scaled db-2680 to 3 replicas
2025-11-10 18:47:00 - [SUCCESS] Scaled api-2280 to 2 replicas
2025-11-10 18:47:01 - [SUCCESS] Scaled worker-3680 to 6 replicas
2025-11-10 18:47:16 - [SUCCESS] Scaled api-2192 to 3 replicas
2025-11-10 18:47:17 - [SUCCESS] Scaled web-5056 to 3 replicas
2025-11-10 18:47:20 - [SUCCESS] Scaled web-5056 to 6 replicas
2025-11-10 18:47:25 - [SUCCESS] Scaled web-5056 to 8 replicas
2025-11-10 18:47:29 - [SUCCESS] Scaled web-5056 to 5 replicas
2025-11-10 18:47:30 - [SUCCESS] Scaled db-2680 to 3 replicas
2025-11-10 18:47:32 - [SUCCESS] Scaled db-2680 to 6 replicas
2025-11-10 18:47:34 - [SUCCESS] Scaled web-5056 to 2 replicas
2025-11-10 18:47:36 - [SUCCESS] Scaled db-2680 to 8 replicas
2025-11-10 18:47:40 - [SUCCESS] Scaled db-2680 to 5 replicas
2025-11-10 18:47:43 - [SUCCESS] Scaled db-2680 to 2 replicas
2025-11-10 18:47:45 - [SUCCESS] Scaled api-2280 to 5 replicas
2025-11-10 18:47:51 - [SUCCESS] Scaled api-7206 to 4 replicas
2025-11-10 18:47:53 - [SUCCESS] Scaled worker-4763 to 3 replicas
2025-11-10 18:47:55 - [SUCCESS] Scaled worker-4763 to 6 replicas
2025-11-10 18:47:58 - [SUCCESS] Scaled worker-4763 to 8 replicas
2025-11-10 18:48:01 - [SUCCESS] Scaled worker-4763 to 5 replicas
2025-11-10 18:48:02 - [SUCCESS] Scaled db-5648 to 8 replicas
2025-11-10 18:48:04 - [SUCCESS] Scaled worker-4763 to 2 replicas
2025-11-10 18:48:07 - [SUCCESS] Scaled worker-9780 to 3 replicas
2025-11-10 18:48:10 - [SUCCESS] Scaled worker-9780 to 6 replicas
2025-11-10 18:48:15 - [SUCCESS] Scaled worker-9780 to 8 replicas
2025-11-10 18:48:16 - [SUCCESS] Scaled cache-4475 to 3 replicas
2025-11-10 18:48:20 - [SUCCESS] Scaled worker-9780 to 5 replicas
2025-11-10 18:48:21 - [SUCCESS] Scaled cache-4475 to 6 replicas
2025-11-10 18:48:23 - [SUCCESS] Scaled cache-4475 to 8 replicas
2025-11-10 18:48:23 - [SUCCESS] Scaled worker-9780 to 2 replicas
2025-11-10 18:48:27 - [SUCCESS] Scaled cache-4475 to 5 replicas
2025-11-10 18:48:29 - [SUCCESS] Scaled cache-4475 to 2 replicas
2025-11-10 18:48:31 - [SUCCESS] Deployed db-7409 with image mysql:latest (2 replicas)
2025-11-10 18:48:35 - [SUCCESS] Scaled api-7206 to 7 replicas
2025-11-10 18:48:39 - [SUCCESS] Scaled web-1526 to 3 replicas
2025-11-10 18:48:40 - [SUCCESS] Scaled cache-1212 to 5 replicas
2025-11-10 18:48:42 - [SUCCESS] Scaled web-1526 to 6 replicas
2025-11-10 18:48:44 - [SUCCESS] Scaled web-1526 to 8 replicas
2025-11-10 18:48:46 - [SUCCESS] Scaled web-1526 to 5 replicas
2025-11-10 18:48:47 - [SUCCESS] Scaled cache-3559 to 6 replicas
2025-11-10 18:48:49 - [SUCCESS] Scaled web-1526 to 2 replicas
2025-11-10 18:49:00 - [SUCCESS] Scaled cache-4740 to 5 replicas
2025-11-10 18:49:02 - [SUCCESS] Scaled db-7829 to 2 replicas
2025-11-10 18:49:05 - [SUCCESS] Deployed worker-3448 with image redis:latest (5 replicas)
2025-11-10 18:49:07 - [SUCCESS] Scaled cache-5708 to 6 replicas
2025-11-10 18:49:21 - [SUCCESS] Scaled cache-3521 to 1 replicas
2025-11-10 18:49:23 - [SUCCESS] Scaled cache-5708 to 8 replicas
2025-11-10 18:49:26 - [SUCCESS] Scaled db-3774 to 5 replicas
2025-11-10 18:49:28 - [SUCCESS] Scaled worker-4804 to 3 replicas
2025-11-10 18:49:31 - [SUCCESS] Scaled worker-4804 to 6 replicas
2025-11-10 18:49:34 - [SUCCESS] Scaled web-9122 to 2 replicas
2025-11-10 18:49:35 - [SUCCESS] Scaled worker-4804 to 8 replicas
2025-11-10 18:49:40 - [SUCCESS] Scaled worker-4804 to 5 replicas
2025-11-10 18:49:41 - [SUCCESS] Scaled api-7624 to 3 replicas
2025-11-10 18:49:42 - [SUCCESS] Scaled worker-4804 to 2 replicas
2025-11-10 18:49:44 - [SUCCESS] Scaled api-7624 to 6 replicas
2025-11-10 18:49:48 - [SUCCESS] Scaled api-7624 to 8 replicas
2025-11-10 18:49:50 - [SUCCESS] Deployed api-9601 with image nginx:latest (3 replicas)
2025-11-10 18:49:53 - [SUCCESS] Scaled api-7624 to 5 replicas
2025-11-10 18:49:53 - [SUCCESS] Deployed api-6963 with image nginx:latest (2 replicas)
2025-11-10 18:49:55 - [SUCCESS] Scaled api-7624 to 2 replicas
2025-11-10 18:50:01 - [SUCCESS] Scaled db-3774 to 2 replicas
2025-11-10 18:50:10 - [SUCCESS] Scaled web-6501 to 4 replicas
2025-11-10 18:50:13 - [SUCCESS] Scaled cache-7520 to 6 replicas
2025-11-10 18:50:21 - [SUCCESS] Scaled worker-2877 to 4 replicas
2025-11-10 18:50:23 - [SUCCESS] Scaled worker-1840 to 1 replicas
2025-11-10 18:50:33 - [SUCCESS] Scaled cache-3988 to 3 replicas
2025-11-10 18:50:37 - [SUCCESS] Scaled cache-3988 to 6 replicas
2025-11-10 18:50:37 - [SUCCESS] Scaled worker-4804 to 6 replicas
2025-11-10 18:50:41 - [SUCCESS] Scaled cache-3988 to 8 replicas
2025-11-10 18:50:45 - [SUCCESS] Scaled cache-3988 to 5 replicas
2025-11-10 18:50:50 - [SUCCESS] Scaled db-3774 to 5 replicas
2025-11-10 18:50:50 - [SUCCESS] Scaled cache-3988 to 2 replicas
2025-11-10 18:50:58 - [SUCCESS] Deployed cache-8056 with image redis:latest (2 replicas)
2025-11-10 18:51:03 - [SUCCESS] Scaled web-4977 to 3 replicas
2025-11-10 18:51:08 - [SUCCESS] Scaled web-4977 to 6 replicas
2025-11-10 18:51:08 - [SUCCESS] Deployed web-4589 with image httpd:latest (4 replicas)
2025-11-10 18:51:12 - [SUCCESS] Scaled web-4977 to 8 replicas
2025-11-10 18:51:14 - [SUCCESS] Scaled web-4977 to 5 replicas
2025-11-10 18:51:16 - [SUCCESS] Scaled cache-8056 to 1 replicas
2025-11-10 18:51:18 - [SUCCESS] Scaled web-4977 to 2 replicas
2025-11-10 18:51:22 - [SUCCESS] Scaled worker-2494 to 1 replicas
2025-11-10 18:51:32 - [SUCCESS] Scaled web-5056 to 2 replicas
2025-11-10 18:51:46 - [SUCCESS] Scaled web-1526 to 3 replicas
2025-11-10 18:51:49 - [SUCCESS] Scaled worker-4763 to 7 replicas
2025-11-10 18:51:51 - [SUCCESS] Scaled web-1526 to 6 replicas
2025-11-10 18:51:53 - [SUCCESS] Scaled web-1526 to 8 replicas
2025-11-10 18:51:57 - [SUCCESS] Scaled db-5572 to 8 replicas
2025-11-10 18:51:57 - [SUCCESS] Scaled web-1526 to 5 replicas
2025-11-10 18:52:01 - [SUCCESS] Scaled web-1526 to 2 replicas
2025-11-10 18:52:01 - [SUCCESS] Scaled db-1858 to 7 replicas
2025-11-10 18:52:05 - [SUCCESS] Scaled db-8233 to 4 replicas
2025-11-10 18:52:16 - [SUCCESS] Scaled cache-1490 to 3 replicas
2025-11-10 18:52:17 - [SUCCESS] Deployed db-3420 with image postgres:latest (2 replicas)
2025-11-10 18:52:18 - [SUCCESS] Scaled cache-1490 to 6 replicas
2025-11-10 18:52:22 - [SUCCESS] Scaled cache-1490 to 8 replicas
2025-11-10 18:52:23 - [SUCCESS] Scaled cache-6667 to 2 replicas
2025-11-10 18:52:27 - [SUCCESS] Scaled cache-1490 to 5 replicas
2025-11-10 18:52:30 - [SUCCESS] Scaled cache-1490 to 2 replicas
2025-11-10 18:52:35 - [SUCCESS] Deployed api-9258 with image nginx:latest (4 replicas)
2025-11-10 18:52:43 - [SUCCESS] Scaled db-9668 to 3 replicas
2025-11-10 18:52:46 - [SUCCESS] Scaled web-1526 to 2 replicas
2025-11-10 18:52:47 - [SUCCESS] Scaled db-9668 to 6 replicas
2025-11-10 18:52:52 - [SUCCESS] Scaled db-9668 to 8 replicas
2025-11-10 18:52:55 - [SUCCESS] Scaled db-9668 to 5 replicas
2025-11-10 18:52:57 - [SUCCESS] Scaled db-7409 to 6 replicas
2025-11-10 18:52:59 - [SUCCESS] Scaled db-9668 to 2 replicas
2025-11-10 18:53:04 - [SUCCESS] Scaled api-7158 to 2 replicas
2025-11-10 18:53:09 - [SUCCESS] Scaled worker-1840 to 7 replicas
2025-11-10 18:53:13 - [SUCCESS] Scaled api-6852 to 8 replicas
2025-11-10 18:53:18 - [SUCCESS] Scaled db-3313 to 3 replicas
2025-11-10 18:53:24 - [SUCCESS] Scaled db-8913 to 4 replicas
2025-11-10 18:53:28 - [SUCCESS] Scaled worker-3969 to 1 replicas
2025-11-10 18:53:32 - [SUCCESS] Deployed worker-2748 with image redis:latest (4 replicas)
2025-11-10 18:53:37 - [SUCCESS] Scaled db-8233 to 5 replicas
2025-11-10 18:53:40 - [SUCCESS] Deployed db-4423 with image postgres:latest (5 replicas)
2025-11-10 18:53:44 - [SUCCESS] Scaled web-9919 to 3 replicas
2025-11-10 18:53:47 - [SUCCESS] Scaled web-9919 to 6 replicas
2025-11-10 18:53:51 - [SUCCESS] Scaled web-9919 to 8 replicas
2025-11-10 18:53:51 - [SUCCESS] Deployed api-8210 with image nginx:latest (2 replicas)
2025-11-10 18:53:55 - [SUCCESS] Scaled web-9919 to 5 replicas
2025-11-10 18:53:58 - [SUCCESS] Scaled web-9919 to 2 replicas
2025-11-10 18:54:02 - [SUCCESS] Deployed worker-1990 with image redis:latest (2 replicas)
2025-11-10 18:54:07 - [SUCCESS] Scaled web-4589 to 3 replicas
2025-11-10 18:54:08 - [SUCCESS] Scaled db-2182 to 3 replicas
2025-11-10 18:54:11 - [SUCCESS] Scaled db-2182 to 6 replicas
2025-11-10 18:54:11 - [SUCCESS] Scaled web-4589 to 6 replicas
2025-11-10 18:54:13 - [SUCCESS] Scaled db-2182 to 8 replicas
2025-11-10 18:54:14 - [SUCCESS] Scaled web-4589 to 8 replicas
2025-11-10 18:54:15 - [SUCCESS] Scaled db-2182 to 5 replicas
2025-11-10 18:54:18 - [SUCCESS] Scaled web-4589 to 5 replicas
2025-11-10 18:54:18 - [SUCCESS] Scaled db-2182 to 2 replicas
2025-11-10 18:54:20 - [SUCCESS] Scaled web-4589 to 2 replicas
2025-11-10 18:54:27 - [SUCCESS] Scaled cache-9359 to 6 replicas
2025-11-10 18:54:31 - [SUCCESS] Scaled db-2182 to 3 replicas
2025-11-10 18:54:32 - [SUCCESS] Scaled cache-6667 to 3 replicas
2025-11-10 18:54:41 - [SUCCESS] Scaled api-9209 to 3 replicas
2025-11-10 18:54:43 - [SUCCESS] Deployed db-6918 with image mysql:latest (2 replicas)
2025-11-10 18:54:53 - [SUCCESS] Scaled worker-3969 to 5 replicas
2025-11-10 18:54:57 - [SUCCESS] Deployed db-1012 with image mysql:latest (1 replicas)
2025-11-10 18:55:02 - [SUCCESS] Scaled cache-4899 to 3 replicas
2025-11-10 18:55:05 - [SUCCESS] Scaled cache-4899 to 6 replicas
2025-11-10 18:55:06 - [SUCCESS] Scaled cache-4153 to 3 replicas
2025-11-10 18:55:08 - [SUCCESS] Scaled cache-4899 to 8 replicas
2025-11-10 18:55:10 - [SUCCESS] Scaled cache-4899 to 5 replicas
2025-11-10 18:55:15 - [SUCCESS] Scaled cache-4899 to 2 replicas
2025-11-10 18:55:20 - [SUCCESS] Scaled worker-1840 to 3 replicas
2025-11-10 18:55:22 - [SUCCESS] Scaled api-5008 to 5 replicas
2025-11-10 18:55:26 - [SUCCESS] Deployed web-1077 with image nginx:latest (4 replicas)
2025-11-10 18:55:34 - [SUCCESS] Scaled db-3420 to 3 replicas
2025-11-10 18:55:49 - [SUCCESS] Scaled web-4589 to 3 replicas
2025-11-10 18:56:00 - [SUCCESS] Scaled api-2280 to 3 replicas
2025-11-10 18:56:03 - [SUCCESS] Scaled api-2280 to 6 replicas
2025-11-10 18:56:04 - [SUCCESS] Scaled cache-5708 to 3 replicas
2025-11-10 18:56:06 - [SUCCESS] Scaled cache-5708 to 6 replicas
2025-11-10 18:56:07 - [SUCCESS] Scaled api-2280 to 8 replicas
2025-11-10 18:56:09 - [SUCCESS] Scaled api-2280 to 5 replicas
2025-11-10 18:56:09 - [SUCCESS] Scaled cache-5708 to 8 replicas
2025-11-10 18:56:12 - [SUCCESS] Scaled cache-5708 to 5 replicas
2025-11-10 18:56:12 - [SUCCESS] Scaled api-2280 to 2 replicas
2025-11-10 18:56:15 - [SUCCESS] Scaled cache-5708 to 2 replicas
2025-11-10 18:56:24 - [SUCCESS] Scaled cache-1490 to 8 replicas
2025-11-10 18:56:27 - [SUCCESS] Scaled db-1012 to 8 replicas
2025-11-10 18:56:29 - [SUCCESS] Scaled worker-2748 to 1 replicas
2025-11-10 18:56:34 - [SUCCESS] Scaled worker-2877 to 3 replicas
2025-11-10 18:56:37 - [SUCCESS] Scaled api-8367 to 1 replicas
2025-11-10 18:56:43 - [SUCCESS] Scaled cache-6488 to 4 replicas
2025-11-10 18:56:47 - [SUCCESS] Deployed web-4371 with image httpd:latest (2 replicas)
2025-11-10 18:56:52 - [SUCCESS] Scaled api-7158 to 8 replicas
2025-11-10 18:56:55 - [SUCCESS] Scaled web-6501 to 3 replicas
2025-11-10 18:57:00 - [SUCCESS] Scaled api-3709 to 3 replicas
2025-11-10 18:57:03 - [SUCCESS] Scaled api-3709 to 6 replicas
2025-11-10 18:57:06 - [SUCCESS] Scaled api-3709 to 8 replicas
2025-11-10 18:57:08 - [SUCCESS] Scaled db-1858 to 4 replicas
2025-11-10 18:57:09 - [SUCCESS] Scaled api-3709 to 5 replicas
2025-11-10 18:57:14 - [SUCCESS] Scaled api-3709 to 2 replicas
2025-11-10 18:57:21 - [SUCCESS] Scaled web-9671 to 3 replicas
2025-11-10 18:57:22 - [SUCCESS] Deployed db-8806 with image mongo:latest (2 replicas)
2025-11-10 18:57:27 - [SUCCESS] Scaled worker-1317 to 8 replicas
2025-11-10 18:57:28 - [SUCCESS] Scaled web-2086 to 3 replicas
2025-11-10 18:57:32 - [SUCCESS] Scaled web-2086 to 6 replicas
2025-11-10 18:57:38 - [SUCCESS] Scaled web-2086 to 8 replicas
2025-11-10 18:57:42 - [SUCCESS] Scaled web-2086 to 5 replicas
2025-11-10 18:57:45 - [SUCCESS] Scaled web-2086 to 2 replicas
2025-11-10 18:57:52 - [SUCCESS] Scaled web-2086 to 7 replicas
2025-11-10 18:58:03 - [SUCCESS] Scaled db-3001 to 3 replicas
2025-11-10 18:58:05 - [SUCCESS] Scaled db-1858 to 5 replicas
2025-11-10 18:58:07 - [SUCCESS] Scaled db-3001 to 6 replicas
2025-11-10 18:58:11 - [SUCCESS] Scaled db-3001 to 8 replicas
2025-11-10 18:58:15 - [SUCCESS] Scaled db-3001 to 5 replicas
2025-11-10 18:58:15 - [SUCCESS] Scaled worker-3448 to 7 replicas
2025-11-10 18:58:17 - [SUCCESS] Scaled db-3001 to 2 replicas
2025-11-10 18:58:21 - [SUCCESS] Scaled db-2182 to 2 replicas
2025-11-10 18:58:24 - [SUCCESS] Scaled cache-6834 to 6 replicas
2025-11-10 18:58:29 - [SUCCESS] Scaled web-9919 to 3 replicas
2025-11-10 18:58:41 - [SUCCESS] Scaled api-2192 to 5 replicas
2025-11-10 18:58:43 - [SUCCESS] Scaled db-3774 to 3 replicas
2025-11-10 18:58:45 - [SUCCESS] Scaled db-3774 to 6 replicas
2025-11-10 18:58:50 - [SUCCESS] Scaled db-3774 to 8 replicas
2025-11-10 18:58:54 - [SUCCESS] Scaled db-3774 to 5 replicas
2025-11-10 18:58:57 - [SUCCESS] Scaled db-3774 to 2 replicas
2025-11-10 18:59:00 - [SUCCESS] Deployed api-9058 with image nginx:latest (1 replicas)
2025-11-10 18:59:04 - [SUCCESS] Scaled web-4371 to 7 replicas
2025-11-10 18:59:11 - [SUCCESS] Scaled cache-6667 to 3 replicas
2025-11-10 18:59:13 - [SUCCESS] Scaled cache-6667 to 6 replicas
2025-11-10 18:59:18 - [SUCCESS] Scaled cache-6667 to 8 replicas
2025-11-10 18:59:20 - [SUCCESS] Scaled cache-6667 to 5 replicas
2025-11-10 18:59:23 - [SUCCESS] Scaled cache-6667 to 2 replicas
2025-11-10 18:59:32 - [SUCCESS] Scaled web-5555 to 7 replicas
2025-11-10 18:59:40 - [SUCCESS] Scaled worker-2494 to 3 replicas
2025-11-10 18:59:43 - [SUCCESS] Scaled api-2610 to 6 replicas
2025-11-10 18:59:44 - [SUCCESS] Scaled worker-2494 to 6 replicas
2025-11-10 18:59:47 - [SUCCESS] Scaled worker-2494 to 8 replicas
2025-11-10 18:59:48 - [SUCCESS] Scaled worker-1317 to 2 replicas
2025-11-10 18:59:49 - [SUCCESS] Scaled worker-2494 to 5 replicas
2025-11-10 18:59:53 - [SUCCESS] Scaled worker-2494 to 2 replicas
2025-11-10 19:00:00 - [SUCCESS] Deployed cache-7738 with image memcached:latest (4 replicas)
2025-11-10 19:00:04 - [SUCCESS] Scaled web-9010 to 7 replicas
2025-11-10 19:00:05 - [SUCCESS] Scaled worker-2494 to 3 replicas
2025-11-10 19:00:08 - [SUCCESS] Scaled worker-2494 to 6 replicas
2025-11-10 19:00:10 - [SUCCESS] Scaled worker-4763 to 8 replicas
2025-11-10 19:00:13 - [SUCCESS] Scaled worker-2494 to 8 replicas
2025-11-10 19:00:17 - [SUCCESS] Scaled worker-2494 to 5 replicas
2025-11-10 19:00:22 - [SUCCESS] Scaled worker-2494 to 2 replicas
2025-11-10 19:00:23 - [SUCCESS] Scaled db-3420 to 1 replicas
2025-11-10 19:00:28 - [SUCCESS] Scaled db-5572 to 4 replicas
2025-11-10 19:00:32 - [SUCCESS] Deployed cache-5020 with image memcached:latest (3 replicas)
2025-11-10 19:00:39 - [SUCCESS] Scaled web-1526 to 3 replicas
2025-11-10 19:00:42 - [SUCCESS] Scaled cache-3521 to 2 replicas
2025-11-10 19:00:43 - [SUCCESS] Scaled web-1526 to 6 replicas
2025-11-10 19:00:47 - [SUCCESS] Scaled web-4589 to 3 replicas
2025-11-10 19:00:47 - [SUCCESS] Scaled web-1526 to 8 replicas
2025-11-10 19:00:51 - [SUCCESS] Scaled web-4589 to 6 replicas
2025-11-10 19:00:52 - [SUCCESS] Scaled web-1526 to 5 replicas
2025-11-10 19:00:54 - [SUCCESS] Scaled web-4589 to 8 replicas
2025-11-10 19:00:54 - [SUCCESS] Scaled web-1526 to 2 replicas
2025-11-10 19:00:59 - [SUCCESS] Scaled web-4589 to 5 replicas
2025-11-10 19:01:02 - [SUCCESS] Scaled web-4589 to 2 replicas
2025-11-10 19:01:08 - [SUCCESS] Scaled worker-4804 to 6 replicas
2025-11-10 19:01:13 - [SUCCESS] Scaled web-1146 to 1 replicas
2025-11-10 19:01:20 - [SUCCESS] Scaled cache-4899 to 1 replicas
2025-11-10 19:01:31 - [SUCCESS] Scaled worker-2561 to 3 replicas
2025-11-10 19:01:33 - [SUCCESS] Deployed worker-6346 with image rabbitmq:latest (3 replicas)
2025-11-10 19:01:35 - [SUCCESS] Scaled worker-2561 to 6 replicas
2025-11-10 19:01:38 - [SUCCESS] Scaled worker-2561 to 8 replicas
2025-11-10 19:01:43 - [SUCCESS] Scaled worker-2561 to 5 replicas
2025-11-10 19:01:45 - [SUCCESS] Scaled web-5555 to 1 replicas
2025-11-10 19:01:47 - [SUCCESS] Scaled worker-2561 to 2 replicas
2025-11-10 19:01:53 - [SUCCESS] Scaled worker-6346 to 2 replicas
2025-11-10 19:01:59 - [SUCCESS] Scaled worker-2561 to 6 replicas
2025-11-10 19:02:05 - [SUCCESS] Deployed cache-1635 with image redis:latest (3 replicas)
2025-11-10 19:02:09 - [SUCCESS] Deployed web-3077 with image httpd:latest (4 replicas)
2025-11-10 19:02:12 - [SUCCESS] Scaled api-9258 to 3 replicas
2025-11-10 19:02:15 - [SUCCESS] Deployed cache-5056 with image redis:latest (4 replicas)
2025-11-10 19:02:19 - [SUCCESS] Scaled cache-3431 to 3 replicas
2025-11-10 19:02:22 - [SUCCESS] Scaled cache-3431 to 6 replicas
2025-11-10 19:02:25 - [SUCCESS] Scaled cache-3431 to 8 replicas
2025-11-10 19:02:27 - [SUCCESS] Scaled cache-3431 to 5 replicas
2025-11-10 19:02:29 - [SUCCESS] Scaled cache-4475 to 1 replicas
2025-11-10 19:02:30 - [SUCCESS] Scaled cache-3431 to 2 replicas
2025-11-10 19:02:33 - [SUCCESS] Deployed db-4300 with image postgres:latest (4 replicas)
2025-11-10 19:02:41 - [SUCCESS] Scaled api-7624 to 3 replicas
2025-11-10 19:02:41 - [SUCCESS] Scaled db-9668 to 7 replicas
2025-11-10 19:02:44 - [SUCCESS] Scaled api-7624 to 6 replicas
2025-11-10 19:02:46 - [SUCCESS] Deployed worker-6505 with image redis:latest (1 replicas)
2025-11-10 19:02:48 - [SUCCESS] Scaled api-7624 to 8 replicas
2025-11-10 19:02:53 - [SUCCESS] Scaled api-7624 to 5 replicas
2025-11-10 19:02:57 - [SUCCESS] Scaled api-7624 to 2 replicas
2025-11-10 19:03:01 - [SUCCESS] Scaled api-8210 to 4 replicas
2025-11-10 19:03:07 - [SUCCESS] Deployed db-4203 with image mongo:latest (2 replicas)
2025-11-10 19:03:11 - [SUCCESS] Scaled cache-3431 to 3 replicas
2025-11-10 19:03:14 - [SUCCESS] Scaled worker-4763 to 6 replicas
2025-11-10 19:03:14 - [SUCCESS] Scaled cache-3431 to 6 replicas
2025-11-10 19:03:19 - [SUCCESS] Scaled cache-3431 to 8 replicas
2025-11-10 19:03:21 - [SUCCESS] Scaled cache-3431 to 5 replicas
2025-11-10 19:03:24 - [SUCCESS] Deployed db-8583 with image postgres:latest (2 replicas)
2025-11-10 19:03:25 - [SUCCESS] Scaled cache-3431 to 2 replicas
2025-11-10 19:03:30 - [SUCCESS] Scaled worker-6346 to 7 replicas
2025-11-10 19:03:36 - [SUCCESS] Scaled db-1858 to 3 replicas
2025-11-10 19:03:38 - [SUCCESS] Scaled cache-4740 to 3 replicas
2025-11-10 19:03:41 - [SUCCESS] Scaled cache-4740 to 6 replicas
2025-11-10 19:03:44 - [SUCCESS] Scaled cache-4740 to 8 replicas
2025-11-10 19:03:44 - [SUCCESS] Scaled cache-6998 to 2 replicas
2025-11-10 19:03:47 - [SUCCESS] Scaled cache-4740 to 5 replicas
2025-11-10 19:03:51 - [SUCCESS] Deployed db-4852 with image postgres:latest (2 replicas)
2025-11-10 19:03:52 - [SUCCESS] Scaled cache-4740 to 2 replicas
2025-11-10 19:03:56 - [SUCCESS] Scaled api-2192 to 3 replicas
2025-11-10 19:03:59 - [SUCCESS] Scaled api-2192 to 6 replicas
2025-11-10 19:04:02 - [SUCCESS] Scaled api-2192 to 8 replicas
2025-11-10 19:04:06 - [SUCCESS] Scaled api-2192 to 5 replicas
2025-11-10 19:04:08 - [SUCCESS] Scaled api-2610 to 5 replicas
2025-11-10 19:04:09 - [SUCCESS] Scaled api-2192 to 2 replicas
2025-11-10 19:04:16 - [SUCCESS] Scaled api-6328 to 1 replicas
2025-11-10 19:04:22 - [SUCCESS] Scaled api-7206 to 3 replicas
2025-11-10 19:04:24 - [SUCCESS] Scaled api-7206 to 6 replicas
2025-11-10 19:04:27 - [SUCCESS] Scaled api-7206 to 8 replicas
2025-11-10 19:04:27 - [SUCCESS] Scaled cache-6488 to 2 replicas
2025-11-10 19:04:32 - [SUCCESS] Scaled api-7206 to 5 replicas
2025-11-10 19:04:35 - [SUCCESS] Scaled api-7206 to 2 replicas
2025-11-10 19:04:36 - [SUCCESS] Scaled worker-6346 to 3 replicas
2025-11-10 19:04:41 - [SUCCESS] Scaled api-7158 to 3 replicas
2025-11-10 19:04:41 - [SUCCESS] Scaled worker-6346 to 6 replicas
2025-11-10 19:04:44 - [SUCCESS] Scaled api-7158 to 6 replicas
2025-11-10 19:04:45 - [SUCCESS] Scaled worker-6346 to 8 replicas
2025-11-10 19:04:48 - [SUCCESS] Scaled api-7158 to 8 replicas
2025-11-10 19:04:50 - [SUCCESS] Scaled worker-6346 to 5 replicas
2025-11-10 19:04:50 - [SUCCESS] Scaled api-7158 to 5 replicas
2025-11-10 19:04:53 - [SUCCESS] Scaled api-7158 to 2 replicas
2025-11-10 19:04:54 - [SUCCESS] Scaled worker-6346 to 2 replicas
2025-11-10 19:05:07 - [SUCCESS] Scaled api-3709 to 5 replicas
2025-11-10 19:05:08 - [SUCCESS] Scaled cache-7738 to 3 replicas
2025-11-10 19:05:12 - [SUCCESS] Scaled cache-7738 to 6 replicas
2025-11-10 19:05:15 - [SUCCESS] Scaled cache-7738 to 8 replicas
2025-11-10 19:05:18 - [SUCCESS] Scaled cache-7738 to 5 replicas
2025-11-10 19:05:18 - [SUCCESS] Scaled api-8210 to 3 replicas
2025-11-10 19:05:21 - [SUCCESS] Scaled api-8210 to 6 replicas
2025-11-10 19:05:21 - [SUCCESS] Scaled cache-7738 to 2 replicas
2025-11-10 19:05:23 - [SUCCESS] Scaled api-8210 to 8 replicas
2025-11-10 19:05:26 - [SUCCESS] Scaled api-8210 to 5 replicas
2025-11-10 19:05:31 - [SUCCESS] Scaled api-8210 to 2 replicas
2025-11-10 19:05:34 - [SUCCESS] Scaled worker-7146 to 4 replicas
2025-11-10 19:05:40 - [SUCCESS] Scaled cache-4899 to 6 replicas
2025-11-10 19:05:41 - [SUCCESS] Scaled worker-3680 to 4 replicas
2025-11-10 19:05:45 - [SUCCESS] Scaled worker-6346 to 8 replicas
2025-11-10 19:05:51 - [SUCCESS] Scaled web-5555 to 6 replicas
2025-11-10 19:05:53 - [SUCCESS] Scaled api-2280 to 2 replicas
2025-11-10 19:05:57 - [SUCCESS] Deployed worker-5780 with image rabbitmq:latest (1 replicas)
2025-11-10 19:06:01 - [SUCCESS] Scaled cache-7520 to 3 replicas
2025-11-10 19:06:05 - [SUCCESS] Scaled web-2086 to 3 replicas
2025-11-10 19:06:05 - [SUCCESS] Scaled cache-7520 to 6 replicas
2025-11-10 19:06:07 - [SUCCESS] Scaled cache-7520 to 8 replicas
2025-11-10 19:06:07 - [SUCCESS] Scaled web-2086 to 6 replicas
2025-11-10 19:06:11 - [SUCCESS] Scaled cache-7520 to 5 replicas
2025-11-10 19:06:11 - [SUCCESS] Scaled web-2086 to 8 replicas
2025-11-10 19:06:14 - [SUCCESS] Scaled web-2086 to 5 replicas
2025-11-10 19:06:15 - [SUCCESS] Scaled cache-7520 to 2 replicas
2025-11-10 19:06:17 - [SUCCESS] Scaled web-2086 to 2 replicas
2025-11-10 19:06:29 - [SUCCESS] Scaled web-5555 to 6 replicas
2025-11-10 19:06:29 - [SUCCESS] Scaled db-3420 to 7 replicas
2025-11-10 19:06:42 - [SUCCESS] Deployed api-6192 with image nginx:latest (2 replicas)
2025-11-10 19:06:43 - [SUCCESS] Scaled worker-5241 to 3 replicas
2025-11-10 19:06:45 - [SUCCESS] Deployed cache-5101 with image redis:latest (1 replicas)
2025-11-10 19:06:46 - [SUCCESS] Scaled worker-5241 to 6 replicas
2025-11-10 19:06:48 - [SUCCESS] Scaled worker-5241 to 8 replicas
2025-11-10 19:06:51 - [SUCCESS] Scaled db-2182 to 3 replicas
2025-11-10 19:06:53 - [SUCCESS] Scaled worker-5241 to 5 replicas
2025-11-10 19:06:55 - [SUCCESS] Scaled db-2182 to 6 replicas
2025-11-10 19:06:56 - [SUCCESS] Scaled worker-5241 to 2 replicas
2025-11-10 19:07:00 - [SUCCESS] Scaled db-2182 to 8 replicas
2025-11-10 19:07:02 - [SUCCESS] Scaled db-2182 to 5 replicas
2025-11-10 19:07:07 - [SUCCESS] Scaled db-2182 to 2 replicas
2025-11-10 19:07:08 - [SUCCESS] Scaled cache-6488 to 4 replicas
2025-11-10 19:07:14 - [SUCCESS] Deployed worker-8838 with image redis:latest (1 replicas)
2025-11-10 19:07:17 - [SUCCESS] Scaled worker-2561 to 1 replicas
2025-11-10 19:07:19 - [SUCCESS] Scaled api-7201 to 4 replicas
2025-11-10 19:07:23 - [SUCCESS] Scaled cache-6667 to 4 replicas
2025-11-10 19:07:29 - [SUCCESS] Scaled cache-9359 to 8 replicas
2025-11-10 19:07:31 - [SUCCESS] Scaled db-3420 to 4 replicas
2025-11-10 19:07:40 - [SUCCESS] Scaled worker-1317 to 4 replicas
2025-11-10 19:07:44 - [SUCCESS] Deployed db-5433 with image postgres:latest (1 replicas)
2025-11-10 19:07:48 - [SUCCESS] Deployed api-2321 with image nginx:latest (3 replicas)
2025-11-10 19:07:50 - [SUCCESS] Scaled worker-5780 to 6 replicas
2025-11-10 19:07:59 - [SUCCESS] Scaled api-5008 to 6 replicas
2025-11-10 19:07:59 - [SUCCESS] Scaled cache-5708 to 4 replicas
2025-11-10 19:08:03 - [SUCCESS] Deployed worker-6945 with image redis:latest (2 replicas)
2025-11-10 19:08:05 - [SUCCESS] Scaled cache-4899 to 3 replicas
2025-11-10 19:08:06 - [SUCCESS] Scaled api-8210 to 5 replicas
2025-11-10 19:08:08 - [SUCCESS] Scaled cache-4899 to 6 replicas
2025-11-10 19:08:10 - [SUCCESS] Scaled cache-4899 to 8 replicas
2025-11-10 19:08:13 - [SUCCESS] Scaled cache-4899 to 5 replicas
2025-11-10 19:08:15 - [SUCCESS] Scaled cache-4899 to 2 replicas
2025-11-10 19:08:20 - [SUCCESS] Scaled api-8347 to 1 replicas
2025-11-10 19:08:24 - [SUCCESS] Deployed web-5911 with image httpd:latest (4 replicas)
2025-11-10 19:08:25 - [SUCCESS] Scaled cache-9359 to 1 replicas
2025-11-10 19:08:31 - [SUCCESS] Scaled db-4423 to 5 replicas
2025-11-10 19:08:40 - [SUCCESS] Scaled worker-6346 to 3 replicas
2025-11-10 19:08:40 - [SUCCESS] Scaled worker-2877 to 3 replicas
2025-11-10 19:08:44 - [SUCCESS] Scaled worker-2877 to 6 replicas
2025-11-10 19:08:49 - [SUCCESS] Scaled worker-2877 to 8 replicas
2025-11-10 19:08:52 - [SUCCESS] Scaled api-9209 to 3 replicas
2025-11-10 19:08:52 - [SUCCESS] Scaled worker-2877 to 5 replicas
2025-11-10 19:08:55 - [SUCCESS] Scaled api-9209 to 6 replicas
2025-11-10 19:08:56 - [SUCCESS] Scaled worker-2877 to 2 replicas
2025-11-10 19:08:59 - [SUCCESS] Scaled api-9209 to 8 replicas
2025-11-10 19:09:02 - [SUCCESS] Scaled api-9209 to 5 replicas
2025-11-10 19:09:04 - [SUCCESS] Scaled api-9209 to 2 replicas
2025-11-10 19:09:12 - [SUCCESS] Deployed worker-3938 with image rabbitmq:latest (2 replicas)
2025-11-10 19:09:17 - [SUCCESS] Scaled web-4805 to 1 replicas
2025-11-10 19:09:20 - [SUCCESS] Scaled api-9058 to 3 replicas
2025-11-10 19:09:24 - [SUCCESS] Scaled api-9058 to 6 replicas
2025-11-10 19:09:26 - [SUCCESS] Scaled api-9058 to 8 replicas
2025-11-10 19:09:30 - [SUCCESS] Scaled api-9058 to 5 replicas
2025-11-10 19:09:30 - [SUCCESS] Scaled worker-6401 to 1 replicas
2025-11-10 19:09:33 - [SUCCESS] Scaled api-9058 to 2 replicas
2025-11-10 19:09:40 - [SUCCESS] Scaled worker-6505 to 3 replicas
2025-11-10 19:09:43 - [SUCCESS] Scaled worker-6945 to 6 replicas
2025-11-10 19:09:51 - [SUCCESS] Scaled cache-6667 to 3 replicas
2025-11-10 19:09:53 - [SUCCESS] Scaled cache-6667 to 6 replicas
2025-11-10 19:09:55 - [SUCCESS] Scaled db-2182 to 3 replicas
2025-11-10 19:09:56 - [SUCCESS] Scaled cache-6667 to 8 replicas
2025-11-10 19:09:59 - [SUCCESS] Scaled cache-6667 to 5 replicas
2025-11-10 19:10:04 - [SUCCESS] Scaled web-9010 to 6 replicas
2025-11-10 19:10:04 - [SUCCESS] Scaled cache-6667 to 2 replicas
2025-11-10 19:10:10 - [SUCCESS] Deployed db-3885 with image postgres:latest (4 replicas)
2025-11-10 19:10:11 - [SUCCESS] Scaled db-1012 to 1 replicas
2025-11-10 19:10:15 - [SUCCESS] Deployed db-5153 with image mongo:latest (4 replicas)
2025-11-10 19:10:19 - [SUCCESS] Deployed cache-8318 with image memcached:latest (1 replicas)
2025-11-10 19:10:23 - [SUCCESS] Scaled db-9668 to 4 replicas
2025-11-10 19:10:23 - [SUCCESS] Scaled web-6388 to 4 replicas
2025-11-10 19:10:29 - [SUCCESS] Scaled db-5572 to 7 replicas
2025-11-10 19:10:29 - [SUCCESS] Scaled cache-4899 to 3 replicas
2025-11-10 19:10:33 - [SUCCESS] Scaled cache-4899 to 6 replicas
2025-11-10 19:10:36 - [SUCCESS] Deployed cache-5667 with image redis:latest (2 replicas)
2025-11-10 19:10:37 - [SUCCESS] Scaled cache-4899 to 8 replicas
2025-11-10 19:10:41 - [SUCCESS] Scaled cache-4899 to 5 replicas
2025-11-10 19:10:43 - [SUCCESS] Scaled db-4203 to 2 replicas
2025-11-10 19:10:44 - [SUCCESS] Scaled cache-4899 to 2 replicas
2025-11-10 19:10:48 - [SUCCESS] Scaled worker-1840 to 3 replicas
2025-11-10 19:10:51 - [SUCCESS] Scaled worker-1840 to 6 replicas
2025-11-10 19:10:55 - [SUCCESS] Scaled worker-1840 to 8 replicas
2025-11-10 19:10:59 - [SUCCESS] Scaled worker-1840 to 5 replicas
2025-11-10 19:11:00 - [SUCCESS] Scaled worker-3680 to 5 replicas
2025-11-10 19:11:04 - [SUCCESS] Scaled worker-1840 to 2 replicas
2025-11-10 19:11:05 - [SUCCESS] Scaled cache-5056 to 3 replicas
2025-11-10 19:11:07 - [SUCCESS] Scaled cache-5056 to 6 replicas
2025-11-10 19:11:11 - [SUCCESS] Scaled cache-5056 to 8 replicas
2025-11-10 19:11:13 - [SUCCESS] Scaled cache-8318 to 2 replicas
2025-11-10 19:11:14 - [SUCCESS] Scaled cache-5056 to 5 replicas
2025-11-10 19:11:19 - [SUCCESS] Scaled cache-5056 to 2 replicas
2025-11-10 19:11:28 - [SUCCESS] Deployed worker-3459 with image redis:latest (2 replicas)
2025-11-10 19:11:35 - [SUCCESS] Scaled cache-4899 to 6 replicas
2025-11-10 19:11:41 - [SUCCESS] Scaled db-5433 to 6 replicas
2025-11-10 19:11:42 - [SUCCESS] Scaled db-5423 to 3 replicas
2025-11-10 19:11:46 - [SUCCESS] Scaled db-5423 to 6 replicas
2025-11-10 19:11:46 - [SUCCESS] Scaled db-1012 to 5 replicas
2025-11-10 19:11:51 - [SUCCESS] Scaled db-5423 to 8 replicas
2025-11-10 19:11:53 - [SUCCESS] Deployed web-4787 with image nginx:latest (4 replicas)
2025-11-10 19:11:54 - [SUCCESS] Scaled db-5423 to 5 replicas
2025-11-10 19:11:58 - [SUCCESS] Scaled db-5423 to 2 replicas
2025-11-10 19:12:09 - [SUCCESS] Scaled db-2182 to 6 replicas
2025-11-10 19:12:15 - [SUCCESS] Scaled cache-5056 to 5 replicas
2025-11-10 19:12:18 - [SUCCESS] Deployed cache-4484 with image memcached:latest (5 replicas)
2025-11-10 19:12:23 - [SUCCESS] Scaled worker-4763 to 1 replicas
2025-11-10 19:12:24 - [SUCCESS] Deployed worker-5988 with image rabbitmq:latest (1 replicas)
2025-11-10 19:12:36 - [SUCCESS] Scaled worker-3448 to 4 replicas
2025-11-10 19:12:47 - [SUCCESS] Scaled web-1077 to 4 replicas
2025-11-10 19:12:54 - [SUCCESS] Scaled api-5008 to 4 replicas
2025-11-10 19:12:59 - [SUCCESS] Scaled cache-6667 to 3 replicas
2025-11-10 19:13:01 - [SUCCESS] Scaled cache-6667 to 6 replicas
2025-11-10 19:13:03 - [SUCCESS] Scaled worker-3511 to 3 replicas
2025-11-10 19:13:05 - [SUCCESS] Scaled worker-3511 to 6 replicas
2025-11-10 19:13:06 - [SUCCESS] Scaled cache-6667 to 8 replicas
2025-11-10 19:13:07 - [SUCCESS] Scaled worker-3511 to 8 replicas
2025-11-10 19:13:10 - [SUCCESS] Scaled cache-6667 to 5 replicas
2025-11-10 19:13:12 - [SUCCESS] Scaled worker-3511 to 5 replicas
2025-11-10 19:13:13 - [SUCCESS] Scaled cache-6667 to 2 replicas
2025-11-10 19:13:17 - [SUCCESS] Scaled worker-3511 to 2 replicas
2025-11-10 19:13:21 - [SUCCESS] Scaled cache-1490 to 5 replicas
2025-11-10 19:13:26 - [SUCCESS] Scaled db-4473 to 8 replicas
2025-11-10 19:13:31 - [SUCCESS] Deployed api-9789 with image httpd:latest (3 replicas)
2025-11-10 19:13:35 - [SUCCESS] Scaled cache-1212 to 3 replicas
2025-11-10 19:13:40 - [SUCCESS] Scaled cache-1212 to 6 replicas
2025-11-10 19:13:42 - [SUCCESS] Scaled cache-1212 to 8 replicas
2025-11-10 19:13:44 - [SUCCESS] Scaled worker-8838 to 4 replicas
2025-11-10 19:13:47 - [SUCCESS] Scaled cache-1212 to 5 replicas
2025-11-10 19:13:51 - [SUCCESS] Scaled cache-1212 to 2 replicas
2025-11-10 19:13:52 - [SUCCESS] Scaled cache-5020 to 5 replicas
2025-11-10 19:14:01 - [SUCCESS] Scaled api-7158 to 1 replicas
2025-11-10 19:14:15 - [SUCCESS] Deployed api-6414 with image nginx:latest (2 replicas)
2025-11-10 19:14:16 - [SUCCESS] Scaled api-8367 to 2 replicas
2025-11-10 19:14:29 - [SUCCESS] Scaled worker-2877 to 3 replicas
2025-11-10 19:14:30 - [SUCCESS] Scaled web-1526 to 4 replicas
2025-11-10 19:14:33 - [SUCCESS] Scaled worker-2877 to 6 replicas
2025-11-10 19:14:35 - [SUCCESS] Scaled worker-2877 to 8 replicas
2025-11-10 19:14:39 - [SUCCESS] Scaled worker-2877 to 5 replicas
2025-11-10 19:14:40 - [SUCCESS] Scaled worker-4804 to 3 replicas
2025-11-10 19:14:41 - [SUCCESS] Scaled worker-2877 to 2 replicas
2025-11-10 19:14:43 - [SUCCESS] Scaled worker-4804 to 6 replicas
2025-11-10 19:14:47 - [SUCCESS] Scaled worker-4804 to 8 replicas
2025-11-10 19:14:49 - [SUCCESS] Deployed worker-4517 with image redis:latest (4 replicas)
2025-11-10 19:14:49 - [SUCCESS] Scaled worker-4804 to 5 replicas
2025-11-10 19:14:53 - [SUCCESS] Scaled worker-4804 to 2 replicas
2025-11-10 19:14:58 - [SUCCESS] Deployed worker-3254 with image redis:latest (2 replicas)
2025-11-10 19:15:02 - [SUCCESS] Deployed api-7628 with image httpd:latest (4 replicas)
2025-11-10 19:15:08 - [SUCCESS] Scaled api-5008 to 3 replicas
2025-11-10 19:15:11 - [SUCCESS] Scaled api-5008 to 6 replicas
2025-11-10 19:15:13 - [SUCCESS] Scaled api-5008 to 8 replicas
2025-11-10 19:15:14 - [SUCCESS] Scaled db-1012 to 3 replicas
2025-11-10 19:15:16 - [SUCCESS] Scaled api-5008 to 5 replicas
2025-11-10 19:15:18 - [SUCCESS] Scaled db-1012 to 6 replicas
2025-11-10 19:15:20 - [SUCCESS] Scaled api-5008 to 2 replicas
2025-11-10 19:15:22 - [SUCCESS] Scaled db-1012 to 8 replicas
2025-11-10 19:15:25 - [SUCCESS] Scaled db-1012 to 5 replicas
2025-11-10 19:15:29 - [SUCCESS] Scaled db-1012 to 2 replicas
2025-11-10 19:15:31 - [SUCCESS] Scaled worker-8838 to 3 replicas
2025-11-10 19:15:42 - [SUCCESS] Scaled db-8913 to 3 replicas
2025-11-10 19:15:44 - [SUCCESS] Deployed api-3006 with image nginx:latest (2 replicas)
2025-11-10 19:15:45 - [SUCCESS] Scaled db-8913 to 6 replicas
2025-11-10 19:15:48 - [SUCCESS] Scaled db-8806 to 3 replicas
2025-11-10 19:15:49 - [SUCCESS] Scaled db-8913 to 8 replicas
2025-11-10 19:15:54 - [SUCCESS] Scaled db-8913 to 5 replicas
2025-11-10 19:15:55 - [SUCCESS] Scaled cache-3559 to 4 replicas
2025-11-10 19:15:58 - [SUCCESS] Scaled db-8913 to 2 replicas
2025-11-10 19:16:08 - [SUCCESS] Scaled worker-5988 to 6 replicas
2025-11-10 19:16:09 - [SUCCESS] Deployed api-2176 with image httpd:latest (2 replicas)
2025-11-10 19:16:18 - [SUCCESS] Scaled cache-5101 to 3 replicas
2025-11-10 19:16:22 - [SUCCESS] Scaled cache-7738 to 3 replicas
2025-11-10 19:16:22 - [SUCCESS] Scaled cache-5101 to 6 replicas
2025-11-10 19:16:27 - [SUCCESS] Scaled cache-5101 to 8 replicas
2025-11-10 19:16:30 - [SUCCESS] Scaled worker-1990 to 3 replicas
2025-11-10 19:16:30 - [SUCCESS] Scaled cache-5101 to 5 replicas
2025-11-10 19:16:34 - [SUCCESS] Scaled cache-5101 to 2 replicas
2025-11-10 19:16:35 - [SUCCESS] Scaled worker-1990 to 6 replicas
2025-11-10 19:16:39 - [SUCCESS] Scaled worker-1990 to 8 replicas
2025-11-10 19:16:44 - [SUCCESS] Scaled worker-1990 to 5 replicas
2025-11-10 19:16:49 - [SUCCESS] Scaled worker-1990 to 2 replicas
2025-11-10 19:16:50 - [SUCCESS] Scaled worker-3511 to 3 replicas
2025-11-10 19:16:54 - [SUCCESS] Scaled worker-3511 to 6 replicas
2025-11-10 19:16:58 - [SUCCESS] Scaled worker-3511 to 8 replicas
2025-11-10 19:16:59 - [SUCCESS] Scaled db-5423 to 4 replicas
2025-11-10 19:17:01 - [SUCCESS] Scaled worker-3511 to 5 replicas
2025-11-10 19:17:04 - [SUCCESS] Scaled worker-3511 to 2 replicas
2025-11-10 19:17:11 - [SUCCESS] Scaled db-5153 to 3 replicas
2025-11-10 19:17:12 - [SUCCESS] Scaled cache-2366 to 4 replicas
2025-11-10 19:17:13 - [SUCCESS] Scaled db-5153 to 6 replicas
2025-11-10 19:17:18 - [SUCCESS] Scaled db-5153 to 8 replicas
2025-11-10 19:17:19 - [SUCCESS] Scaled db-3420 to 7 replicas
2025-11-10 19:17:21 - [SUCCESS] Scaled db-5153 to 5 replicas
2025-11-10 19:17:25 - [SUCCESS] Scaled db-5153 to 2 replicas
2025-11-10 19:17:42 - [SUCCESS] Scaled db-8583 to 1 replicas
2025-11-10 19:17:44 - [SUCCESS] Scaled cache-1490 to 4 replicas
2025-11-10 19:17:48 - [SUCCESS] Scaled db-9668 to 1 replicas
2025-11-10 19:17:49 - [SUCCESS] Scaled db-5572 to 4 replicas
2025-11-10 19:17:57 - [SUCCESS] Deployed api-6408 with image nginx:latest (3 replicas)
2025-11-10 19:17:58 - [SUCCESS] Scaled db-1012 to 5 replicas
2025-11-10 19:18:01 - [SUCCESS] Deployed cache-4453 with image memcached:latest (2 replicas)
2025-11-10 19:18:04 - [SUCCESS] Scaled api-2610 to 3 replicas
2025-11-10 19:18:05 - [SUCCESS] Scaled cache-6667 to 1 replicas
2025-11-10 19:18:09 - [SUCCESS] Scaled api-2610 to 6 replicas
2025-11-10 19:18:12 - [SUCCESS] Scaled api-2610 to 8 replicas
2025-11-10 19:18:14 - [SUCCESS] Scaled api-2280 to 1 replicas
2025-11-10 19:18:16 - [SUCCESS] Scaled api-2610 to 5 replicas
2025-11-10 19:18:21 - [SUCCESS] Scaled api-2610 to 2 replicas
2025-11-10 19:18:27 - [SUCCESS] Scaled api-6408 to 2 replicas
2025-11-10 19:18:35 - [SUCCESS] Scaled api-2321 to 3 replicas
2025-11-10 19:18:36 - [SUCCESS] Scaled api-2176 to 6 replicas
2025-11-10 19:18:39 - [SUCCESS] Scaled api-2321 to 6 replicas
2025-11-10 19:18:42 - [SUCCESS] Scaled api-2321 to 8 replicas
2025-11-10 19:18:44 - [SUCCESS] Scaled api-2321 to 5 replicas
2025-11-10 19:18:47 - [SUCCESS] Scaled api-2321 to 2 replicas
2025-11-10 19:18:50 - [SUCCESS] Scaled api-6414 to 3 replicas
2025-11-10 19:19:00 - [SUCCESS] Scaled worker-3938 to 5 replicas
2025-11-10 19:19:03 - [SUCCESS] Scaled db-3001 to 1 replicas
2025-11-10 19:19:08 - [SUCCESS] Scaled db-8583 to 3 replicas
2025-11-10 19:19:09 - [SUCCESS] Scaled web-3516 to 8 replicas
2025-11-10 19:19:11 - [SUCCESS] Scaled db-8583 to 6 replicas
2025-11-10 19:19:13 - [SUCCESS] Scaled db-8583 to 8 replicas
2025-11-10 19:19:14 - [SUCCESS] Deployed web-1536 with image nginx:latest (3 replicas)
2025-11-10 19:19:16 - [SUCCESS] Scaled db-8583 to 5 replicas
2025-11-10 19:19:17 - [SUCCESS] Scaled web-9010 to 3 replicas
2025-11-10 19:19:19 - [SUCCESS] Scaled db-8583 to 2 replicas
2025-11-10 19:19:23 - [SUCCESS] Deployed worker-4758 with image redis:latest (3 replicas)
2025-11-10 19:19:27 - [SUCCESS] Scaled api-2192 to 2 replicas
2025-11-10 19:19:30 - [SUCCESS] Deployed db-6216 with image mongo:latest (2 replicas)
2025-11-10 19:19:33 - [SUCCESS] Scaled cache-5020 to 3 replicas
2025-11-10 19:19:35 - [SUCCESS] Scaled cache-5020 to 6 replicas
2025-11-10 19:19:38 - [SUCCESS] Scaled cache-5020 to 8 replicas
2025-11-10 19:19:40 - [SUCCESS] Deployed db-1875 with image postgres:latest (3 replicas)
2025-11-10 19:19:42 - [SUCCESS] Scaled cache-5020 to 5 replicas
2025-11-10 19:19:44 - [SUCCESS] Scaled cache-5020 to 2 replicas
2025-11-10 19:19:46 - [SUCCESS] Scaled api-2280 to 3 replicas
2025-11-10 19:19:58 - [SUCCESS] Scaled web-5056 to 1 replicas
2025-11-10 19:19:59 - [SUCCESS] Scaled api-8210 to 3 replicas
2025-11-10 19:20:01 - [SUCCESS] Scaled api-8210 to 6 replicas
2025-11-10 19:20:04 - [SUCCESS] Scaled api-8210 to 8 replicas
2025-11-10 19:20:08 - [SUCCESS] Deployed web-5424 with image httpd:latest (1 replicas)
2025-11-10 19:20:08 - [SUCCESS] Scaled api-8210 to 5 replicas
2025-11-10 19:20:11 - [SUCCESS] Scaled api-8210 to 2 replicas
2025-11-10 19:20:21 - [SUCCESS] Scaled worker-6401 to 3 replicas
2025-11-10 19:20:26 - [SUCCESS] Scaled db-5153 to 1 replicas
2025-11-10 19:20:33 - [SUCCESS] Scaled worker-1840 to 3 replicas
2025-11-10 19:20:34 - [SUCCESS] Scaled db-4300 to 4 replicas
2025-11-10 19:20:39 - [SUCCESS] Deployed worker-5088 with image rabbitmq:latest (2 replicas)
2025-11-10 19:20:42 - [SUCCESS] Scaled cache-8857 to 6 replicas
2025-11-10 19:20:52 - [SUCCESS] Deployed cache-1733 with image redis:latest (1 replicas)
2025-11-10 19:20:53 - [SUCCESS] Scaled cache-6834 to 3 replicas
2025-11-10 19:20:56 - [SUCCESS] Scaled cache-6834 to 6 replicas
2025-11-10 19:20:58 - [SUCCESS] Deployed worker-7477 with image redis:latest (1 replicas)
2025-11-10 19:21:00 - [SUCCESS] Scaled cache-6834 to 8 replicas
2025-11-10 19:21:02 - [SUCCESS] Scaled worker-9780 to 1 replicas
2025-11-10 19:21:04 - [SUCCESS] Scaled cache-6834 to 5 replicas
2025-11-10 19:21:06 - [SUCCESS] Scaled cache-6834 to 2 replicas
2025-11-10 19:21:15 - [SUCCESS] Scaled db-8913 to 8 replicas
2025-11-10 19:21:25 - [SUCCESS] Scaled api-3006 to 6 replicas
2025-11-10 19:21:27 - [SUCCESS] Deployed db-4735 with image mysql:latest (4 replicas)
2025-11-10 19:21:34 - [SUCCESS] Scaled worker-2877 to 1 replicas
2025-11-10 19:21:36 - [SUCCESS] Scaled api-2321 to 3 replicas
2025-11-10 19:21:39 - [SUCCESS] Scaled api-2321 to 6 replicas
2025-11-10 19:21:43 - [SUCCESS] Scaled api-2321 to 8 replicas
2025-11-10 19:21:46 - [SUCCESS] Scaled api-2321 to 5 replicas
2025-11-10 19:21:48 - [SUCCESS] Scaled api-2321 to 2 replicas
2025-11-10 19:21:54 - [SUCCESS] Scaled web-5424 to 3 replicas
2025-11-10 19:22:03 - [SUCCESS] Scaled worker-1840 to 3 replicas
2025-11-10 19:22:06 - [SUCCESS] Scaled worker-1840 to 6 replicas
2025-11-10 19:22:08 - [SUCCESS] Scaled worker-1840 to 8 replicas
2025-11-10 19:22:08 - [SUCCESS] Deployed db-9810 with image mysql:latest (3 replicas)
2025-11-10 19:22:12 - [SUCCESS] Scaled worker-1840 to 5 replicas
2025-11-10 19:22:15 - [SUCCESS] Scaled worker-1840 to 2 replicas
2025-11-10 19:22:30 - [SUCCESS] Scaled cache-3559 to 3 replicas
2025-11-10 19:22:36 - [SUCCESS] Scaled cache-5020 to 2 replicas
2025-11-10 19:22:43 - [SUCCESS] Scaled db-2680 to 3 replicas
2025-11-10 19:22:51 - [SUCCESS] Scaled db-9961 to 2 replicas
2025-11-10 19:22:54 - [SUCCESS] Deployed db-7788 with image mysql:latest (1 replicas)
2025-11-10 19:23:02 - [SUCCESS] Scaled web-9010 to 4 replicas
2025-11-10 19:23:05 - [SUCCESS] Scaled cache-8857 to 4 replicas
2025-11-10 19:23:08 - [SUCCESS] Deployed db-7729 with image mongo:latest (3 replicas)
2025-11-10 19:23:14 - [SUCCESS] Scaled cache-4740 to 2 replicas
2025-11-10 19:23:21 - [SUCCESS] Scaled web-4371 to 3 replicas
2025-11-10 19:23:25 - [SUCCESS] Scaled web-4371 to 6 replicas
2025-11-10 19:23:29 - [SUCCESS] Scaled web-4371 to 8 replicas
2025-11-10 19:23:33 - [SUCCESS] Scaled web-4371 to 5 replicas
2025-11-10 19:23:35 - [SUCCESS] Scaled web-4371 to 2 replicas
2025-11-10 19:23:39 - [SUCCESS] Scaled worker-3969 to 5 replicas
2025-11-10 19:23:46 - [SUCCESS] Scaled web-4977 to 3 replicas
2025-11-10 19:23:51 - [SUCCESS] Scaled web-4977 to 6 replicas
2025-11-10 19:23:52 - [SUCCESS] Scaled cache-6834 to 4 replicas
2025-11-10 19:23:55 - [SUCCESS] Scaled web-4977 to 8 replicas
2025-11-10 19:23:58 - [SUCCESS] Scaled web-4787 to 2 replicas
2025-11-10 19:23:58 - [SUCCESS] Scaled web-4977 to 5 replicas
2025-11-10 19:24:02 - [SUCCESS] Scaled web-4977 to 2 replicas
2025-11-10 19:24:02 - [SUCCESS] Scaled api-2192 to 4 replicas
2025-11-10 19:24:14 - [SUCCESS] Scaled db-4473 to 1 replicas
2025-11-10 19:24:22 - [SUCCESS] Scaled api-9258 to 1 replicas
2025-11-10 19:24:27 - [SUCCESS] Deployed cache-2387 with image memcached:latest (4 replicas)
2025-11-10 19:24:33 - [SUCCESS] Scaled worker-2748 to 2 replicas
2025-11-10 19:24:48 - [SUCCESS] Scaled worker-8838 to 3 replicas
2025-11-10 19:24:50 - [SUCCESS] Scaled worker-8838 to 6 replicas
2025-11-10 19:24:53 - [SUCCESS] Scaled worker-4804 to 3 replicas
2025-11-10 19:24:53 - [SUCCESS] Scaled worker-8838 to 8 replicas
2025-11-10 19:24:55 - [SUCCESS] Scaled worker-4804 to 6 replicas
2025-11-10 19:24:57 - [SUCCESS] Scaled worker-8838 to 5 replicas
2025-11-10 19:24:59 - [SUCCESS] Scaled worker-4804 to 8 replicas
2025-11-10 19:25:01 - [SUCCESS] Scaled worker-8838 to 2 replicas
2025-11-10 19:25:03 - [SUCCESS] Scaled worker-4804 to 5 replicas
2025-11-10 19:25:08 - [SUCCESS] Scaled worker-4804 to 2 replicas
2025-11-10 19:25:17 - [SUCCESS] Scaled web-9010 to 3 replicas
2025-11-10 19:25:22 - [SUCCESS] Scaled web-9010 to 6 replicas
2025-11-10 19:25:24 - [SUCCESS] Scaled web-9010 to 8 replicas
2025-11-10 19:25:24 - [SUCCESS] Deployed cache-6336 with image memcached:latest (3 replicas)
2025-11-10 19:25:28 - [SUCCESS] Scaled web-9010 to 5 replicas
2025-11-10 19:25:32 - [SUCCESS] Scaled web-9010 to 2 replicas
2025-11-10 19:25:36 - [SUCCESS] Scaled worker-3511 to 3 replicas
2025-11-10 19:25:40 - [SUCCESS] Scaled db-1012 to 3 replicas
2025-11-10 19:25:47 - [SUCCESS] Deployed cache-2151 with image memcached:latest (6 replicas)
2025-11-10 19:25:50 - [SUCCESS] Scaled api-7624 to 2 replicas
2025-11-10 19:25:55 - [SUCCESS] Scaled cache-4484 to 6 replicas
2025-11-10 19:26:01 - [SUCCESS] Scaled db-8233 to 3 replicas
2025-11-10 19:26:05 - [SUCCESS] Scaled db-5423 to 6 replicas
2025-11-10 19:26:05 - [SUCCESS] Scaled db-8233 to 6 replicas
2025-11-10 19:26:08 - [SUCCESS] Scaled db-8233 to 8 replicas
2025-11-10 19:26:13 - [SUCCESS] Scaled cache-4475 to 5 replicas
2025-11-10 19:26:13 - [SUCCESS] Scaled db-8233 to 5 replicas
2025-11-10 19:26:16 - [SUCCESS] Scaled api-7206 to 5 replicas
2025-11-10 19:26:17 - [SUCCESS] Scaled db-8233 to 2 replicas
2025-11-10 19:26:26 - [SUCCESS] Scaled worker-1840 to 1 replicas
2025-11-10 19:26:26 - [SUCCESS] Scaled worker-4763 to 6 replicas
2025-11-10 19:26:38 - [SUCCESS] Scaled worker-6346 to 4 replicas
2025-11-10 19:26:45 - [SUCCESS] Scaled worker-4763 to 3 replicas
2025-11-10 19:26:48 - [SUCCESS] Scaled worker-4763 to 6 replicas
2025-11-10 19:26:51 - [SUCCESS] Scaled worker-4763 to 8 replicas
2025-11-10 19:26:53 - [SUCCESS] Scaled db-7409 to 2 replicas
2025-11-10 19:26:54 - [SUCCESS] Scaled worker-4763 to 5 replicas
2025-11-10 19:26:58 - [SUCCESS] Scaled worker-4763 to 2 replicas
2025-11-10 19:27:03 - [SUCCESS] Scaled api-2176 to 6 replicas
2025-11-10 19:27:11 - [SUCCESS] Scaled db-7829 to 1 replicas
2025-11-10 19:27:17 - [SUCCESS] Scaled db-8583 to 4 replicas
2025-11-10 19:27:17 - [SUCCESS] Deployed api-3800 with image httpd:latest (2 replicas)
2025-11-10 19:27:24 - [SUCCESS] Scaled api-2192 to 3 replicas
2025-11-10 19:27:28 - [SUCCESS] Scaled worker-5088 to 6 replicas
2025-11-10 19:27:41 - [SUCCESS] Scaled web-9919 to 5 replicas
2025-11-10 19:27:44 - [SUCCESS] Scaled cache-9359 to 8 replicas
2025-11-10 19:27:54 - [SUCCESS] Scaled db-1875 to 3 replicas
2025-11-10 19:27:54 - [SUCCESS] Scaled cache-2151 to 1 replicas
2025-11-10 19:27:57 - [SUCCESS] Scaled db-1875 to 6 replicas
2025-11-10 19:28:00 - [SUCCESS] Scaled web-1536 to 6 replicas
2025-11-10 19:28:01 - [SUCCESS] Scaled db-1875 to 8 replicas
2025-11-10 19:28:05 - [SUCCESS] Scaled db-1875 to 5 replicas
2025-11-10 19:28:09 - [SUCCESS] Scaled db-1875 to 2 replicas
2025-11-10 19:28:09 - [SUCCESS] Scaled web-5056 to 3 replicas
2025-11-10 19:28:21 - [SUCCESS] Scaled api-2176 to 2 replicas
2025-11-10 19:28:31 - [SUCCESS] Scaled cache-4453 to 4 replicas
2025-11-10 19:28:33 - [SUCCESS] Scaled db-3885 to 8 replicas
2025-11-10 19:28:43 - [SUCCESS] Scaled cache-1518 to 5 replicas
2025-11-10 19:28:46 - [SUCCESS] Scaled cache-9359 to 3 replicas
2025-11-10 19:28:48 - [SUCCESS] Scaled db-5153 to 6 replicas
2025-11-10 19:28:51 - [SUCCESS] Scaled cache-9359 to 6 replicas
2025-11-10 19:28:55 - [SUCCESS] Scaled cache-9359 to 8 replicas
2025-11-10 19:28:58 - [SUCCESS] Scaled cache-9359 to 5 replicas
2025-11-10 19:28:59 - [SUCCESS] Scaled web-5424 to 3 replicas
2025-11-10 19:29:02 - [SUCCESS] Scaled cache-9359 to 2 replicas
2025-11-10 19:29:07 - [SUCCESS] Scaled db-5433 to 3 replicas
2025-11-10 19:29:09 - [SUCCESS] Scaled db-5433 to 6 replicas
2025-11-10 19:29:10 - [SUCCESS] Scaled db-4203 to 5 replicas
2025-11-10 19:29:12 - [SUCCESS] Scaled db-5433 to 8 replicas
2025-11-10 19:29:14 - [SUCCESS] Scaled db-5433 to 5 replicas
2025-11-10 19:29:14 - [SUCCESS] Deployed api-3486 with image httpd:latest (4 replicas)
2025-11-10 19:29:16 - [SUCCESS] Scaled db-5433 to 2 replicas
2025-11-10 19:29:24 - [SUCCESS] Deployed api-3245 with image httpd:latest (2 replicas)
2025-11-10 19:29:29 - [SUCCESS] Deployed cache-8172 with image redis:latest (2 replicas)
2025-11-10 19:29:31 - [SUCCESS] Scaled cache-6667 to 6 replicas
2025-11-10 19:29:36 - [SUCCESS] Scaled worker-3459 to 1 replicas
2025-11-10 19:29:40 - [SUCCESS] Scaled db-4203 to 5 replicas
2025-11-10 19:29:43 - [SUCCESS] Deployed worker-8908 with image redis:latest (2 replicas)
2025-11-10 19:29:48 - [SUCCESS] Scaled db-3420 to 4 replicas
2025-11-10 19:29:50 - [SUCCESS] Scaled api-9601 to 1 replicas
2025-11-10 19:29:58 - [SUCCESS] Deployed db-2386 with image mysql:latest (1 replicas)
2025-11-10 19:30:00 - [SUCCESS] Scaled cache-3988 to 3 replicas
2025-11-10 19:30:04 - [SUCCESS] Scaled cache-3988 to 6 replicas
2025-11-10 19:30:05 - [SUCCESS] Scaled cache-8318 to 3 replicas
2025-11-10 19:30:07 - [SUCCESS] Scaled cache-3988 to 8 replicas
2025-11-10 19:30:07 - [SUCCESS] Scaled cache-8318 to 6 replicas
2025-11-10 19:30:10 - [SUCCESS] Scaled cache-3988 to 5 replicas
2025-11-10 19:30:11 - [SUCCESS] Scaled cache-8318 to 8 replicas
2025-11-10 19:30:14 - [SUCCESS] Scaled cache-8318 to 5 replicas
2025-11-10 19:30:15 - [SUCCESS] Scaled cache-3988 to 2 replicas
2025-11-10 19:30:16 - [SUCCESS] Scaled cache-8318 to 2 replicas
2025-11-10 19:30:31 - [SUCCESS] Scaled web-1526 to 8 replicas
2025-11-10 19:30:32 - [SUCCESS] Scaled db-3774 to 5 replicas
2025-11-10 19:30:35 - [SUCCESS] Deployed cache-4027 with image memcached:latest (2 replicas)
2025-11-10 19:30:39 - [SUCCESS] Scaled db-6918 to 6 replicas
2025-11-10 19:30:41 - [SUCCESS] Scaled api-6852 to 3 replicas
2025-11-10 19:30:43 - [SUCCESS] Scaled api-2192 to 4 replicas
2025-11-10 19:30:49 - [SUCCESS] Deployed api-8274 with image nginx:latest (4 replicas)
2025-11-10 19:30:49 - [SUCCESS] Scaled api-2574 to 3 replicas
2025-11-10 19:30:52 - [SUCCESS] Scaled api-2574 to 6 replicas
2025-11-10 19:30:52 - [SUCCESS] Scaled api-7624 to 8 replicas
2025-11-10 19:30:57 - [SUCCESS] Scaled api-2574 to 8 replicas
2025-11-10 19:30:59 - [SUCCESS] Scaled api-2574 to 5 replicas
2025-11-10 19:31:02 - [SUCCESS] Scaled api-2574 to 2 replicas
2025-11-10 19:31:06 - [SUCCESS] Scaled cache-2387 to 7 replicas
2025-11-10 19:31:10 - [SUCCESS] Deployed api-8062 with image httpd:latest (4 replicas)
2025-11-10 19:31:14 - [SUCCESS] Scaled api-8062 to 2 replicas
2025-11-10 19:31:24 - [SUCCESS] Scaled db-1858 to 1 replicas
2025-11-10 19:31:29 - [SUCCESS] Scaled cache-5667 to 3 replicas
2025-11-10 19:31:29 - [SUCCESS] Scaled cache-6336 to 2 replicas
2025-11-10 19:31:33 - [SUCCESS] Scaled cache-5667 to 6 replicas
2025-11-10 19:31:37 - [SUCCESS] Scaled cache-5667 to 8 replicas
2025-11-10 19:31:41 - [SUCCESS] Scaled cache-5667 to 5 replicas
2025-11-10 19:31:46 - [SUCCESS] Scaled cache-5667 to 2 replicas
2025-11-10 19:31:48 - [SUCCESS] Scaled web-5911 to 4 replicas
2025-11-10 19:32:04 - [SUCCESS] Scaled web-9671 to 4 replicas
2025-11-10 19:32:05 - [SUCCESS] Scaled cache-3988 to 5 replicas
2025-11-10 19:32:12 - [SUCCESS] Scaled web-4371 to 8 replicas
2025-11-10 19:32:18 - [SUCCESS] Scaled db-8233 to 3 replicas
2025-11-10 19:32:20 - [SUCCESS] Deployed web-7344 with image nginx:latest (1 replicas)
2025-11-10 19:32:21 - [SUCCESS] Scaled db-8233 to 6 replicas
2025-11-10 19:32:24 - [SUCCESS] Scaled db-8233 to 8 replicas
2025-11-10 19:32:27 - [SUCCESS] Scaled db-8233 to 5 replicas
2025-11-10 19:32:29 - [SUCCESS] Scaled db-8233 to 2 replicas
2025-11-10 19:32:33 - [SUCCESS] Scaled cache-1733 to 8 replicas
2025-11-10 19:32:37 - [SUCCESS] Scaled cache-2387 to 5 replicas
2025-11-10 19:32:44 - [SUCCESS] Scaled api-8062 to 3 replicas
2025-11-10 19:32:49 - [SUCCESS] Scaled api-8062 to 6 replicas
2025-11-10 19:32:51 - [SUCCESS] Scaled web-1146 to 5 replicas
2025-11-10 19:32:53 - [SUCCESS] Scaled api-8062 to 8 replicas
2025-11-10 19:32:57 - [SUCCESS] Scaled api-8062 to 5 replicas
2025-11-10 19:33:00 - [SUCCESS] Scaled worker-1840 to 5 replicas
2025-11-10 19:33:02 - [SUCCESS] Scaled api-8062 to 2 replicas
2025-11-10 19:33:11 - [SUCCESS] Scaled worker-1317 to 6 replicas
2025-11-10 19:33:15 - [SUCCESS] Scaled web-5911 to 3 replicas
2025-11-10 19:33:19 - [SUCCESS] Scaled web-5911 to 6 replicas
2025-11-10 19:33:22 - [SUCCESS] Scaled worker-3459 to 3 replicas
2025-11-10 19:33:23 - [SUCCESS] Scaled web-5911 to 8 replicas
2025-11-10 19:33:26 - [SUCCESS] Scaled worker-3459 to 6 replicas
2025-11-10 19:33:27 - [SUCCESS] Scaled web-5911 to 5 replicas
2025-11-10 19:33:30 - [SUCCESS] Scaled worker-3459 to 8 replicas
2025-11-10 19:33:32 - [SUCCESS] Scaled worker-3459 to 5 replicas
2025-11-10 19:33:32 - [SUCCESS] Scaled web-5911 to 2 replicas
2025-11-10 19:33:34 - [SUCCESS] Scaled worker-3459 to 2 replicas
2025-11-10 19:33:52 - [SUCCESS] Scaled worker-3254 to 3 replicas
2025-11-10 19:33:52 - [SUCCESS] Scaled api-2192 to 3 replicas
2025-11-10 19:33:54 - [SUCCESS] Scaled worker-3254 to 6 replicas
2025-11-10 19:33:56 - [SUCCESS] Scaled api-2192 to 6 replicas
2025-11-10 19:33:57 - [SUCCESS] Scaled worker-3254 to 8 replicas
2025-11-10 19:33:59 - [SUCCESS] Scaled api-2192 to 8 replicas
2025-11-10 19:34:00 - [SUCCESS] Scaled worker-3254 to 5 replicas
2025-11-10 19:34:02 - [SUCCESS] Scaled worker-3254 to 2 replicas
2025-11-10 19:34:02 - [SUCCESS] Scaled api-2192 to 5 replicas
2025-11-10 19:34:05 - [SUCCESS] Scaled api-2192 to 2 replicas
2025-11-10 19:34:13 - [SUCCESS] Scaled db-3774 to 3 replicas
2025-11-10 19:34:16 - [SUCCESS] Scaled db-5572 to 4 replicas
2025-11-10 19:34:20 - [SUCCESS] Scaled worker-8838 to 5 replicas
2025-11-10 19:34:21 - [SUCCESS] Scaled api-8062 to 3 replicas
2025-11-10 19:34:27 - [SUCCESS] Scaled api-7624 to 8 replicas
2025-11-10 19:34:31 - [SUCCESS] Deployed api-2057 with image httpd:latest (3 replicas)
2025-11-10 19:34:35 - [SUCCESS] Scaled worker-5241 to 3 replicas
2025-11-10 19:34:38 - [SUCCESS] Scaled worker-5241 to 6 replicas
2025-11-10 19:34:38 - [SUCCESS] Scaled cache-1490 to 3 replicas
2025-11-10 19:34:42 - [SUCCESS] Scaled worker-5241 to 8 replicas
2025-11-10 19:34:45 - [SUCCESS] Scaled worker-5241 to 5 replicas
2025-11-10 19:34:45 - [SUCCESS] Scaled db-9668 to 7 replicas
2025-11-10 19:34:48 - [SUCCESS] Scaled worker-5241 to 2 replicas
2025-11-10 19:34:52 - [SUCCESS] Scaled cache-6667 to 3 replicas
2025-11-10 19:35:02 - [SUCCESS] Scaled db-4300 to 4 replicas
2025-11-10 19:35:05 - [SUCCESS] Deployed cache-3933 with image redis:latest (1 replicas)
2025-11-10 19:35:11 - [SUCCESS] Scaled cache-5056 to 1 replicas
2025-11-10 19:35:12 - [SUCCESS] Scaled worker-1990 to 6 replicas
2025-11-10 19:35:19 - [SUCCESS] Scaled db-5648 to 6 replicas
2025-11-10 19:35:21 - [SUCCESS] Scaled db-5572 to 3 replicas
2025-11-10 19:35:25 - [SUCCESS] Scaled db-5572 to 6 replicas
2025-11-10 19:35:27 - [SUCCESS] Deployed db-2455 with image mongo:latest (2 replicas)
2025-11-10 19:35:28 - [SUCCESS] Scaled db-5572 to 8 replicas
2025-11-10 19:35:32 - [SUCCESS] Scaled db-5572 to 5 replicas
2025-11-10 19:35:34 - [SUCCESS] Scaled db-5572 to 2 replicas
2025-11-10 19:35:42 - [SUCCESS] Scaled db-9224 to 3 replicas
2025-11-10 19:35:44 - [SUCCESS] Scaled db-8583 to 4 replicas
2025-11-10 19:35:56 - [SUCCESS] Scaled worker-9780 to 1 replicas
2025-11-10 19:35:57 - [SUCCESS] Deployed db-3282 with image postgres:latest (2 replicas)
2025-11-10 19:36:00 - [SUCCESS] Scaled cache-3988 to 3 replicas
2025-11-10 19:36:03 - [SUCCESS] Scaled db-8583 to 3 replicas
2025-11-10 19:36:03 - [SUCCESS] Scaled cache-3988 to 6 replicas
2025-11-10 19:36:06 - [SUCCESS] Scaled db-8583 to 6 replicas
2025-11-10 19:36:08 - [SUCCESS] Scaled cache-3988 to 8 replicas
2025-11-10 19:36:10 - [SUCCESS] Scaled cache-3988 to 5 replicas
2025-11-10 19:36:10 - [SUCCESS] Scaled db-8583 to 8 replicas
2025-11-10 19:36:13 - [SUCCESS] Scaled cache-3988 to 2 replicas
2025-11-10 19:36:14 - [SUCCESS] Scaled db-8583 to 5 replicas
2025-11-10 19:36:17 - [SUCCESS] Scaled db-8583 to 2 replicas
2025-11-10 19:36:26 - [SUCCESS] Deployed web-1433 with image nginx:latest (2 replicas)
2025-11-10 19:36:31 - [SUCCESS] Scaled db-2182 to 1 replicas
2025-11-10 19:36:34 - [SUCCESS] Scaled worker-6505 to 6 replicas
2025-11-10 19:36:40 - [SUCCESS] Deployed web-9396 with image httpd:latest (2 replicas)
2025-11-10 19:36:40 - [SUCCESS] Scaled worker-3254 to 3 replicas
2025-11-10 19:36:44 - [SUCCESS] Scaled worker-3254 to 6 replicas
2025-11-10 19:36:47 - [SUCCESS] Scaled worker-3254 to 8 replicas
2025-11-10 19:36:49 - [SUCCESS] Scaled worker-3254 to 5 replicas
2025-11-10 19:36:53 - [SUCCESS] Scaled worker-3254 to 2 replicas
2025-11-10 19:37:08 - [SUCCESS] Scaled api-6192 to 2 replicas
2025-11-10 19:37:12 - [SUCCESS] Scaled db-2182 to 8 replicas
2025-11-10 19:37:16 - [SUCCESS] Scaled web-4589 to 5 replicas
2025-11-10 19:37:17 - [SUCCESS] Scaled api-3800 to 6 replicas
2025-11-10 19:37:26 - [SUCCESS] Deployed web-6635 with image httpd:latest (3 replicas)
2025-11-10 19:37:29 - [SUCCESS] Scaled cache-4899 to 3 replicas
2025-11-10 19:37:30 - [SUCCESS] Deployed cache-8936 with image memcached:latest (4 replicas)
2025-11-10 19:37:34 - [SUCCESS] Scaled cache-4899 to 6 replicas
2025-11-10 19:37:36 - [SUCCESS] Scaled cache-4899 to 8 replicas
2025-11-10 19:37:39 - [SUCCESS] Scaled cache-4899 to 5 replicas
2025-11-10 19:37:43 - [SUCCESS] Scaled cache-4899 to 2 replicas
2025-11-10 19:37:43 - [SUCCESS] Deployed db-1606 with image mongo:latest (3 replicas)
2025-11-10 19:37:50 - [SUCCESS] Scaled db-3420 to 4 replicas
2025-11-10 19:37:57 - [SUCCESS] Scaled db-4423 to 3 replicas
2025-11-10 19:38:00 - [SUCCESS] Scaled db-8583 to 2 replicas
2025-11-10 19:38:07 - [SUCCESS] Scaled api-8347 to 2 replicas
2025-11-10 19:38:14 - [SUCCESS] Scaled cache-1518 to 2 replicas
2025-11-10 19:38:19 - [SUCCESS] Scaled worker-6505 to 3 replicas
2025-11-10 19:38:20 - [SUCCESS] Scaled worker-3254 to 2 replicas
2025-11-10 19:38:23 - [SUCCESS] Scaled worker-6505 to 6 replicas
2025-11-10 19:38:28 - [SUCCESS] Scaled worker-6505 to 8 replicas
2025-11-10 19:38:31 - [SUCCESS] Scaled worker-6505 to 5 replicas
2025-11-10 19:38:35 - [SUCCESS] Scaled worker-6505 to 2 replicas
2025-11-10 19:38:50 - [SUCCESS] Scaled api-6414 to 3 replicas
2025-11-10 19:38:52 - [SUCCESS] Scaled worker-1840 to 6 replicas
2025-11-10 19:38:53 - [SUCCESS] Scaled api-6414 to 6 replicas
2025-11-10 19:38:57 - [SUCCESS] Scaled api-3006 to 3 replicas
2025-11-10 19:38:58 - [SUCCESS] Scaled api-6414 to 8 replicas
2025-11-10 19:39:01 - [SUCCESS] Scaled api-6414 to 5 replicas
2025-11-10 19:39:01 - [SUCCESS] Scaled api-3006 to 6 replicas
2025-11-10 19:39:03 - [SUCCESS] Scaled api-6414 to 2 replicas
2025-11-10 19:39:06 - [SUCCESS] Scaled api-3006 to 8 replicas
2025-11-10 19:39:10 - [SUCCESS] Scaled api-3006 to 5 replicas
2025-11-10 19:39:13 - [SUCCESS] Scaled api-3006 to 2 replicas
2025-11-10 19:39:25 - [SUCCESS] Scaled db-6216 to 7 replicas
2025-11-10 19:39:27 - [SUCCESS] Scaled db-7729 to 3 replicas
2025-11-10 19:39:30 - [SUCCESS] Scaled db-7729 to 6 replicas
2025-11-10 19:39:34 - [SUCCESS] Scaled db-7729 to 8 replicas
2025-11-10 19:39:36 - [SUCCESS] Scaled worker-2748 to 7 replicas
2025-11-10 19:39:38 - [SUCCESS] Scaled db-7729 to 5 replicas
2025-11-10 19:39:43 - [SUCCESS] Scaled db-7729 to 2 replicas
2025-11-10 19:39:44 - [SUCCESS] Scaled cache-5101 to 7 replicas
2025-11-10 19:39:50 - [SUCCESS] Deployed db-8367 with image mysql:latest (4 replicas)
2025-11-10 19:39:54 - [SUCCESS] Scaled db-2680 to 3 replicas
2025-11-10 19:39:59 - [SUCCESS] Scaled db-2680 to 6 replicas
2025-11-10 19:40:00 - [SUCCESS] Scaled cache-8318 to 3 replicas
2025-11-10 19:40:02 - [SUCCESS] Scaled db-2680 to 8 replicas
2025-11-10 19:40:04 - [SUCCESS] Scaled cache-8318 to 6 replicas
2025-11-10 19:40:06 - [SUCCESS] Scaled db-2680 to 5 replicas
2025-11-10 19:40:07 - [SUCCESS] Scaled cache-8318 to 8 replicas
2025-11-10 19:40:08 - [SUCCESS] Scaled db-2680 to 2 replicas
2025-11-10 19:40:11 - [SUCCESS] Scaled cache-8318 to 5 replicas
2025-11-10 19:40:15 - [SUCCESS] Scaled cache-8318 to 2 replicas
2025-11-10 19:40:23 - [SUCCESS] Deployed db-4331 with image postgres:latest (3 replicas)
2025-11-10 19:40:26 - [SUCCESS] Scaled api-7158 to 3 replicas
2025-11-10 19:40:28 - [SUCCESS] Scaled api-7158 to 6 replicas
2025-11-10 19:40:31 - [SUCCESS] Scaled api-7158 to 8 replicas
2025-11-10 19:40:34 - [SUCCESS] Scaled api-7158 to 5 replicas
2025-11-10 19:40:36 - [SUCCESS] Scaled api-7158 to 2 replicas
2025-11-10 19:40:38 - [SUCCESS] Scaled api-7158 to 5 replicas
2025-11-10 19:40:48 - [SUCCESS] Scaled web-4787 to 4 replicas
2025-11-10 19:40:52 - [SUCCESS] Scaled api-9601 to 4 replicas
2025-11-10 19:40:59 - [SUCCESS] Scaled api-8210 to 3 replicas
2025-11-10 19:41:07 - [SUCCESS] Scaled worker-6401 to 3 replicas
2025-11-10 19:41:11 - [SUCCESS] Scaled worker-6401 to 6 replicas
2025-11-10 19:41:13 - [SUCCESS] Scaled db-4852 to 3 replicas
2025-11-10 19:41:13 - [SUCCESS] Scaled worker-6401 to 8 replicas
2025-11-10 19:41:15 - [SUCCESS] Scaled db-4852 to 6 replicas
2025-11-10 19:41:18 - [SUCCESS] Scaled worker-6401 to 5 replicas
2025-11-10 19:41:18 - [SUCCESS] Scaled db-4852 to 8 replicas
2025-11-10 19:41:21 - [SUCCESS] Scaled db-4852 to 5 replicas
2025-11-10 19:41:22 - [SUCCESS] Scaled worker-6401 to 2 replicas
2025-11-10 19:41:24 - [SUCCESS] Scaled db-4852 to 2 replicas
2025-11-10 19:41:33 - [SUCCESS] Scaled cache-1212 to 3 replicas
2025-11-10 19:41:37 - [SUCCESS] Scaled cache-1212 to 6 replicas
2025-11-10 19:41:38 - [SUCCESS] Scaled db-7829 to 1 replicas
2025-11-10 19:41:43 - [SUCCESS] Scaled cache-1212 to 8 replicas
2025-11-10 19:41:45 - [SUCCESS] Scaled cache-1212 to 5 replicas
2025-11-10 19:41:47 - [SUCCESS] Scaled cache-1212 to 2 replicas
2025-11-10 19:41:53 - [SUCCESS] Deployed worker-5796 with image redis:latest (2 replicas)
2025-11-10 19:41:53 - [SUCCESS] Scaled api-7158 to 4 replicas
2025-11-10 19:42:00 - [SUCCESS] Deployed db-8501 with image mongo:latest (3 replicas)
2025-11-10 19:42:08 - [SUCCESS] Scaled db-5153 to 4 replicas
2025-11-10 19:42:14 - [SUCCESS] Scaled db-2386 to 3 replicas
2025-11-10 19:42:17 - [SUCCESS] Scaled db-2386 to 6 replicas
2025-11-10 19:42:17 - [SUCCESS] Scaled worker-3680 to 1 replicas
2025-11-10 19:42:21 - [SUCCESS] Scaled db-2386 to 8 replicas
2025-11-10 19:42:24 - [SUCCESS] Scaled worker-2494 to 3 replicas
2025-11-10 19:42:26 - [SUCCESS] Scaled db-2386 to 5 replicas
2025-11-10 19:42:28 - [SUCCESS] Scaled db-2386 to 2 replicas
2025-11-10 19:42:32 - [SUCCESS] Scaled cache-2366 to 3 replicas
2025-11-10 19:42:42 - [SUCCESS] Scaled api-8367 to 1 replicas
2025-11-10 19:42:46 - [SUCCESS] Scaled db-8806 to 3 replicas
2025-11-10 19:42:49 - [SUCCESS] Scaled worker-3448 to 4 replicas
2025-11-10 19:42:49 - [SUCCESS] Scaled db-8806 to 6 replicas
2025-11-10 19:42:52 - [SUCCESS] Scaled db-8806 to 8 replicas
2025-11-10 19:42:55 - [SUCCESS] Scaled db-8806 to 5 replicas
2025-11-10 19:42:58 - [SUCCESS] Scaled db-4300 to 3 replicas
2025-11-10 19:42:59 - [SUCCESS] Scaled db-8806 to 2 replicas
2025-11-10 19:43:11 - [SUCCESS] Scaled api-9789 to 3 replicas
2025-11-10 19:43:13 - [SUCCESS] Scaled api-9789 to 6 replicas
2025-11-10 19:43:16 - [SUCCESS] Scaled db-3774 to 3 replicas
2025-11-10 19:43:17 - [SUCCESS] Scaled api-9789 to 8 replicas
2025-11-10 19:43:19 - [SUCCESS] Scaled db-3774 to 6 replicas
2025-11-10 19:43:20 - [SUCCESS] Scaled api-9789 to 5 replicas
2025-11-10 19:43:23 - [SUCCESS] Scaled api-9789 to 2 replicas
2025-11-10 19:43:24 - [SUCCESS] Scaled db-3774 to 8 replicas
2025-11-10 19:43:26 - [SUCCESS] Scaled db-3774 to 5 replicas
2025-11-10 19:43:31 - [SUCCESS] Scaled db-3774 to 2 replicas
2025-11-10 19:43:38 - [SUCCESS] Deployed db-6928 with image mysql:latest (1 replicas)
2025-11-10 19:43:42 - [SUCCESS] Scaled db-7409 to 2 replicas
2025-11-10 19:43:50 - [SUCCESS] Scaled cache-4740 to 3 replicas
2025-11-10 19:43:52 - [SUCCESS] Scaled cache-4740 to 6 replicas
2025-11-10 19:43:54 - [SUCCESS] Scaled cache-4740 to 8 replicas
2025-11-10 19:43:57 - [SUCCESS] Scaled cache-4899 to 7 replicas
2025-11-10 19:43:57 - [SUCCESS] Scaled cache-4740 to 5 replicas
2025-11-10 19:44:00 - [SUCCESS] Scaled cache-4740 to 2 replicas
2025-11-10 19:44:07 - [SUCCESS] Scaled worker-2877 to 3 replicas
2025-11-10 19:44:10 - [SUCCESS] Scaled worker-2877 to 6 replicas
2025-11-10 19:44:10 - [SUCCESS] Scaled cache-8056 to 3 replicas
2025-11-10 19:44:13 - [SUCCESS] Scaled cache-8056 to 6 replicas
2025-11-10 19:44:13 - [SUCCESS] Scaled worker-2877 to 8 replicas
2025-11-10 19:44:16 - [SUCCESS] Scaled cache-8056 to 8 replicas
2025-11-10 19:44:17 - [SUCCESS] Scaled worker-2877 to 5 replicas
2025-11-10 19:44:21 - [SUCCESS] Scaled cache-8056 to 5 replicas
2025-11-10 19:44:22 - [SUCCESS] Scaled worker-2877 to 2 replicas
2025-11-10 19:44:24 - [SUCCESS] Scaled cache-8056 to 2 replicas
2025-11-10 19:44:34 - [SUCCESS] Scaled db-9961 to 2 replicas
2025-11-10 19:44:42 - [SUCCESS] Scaled db-8806 to 4 replicas
2025-11-10 19:44:54 - [SUCCESS] Scaled cache-9359 to 3 replicas
2025-11-10 19:44:55 - [SUCCESS] Scaled worker-2877 to 5 replicas
2025-11-10 19:44:59 - [SUCCESS] Scaled cache-9359 to 6 replicas
2025-11-10 19:44:59 - [SUCCESS] Scaled api-5008 to 3 replicas
2025-11-10 19:45:03 - [SUCCESS] Scaled cache-9359 to 8 replicas
2025-11-10 19:45:05 - [SUCCESS] Deployed api-4904 with image httpd:latest (3 replicas)
2025-11-10 19:45:07 - [SUCCESS] Scaled cache-9359 to 5 replicas
2025-11-10 19:45:10 - [SUCCESS] Scaled cache-9359 to 2 replicas
2025-11-10 19:45:16 - [SUCCESS] Deployed api-6738 with image httpd:latest (2 replicas)
2025-11-10 19:45:23 - [SUCCESS] Deployed worker-8416 with image redis:latest (4 replicas)
2025-11-10 19:45:25 - [SUCCESS] Scaled cache-7636 to 3 replicas
2025-11-10 19:45:28 - [SUCCESS] Scaled db-1858 to 4 replicas
2025-11-10 19:45:33 - [SUCCESS] Scaled worker-8908 to 2 replicas
2025-11-10 19:45:41 - [SUCCESS] Scaled db-4473 to 3 replicas
2025-11-10 19:45:44 - [SUCCESS] Deployed worker-2616 with image redis:latest (3 replicas)
2025-11-10 19:45:46 - [SUCCESS] Scaled db-4473 to 6 replicas
2025-11-10 19:45:50 - [SUCCESS] Scaled cache-5056 to 3 replicas
2025-11-10 19:45:50 - [SUCCESS] Scaled db-4473 to 8 replicas
2025-11-10 19:45:53 - [SUCCESS] Scaled cache-5056 to 6 replicas
2025-11-10 19:45:55 - [SUCCESS] Scaled db-4473 to 5 replicas
2025-11-10 19:45:56 - [SUCCESS] Scaled cache-5056 to 8 replicas
2025-11-10 19:45:58 - [SUCCESS] Scaled db-4473 to 2 replicas
2025-11-10 19:46:00 - [SUCCESS] Scaled cache-5056 to 5 replicas
2025-11-10 19:46:05 - [SUCCESS] Scaled cache-5056 to 2 replicas
2025-11-10 19:46:09 - [SUCCESS] Scaled cache-5020 to 4 replicas
2025-11-10 19:46:22 - [SUCCESS] Scaled api-3800 to 3 replicas
2025-11-10 19:46:26 - [SUCCESS] Scaled api-3800 to 6 replicas
2025-11-10 19:46:29 - [SUCCESS] Scaled api-3800 to 8 replicas
2025-11-10 19:46:33 - [SUCCESS] Scaled api-3800 to 5 replicas
2025-11-10 19:46:33 - [SUCCESS] Scaled api-6192 to 3 replicas
2025-11-10 19:46:36 - [SUCCESS] Scaled api-3800 to 2 replicas
2025-11-10 19:46:37 - [SUCCESS] Deployed api-9291 with image httpd:latest (2 replicas)
2025-11-10 19:46:44 - [SUCCESS] Deployed worker-3120 with image rabbitmq:latest (2 replicas)
2025-11-10 19:46:47 - [SUCCESS] Scaled worker-3969 to 6 replicas
2025-11-10 19:46:49 - [SUCCESS] Deployed worker-4568 with image rabbitmq:latest (2 replicas)
2025-11-10 19:46:57 - [SUCCESS] Scaled api-9058 to 5 replicas
2025-11-10 19:46:59 - [SUCCESS] Scaled db-4300 to 6 replicas
2025-11-10 19:47:00 - [SUCCESS] Scaled worker-3448 to 6 replicas
2025-11-10 19:47:08 - [SUCCESS] Scaled web-1077 to 3 replicas
2025-11-10 19:47:15 - [SUCCESS] Scaled cache-9359 to 2 replicas
2025-11-10 19:47:24 - [SUCCESS] Scaled db-4852 to 4 replicas
2025-11-10 19:47:32 - [SUCCESS] Deployed api-6169 with image httpd:latest (3 replicas)
2025-11-10 19:47:32 - [SUCCESS] Scaled worker-4568 to 3 replicas
2025-11-10 19:47:37 - [SUCCESS] Scaled worker-4568 to 6 replicas
2025-11-10 19:47:38 - [SUCCESS] Scaled db-6928 to 3 replicas
2025-11-10 19:47:40 - [SUCCESS] Scaled worker-4568 to 8 replicas
2025-11-10 19:47:41 - [SUCCESS] Scaled db-6928 to 6 replicas
2025-11-10 19:47:42 - [SUCCESS] Scaled worker-4568 to 5 replicas
2025-11-10 19:47:45 - [SUCCESS] Scaled worker-4568 to 2 replicas
2025-11-10 19:47:45 - [SUCCESS] Scaled db-6928 to 8 replicas
2025-11-10 19:47:48 - [SUCCESS] Scaled db-6928 to 5 replicas
2025-11-10 19:47:53 - [SUCCESS] Scaled db-6928 to 2 replicas
2025-11-10 19:48:01 - [SUCCESS] Scaled api-3709 to 3 replicas
2025-11-10 19:48:02 - [SUCCESS] Scaled worker-1840 to 5 replicas
2025-11-10 19:48:05 - [SUCCESS] Scaled api-3709 to 6 replicas
2025-11-10 19:48:06 - [SUCCESS] Deployed db-9828 with image postgres:latest (2 replicas)
2025-11-10 19:48:09 - [SUCCESS] Scaled cache-4475 to 7 replicas
2025-11-10 19:48:10 - [SUCCESS] Scaled api-3709 to 8 replicas
2025-11-10 19:48:13 - [SUCCESS] Scaled api-3709 to 5 replicas
2025-11-10 19:48:15 - [SUCCESS] Scaled db-4203 to 5 replicas
2025-11-10 19:48:17 - [SUCCESS] Scaled api-3709 to 2 replicas
2025-11-10 19:48:32 - [SUCCESS] Deployed web-7131 with image nginx:latest (2 replicas)
2025-11-10 19:48:33 - [SUCCESS] Scaled cache-9359 to 3 replicas
2025-11-10 19:48:38 - [SUCCESS] Deployed worker-2091 with image redis:latest (4 replicas)
2025-11-10 19:48:40 - [SUCCESS] Scaled worker-2423 to 4 replicas
2025-11-10 19:48:44 - [SUCCESS] Scaled worker-5780 to 6 replicas
2025-11-10 19:48:47 - [SUCCESS] Scaled web-2086 to 2 replicas
2025-11-10 19:48:49 - [SUCCESS] Scaled worker-4568 to 6 replicas
2025-11-10 19:48:57 - [SUCCESS] Scaled db-5423 to 7 replicas
2025-11-10 19:49:00 - [SUCCESS] Scaled api-8062 to 4 replicas
2025-11-10 19:49:04 - [SUCCESS] Scaled api-3245 to 5 replicas
2025-11-10 19:49:11 - [SUCCESS] Scaled worker-4804 to 4 replicas
2025-11-10 19:49:18 - [SUCCESS] Scaled cache-5056 to 6 replicas
2025-11-10 19:49:21 - [SUCCESS] Deployed worker-1000 with image rabbitmq:latest (4 replicas)
2025-11-10 19:49:23 - [SUCCESS] Scaled db-4423 to 5 replicas
2025-11-10 19:49:29 - [SUCCESS] Scaled db-8913 to 1 replicas
2025-11-10 19:49:30 - [SUCCESS] Scaled db-9224 to 3 replicas
2025-11-10 19:49:34 - [SUCCESS] Scaled db-9224 to 6 replicas
2025-11-10 19:49:36 - [SUCCESS] Scaled api-9291 to 6 replicas
2025-11-10 19:49:37 - [SUCCESS] Scaled db-9224 to 8 replicas
2025-11-10 19:49:40 - [SUCCESS] Scaled db-9224 to 5 replicas
2025-11-10 19:49:40 - [SUCCESS] Scaled worker-1840 to 3 replicas
2025-11-10 19:49:43 - [SUCCESS] Scaled db-9224 to 2 replicas
2025-11-10 19:49:45 - [SUCCESS] Scaled worker-1840 to 6 replicas
2025-11-10 19:49:49 - [SUCCESS] Scaled worker-1840 to 8 replicas
2025-11-10 19:49:51 - [SUCCESS] Scaled worker-1840 to 5 replicas
2025-11-10 19:49:54 - [SUCCESS] Scaled worker-1840 to 2 replicas
2025-11-10 19:49:57 - [SUCCESS] Scaled cache-5101 to 6 replicas
2025-11-10 19:50:04 - [SUCCESS] Scaled db-8367 to 4 replicas
2025-11-10 19:50:09 - [SUCCESS] Scaled worker-3969 to 3 replicas
2025-11-10 19:50:13 - [SUCCESS] Scaled worker-3969 to 6 replicas
2025-11-10 19:50:16 - [SUCCESS] Scaled worker-3969 to 8 replicas
2025-11-10 19:50:19 - [SUCCESS] Scaled worker-3969 to 5 replicas
2025-11-10 19:50:19 - [SUCCESS] Deployed db-6901 with image mysql:latest (4 replicas)
2025-11-10 19:50:23 - [SUCCESS] Scaled web-1526 to 3 replicas
2025-11-10 19:50:23 - [SUCCESS] Scaled worker-3969 to 2 replicas
2025-11-10 19:50:29 - [SUCCESS] Scaled worker-5088 to 8 replicas
2025-11-10 19:50:33 - [SUCCESS] Deployed worker-7023 with image redis:latest (3 replicas)
2025-11-10 19:50:37 - [SUCCESS] Scaled api-2610 to 3 replicas
2025-11-10 19:50:37 - [SUCCESS] Scaled cache-2366 to 4 replicas
2025-11-10 19:50:42 - [SUCCESS] Scaled api-2610 to 6 replicas
2025-11-10 19:50:46 - [SUCCESS] Scaled api-2610 to 8 replicas
2025-11-10 19:50:50 - [SUCCESS] Scaled web-1146 to 3 replicas
2025-11-10 19:50:50 - [SUCCESS] Scaled api-2610 to 5 replicas
2025-11-10 19:50:54 - [SUCCESS] Scaled web-1146 to 6 replicas
2025-11-10 19:50:54 - [SUCCESS] Scaled api-2610 to 2 replicas
2025-11-10 19:50:57 - [SUCCESS] Scaled web-1146 to 8 replicas
2025-11-10 19:51:01 - [SUCCESS] Scaled web-1146 to 5 replicas
2025-11-10 19:51:04 - [SUCCESS] Scaled web-1146 to 2 replicas
2025-11-10 19:51:10 - [SUCCESS] Scaled db-4735 to 4 replicas
2025-11-10 19:51:20 - [SUCCESS] Scaled cache-6998 to 5 replicas
2025-11-10 19:51:23 - [SUCCESS] Deployed db-3292 with image mysql:latest (4 replicas)
2025-11-10 19:51:26 - [SUCCESS] Scaled api-6963 to 3 replicas
2025-11-10 19:51:33 - [SUCCESS] Scaled worker-3969 to 1 replicas
2025-11-10 19:51:42 - [SUCCESS] Deployed cache-5889 with image redis:latest (4 replicas)
2025-11-10 19:51:44 - [SUCCESS] Scaled web-5424 to 2 replicas
2025-11-10 19:51:45 - [SUCCESS] Deployed web-8113 with image httpd:latest (3 replicas)
2025-11-10 19:51:52 - [SUCCESS] Deployed cache-8929 with image memcached:latest (4 replicas)
2025-11-10 19:51:56 - [SUCCESS] Scaled cache-5667 to 2 replicas
2025-11-10 19:51:57 - [SUCCESS] Scaled cache-5667 to 8 replicas
2025-11-10 19:52:01 - [SUCCESS] Scaled db-4331 to 1 replicas
2025-11-10 19:52:03 - [SUCCESS] Scaled db-8583 to 2 replicas
2025-11-10 19:52:14 - [SUCCESS] Deployed api-8205 with image httpd:latest (1 replicas)
2025-11-10 19:52:14 - [SUCCESS] Scaled db-5648 to 3 replicas
2025-11-10 19:52:24 - [SUCCESS] Scaled cache-4899 to 3 replicas
2025-11-10 19:52:28 - [SUCCESS] Scaled cache-4899 to 6 replicas
2025-11-10 19:52:33 - [SUCCESS] Scaled cache-4899 to 8 replicas
2025-11-10 19:52:36 - [SUCCESS] Scaled cache-4899 to 5 replicas
2025-11-10 19:52:38 - [SUCCESS] Scaled cache-4899 to 2 replicas
2025-11-10 19:52:41 - [SUCCESS] Scaled api-6169 to 2 replicas
2025-11-10 19:52:53 - [SUCCESS] Deployed db-1316 with image mongo:latest (2 replicas)
2025-11-10 19:52:55 - [SUCCESS] Scaled worker-2877 to 3 replicas
2025-11-10 19:52:58 - [SUCCESS] Scaled worker-2877 to 6 replicas
2025-11-10 19:53:02 - [SUCCESS] Scaled worker-2877 to 8 replicas
2025-11-10 19:53:05 - [SUCCESS] Scaled worker-2877 to 5 replicas
2025-11-10 19:53:06 - [SUCCESS] Deployed web-1339 with image nginx:latest (1 replicas)
2025-11-10 19:53:08 - [SUCCESS] Scaled worker-2877 to 2 replicas
2025-11-10 19:53:14 - [SUCCESS] Scaled api-2280 to 2 replicas
2025-11-10 19:53:19 - [SUCCESS] Scaled db-9668 to 4 replicas
2025-11-10 19:53:20 - [SUCCESS] Scaled db-3885 to 3 replicas
2025-11-10 19:53:23 - [SUCCESS] Scaled db-3885 to 6 replicas
2025-11-10 19:53:26 - [SUCCESS] Scaled db-3885 to 8 replicas
2025-11-10 19:53:28 - [SUCCESS] Scaled db-3885 to 5 replicas
2025-11-10 19:53:32 - [SUCCESS] Scaled db-3885 to 2 replicas
2025-11-10 19:53:35 - [SUCCESS] Scaled worker-8838 to 3 replicas
2025-11-10 19:53:39 - [SUCCESS] Scaled worker-8838 to 6 replicas
2025-11-10 19:53:41 - [SUCCESS] Scaled db-9828 to 8 replicas
2025-11-10 19:53:42 - [SUCCESS] Scaled worker-8838 to 8 replicas
2025-11-10 19:53:45 - [SUCCESS] Deployed worker-8615 with image rabbitmq:latest (3 replicas)
2025-11-10 19:53:45 - [SUCCESS] Scaled worker-8838 to 5 replicas
2025-11-10 19:53:48 - [SUCCESS] Scaled worker-8838 to 2 replicas
2025-11-10 19:53:49 - [SUCCESS] Scaled worker-4763 to 6 replicas
2025-11-10 19:53:55 - [SUCCESS] Scaled cache-1518 to 1 replicas
2025-11-10 19:53:59 - [SUCCESS] Scaled api-7201 to 2 replicas
2025-11-10 19:54:02 - [SUCCESS] Scaled api-6963 to 3 replicas
2025-11-10 19:54:04 - [SUCCESS] Scaled api-6963 to 6 replicas
2025-11-10 19:54:07 - [SUCCESS] Scaled api-6963 to 8 replicas
2025-11-10 19:54:10 - [SUCCESS] Scaled api-6963 to 5 replicas
2025-11-10 19:54:10 - [SUCCESS] Scaled worker-1840 to 3 replicas
2025-11-10 19:54:13 - [SUCCESS] Scaled worker-1840 to 6 replicas
2025-11-10 19:54:14 - [SUCCESS] Scaled api-6963 to 2 replicas
2025-11-10 19:54:17 - [SUCCESS] Scaled worker-1840 to 8 replicas
2025-11-10 19:54:20 - [SUCCESS] Scaled worker-1840 to 5 replicas
2025-11-10 19:54:24 - [SUCCESS] Scaled worker-1840 to 2 replicas
2025-11-10 19:54:24 - [SUCCESS] Deployed db-2982 with image mongo:latest (2 replicas)
2025-11-10 19:54:28 - [SUCCESS] Deployed db-9686 with image mongo:latest (3 replicas)
2025-11-10 19:54:34 - [SUCCESS] Scaled api-6738 to 6 replicas
2025-11-10 19:54:39 - [SUCCESS] Scaled worker-1990 to 2 replicas
2025-11-10 19:54:42 - [SUCCESS] Deployed api-9149 with image nginx:latest (3 replicas)
2025-11-10 19:54:45 - [SUCCESS] Scaled cache-7636 to 1 replicas
2025-11-10 19:54:55 - [SUCCESS] Scaled cache-4027 to 2 replicas
2025-11-10 19:54:56 - [SUCCESS] Scaled db-3292 to 3 replicas
2025-11-10 19:55:01 - [SUCCESS] Scaled cache-4484 to 3 replicas
2025-11-10 19:55:04 - [SUCCESS] Scaled db-9961 to 5 replicas
2025-11-10 19:55:04 - [SUCCESS] Scaled cache-4484 to 6 replicas
2025-11-10 19:55:07 - [SUCCESS] Scaled cache-4484 to 8 replicas
2025-11-10 19:55:11 - [SUCCESS] Scaled cache-4484 to 5 replicas
2025-11-10 19:55:13 - [SUCCESS] Scaled cache-4484 to 2 replicas
2025-11-10 19:55:15 - [SUCCESS] Scaled db-4331 to 4 replicas
2025-11-10 19:55:21 - [SUCCESS] Scaled worker-3969 to 3 replicas
2025-11-10 19:55:24 - [SUCCESS] Scaled worker-3969 to 6 replicas
2025-11-10 19:55:25 - [SUCCESS] Scaled cache-2387 to 4 replicas
2025-11-10 19:55:27 - [SUCCESS] Scaled worker-3969 to 8 replicas
2025-11-10 19:55:31 - [SUCCESS] Scaled worker-5241 to 3 replicas
2025-11-10 19:55:31 - [SUCCESS] Scaled worker-3969 to 5 replicas
2025-11-10 19:55:36 - [SUCCESS] Scaled worker-3969 to 2 replicas
2025-11-10 19:55:43 - [SUCCESS] Scaled api-3006 to 1 replicas
2025-11-10 19:55:43 - [SUCCESS] Scaled web-3516 to 1 replicas
2025-11-10 19:55:50 - [SUCCESS] Scaled api-3709 to 3 replicas
2025-11-10 19:55:51 - [SUCCESS] Deployed api-6283 with image httpd:latest (3 replicas)
2025-11-10 19:55:55 - [SUCCESS] Scaled worker-8908 to 4 replicas
2025-11-10 19:56:03 - [SUCCESS] Scaled cache-9359 to 3 replicas
2025-11-10 19:56:06 - [SUCCESS] Deployed web-7708 with image httpd:latest (4 replicas)
2025-11-10 19:56:07 - [SUCCESS] Scaled cache-9359 to 6 replicas
2025-11-10 19:56:10 - [SUCCESS] Scaled cache-9359 to 8 replicas
2025-11-10 19:56:13 - [SUCCESS] Scaled cache-9359 to 5 replicas
2025-11-10 19:56:17 - [SUCCESS] Scaled cache-4475 to 8 replicas
2025-11-10 19:56:17 - [SUCCESS] Scaled cache-9359 to 2 replicas
2025-11-10 19:56:28 - [SUCCESS] Scaled worker-4568 to 4 replicas
2025-11-10 19:56:42 - [SUCCESS] Scaled worker-3680 to 3 replicas
2025-11-10 19:56:47 - [SUCCESS] Scaled worker-3680 to 6 replicas
2025-11-10 19:56:50 - [SUCCESS] Scaled api-9291 to 8 replicas
2025-11-10 19:56:51 - [SUCCESS] Scaled worker-3680 to 8 replicas
2025-11-10 19:56:55 - [SUCCESS] Scaled worker-3680 to 5 replicas
2025-11-10 19:56:58 - [SUCCESS] Scaled worker-3680 to 2 replicas
2025-11-10 19:57:16 - [SUCCESS] Scaled cache-5020 to 3 replicas
2025-11-10 19:57:21 - [SUCCESS] Scaled cache-5020 to 6 replicas
2025-11-10 19:57:24 - [SUCCESS] Scaled cache-5020 to 8 replicas
2025-11-10 19:57:26 - [SUCCESS] Scaled cache-5020 to 5 replicas
2025-11-10 19:57:27 - [SUCCESS] Deployed cache-3934 with image redis:latest (2 replicas)
2025-11-10 19:57:29 - [SUCCESS] Scaled cache-5020 to 2 replicas
2025-11-10 19:57:39 - [SUCCESS] Scaled api-7624 to 3 replicas
2025-11-10 19:57:40 - [SUCCESS] Scaled db-5153 to 6 replicas
2025-11-10 19:57:44 - [SUCCESS] Scaled db-3001 to 8 replicas
2025-11-10 19:57:49 - [SUCCESS] Scaled api-6328 to 3 replicas
2025-11-10 19:57:52 - [SUCCESS] Scaled cache-6667 to 7 replicas
2025-11-10 19:57:52 - [SUCCESS] Scaled api-6328 to 6 replicas
2025-11-10 19:57:56 - [SUCCESS] Scaled api-6328 to 8 replicas
2025-11-10 19:57:59 - [SUCCESS] Scaled api-6328 to 5 replicas
2025-11-10 19:58:02 - [SUCCESS] Scaled api-6328 to 2 replicas
2025-11-10 19:58:03 - [SUCCESS] Scaled cache-2151 to 6 replicas
2025-11-10 19:58:06 - [SUCCESS] Scaled worker-6401 to 1 replicas
2025-11-10 19:58:15 - [SUCCESS] Scaled worker-1840 to 3 replicas
2025-11-10 19:58:16 - [SUCCESS] Scaled worker-8838 to 4 replicas
2025-11-10 19:58:19 - [SUCCESS] Scaled worker-1840 to 6 replicas
2025-11-10 19:58:19 - [SUCCESS] Scaled db-2386 to 5 replicas
2025-11-10 19:58:23 - [SUCCESS] Scaled worker-1840 to 8 replicas
2025-11-10 19:58:23 - [SUCCESS] Deployed db-3878 with image postgres:latest (1 replicas)
2025-11-10 19:58:26 - [SUCCESS] Scaled worker-1840 to 5 replicas
2025-11-10 19:58:29 - [SUCCESS] Scaled worker-1840 to 2 replicas
2025-11-10 19:58:42 - [SUCCESS] Scaled worker-2494 to 8 replicas
2025-11-10 19:58:46 - [SUCCESS] Scaled db-9668 to 1 replicas
2025-11-10 19:58:47 - [SUCCESS] Scaled db-1858 to 2 replicas
2025-11-10 19:58:55 - [SUCCESS] Scaled db-2982 to 8 replicas
2025-11-10 19:58:55 - [SUCCESS] Scaled cache-5667 to 4 replicas
2025-11-10 19:59:00 - [SUCCESS] Scaled worker-3938 to 4 replicas
2025-11-10 19:59:06 - [SUCCESS] Scaled db-8501 to 5 replicas
2025-11-10 19:59:08 - [SUCCESS] Scaled worker-8416 to 4 replicas
2025-11-10 19:59:09 - [SUCCESS] Scaled web-9010 to 3 replicas
2025-11-10 19:59:13 - [SUCCESS] Scaled web-9010 to 6 replicas
2025-11-10 19:59:14 - [SUCCESS] Scaled api-3245 to 1 replicas
2025-11-10 19:59:18 - [SUCCESS] Scaled web-9010 to 8 replicas
2025-11-10 19:59:22 - [SUCCESS] Scaled web-9010 to 5 replicas
2025-11-10 19:59:22 - [SUCCESS] Scaled worker-5780 to 6 replicas
2025-11-10 19:59:25 - [SUCCESS] Scaled web-9010 to 2 replicas
2025-11-10 19:59:32 - [SUCCESS] Scaled worker-1317 to 3 replicas
2025-11-10 19:59:43 - [SUCCESS] Scaled web-9010 to 2 replicas
2025-11-10 19:59:43 - [SUCCESS] Scaled api-9209 to 3 replicas
2025-11-10 19:59:49 - [SUCCESS] Scaled web-2086 to 3 replicas
2025-11-10 19:59:53 - [SUCCESS] Scaled worker-8416 to 3 replicas
2025-11-10 19:59:56 - [SUCCESS] Scaled db-2982 to 1 replicas
2025-11-10 19:59:59 - [SUCCESS] Deployed cache-2178 with image redis:latest (4 replicas)
2025-11-10 20:00:06 - [SUCCESS] Scaled db-3292 to 3 replicas
2025-11-10 20:00:07 - [SUCCESS] Scaled api-9058 to 3 replicas
2025-11-10 20:00:09 - [SUCCESS] Scaled api-9058 to 6 replicas
2025-11-10 20:00:13 - [SUCCESS] Scaled api-9058 to 8 replicas
2025-11-10 20:00:17 - [SUCCESS] Scaled api-9058 to 5 replicas
2025-11-10 20:00:17 - [SUCCESS] Scaled web-1146 to 6 replicas
2025-11-10 20:00:19 - [SUCCESS] Scaled api-9058 to 2 replicas
2025-11-10 20:00:26 - [SUCCESS] Deployed cache-2101 with image memcached:latest (1 replicas)
2025-11-10 20:00:32 - [SUCCESS] Scaled db-7729 to 2 replicas
2025-11-10 20:00:39 - [SUCCESS] Deployed worker-7778 with image rabbitmq:latest (3 replicas)
2025-11-10 20:00:41 - [SUCCESS] Scaled worker-8615 to 5 replicas
2025-11-10 20:00:42 - [SUCCESS] Scaled web-4589 to 1 replicas
2025-11-10 20:00:49 - [SUCCESS] Scaled cache-3431 to 3 replicas
2025-11-10 20:00:51 - [SUCCESS] Scaled worker-2423 to 6 replicas
2025-11-10 20:00:51 - [SUCCESS] Scaled cache-3431 to 6 replicas
2025-11-10 20:00:56 - [SUCCESS] Scaled cache-3431 to 8 replicas
2025-11-10 20:00:59 - [SUCCESS] Scaled api-2321 to 1 replicas
2025-11-10 20:00:59 - [SUCCESS] Scaled cache-3431 to 5 replicas
2025-11-10 20:01:02 - [SUCCESS] Scaled cache-3431 to 2 replicas
2025-11-10 20:01:06 - [SUCCESS] Scaled worker-8416 to 3 replicas
2025-11-10 20:01:17 - [SUCCESS] Deployed cache-7785 with image redis:latest (4 replicas)
2025-11-10 20:01:19 - [SUCCESS] Scaled db-3774 to 5 replicas
2025-11-10 20:01:24 - [SUCCESS] Scaled cache-3934 to 2 replicas
2025-11-10 20:01:25 - [SUCCESS] Scaled cache-4475 to 4 replicas
2025-11-10 20:01:31 - [SUCCESS] Scaled api-9601 to 3 replicas
2025-11-10 20:01:31 - [SUCCESS] Scaled web-4977 to 3 replicas
2025-11-10 20:01:35 - [SUCCESS] Scaled web-4977 to 6 replicas
2025-11-10 20:01:36 - [SUCCESS] Scaled api-9601 to 6 replicas
2025-11-10 20:01:40 - [SUCCESS] Scaled web-4977 to 8 replicas
2025-11-10 20:01:41 - [SUCCESS] Scaled api-9601 to 8 replicas
2025-11-10 20:01:44 - [SUCCESS] Scaled web-4977 to 5 replicas
2025-11-10 20:01:44 - [SUCCESS] Scaled api-9601 to 5 replicas
2025-11-10 20:01:46 - [SUCCESS] Scaled api-9601 to 2 replicas
2025-11-10 20:01:49 - [SUCCESS] Scaled web-4977 to 2 replicas
2025-11-10 20:01:58 - [SUCCESS] Scaled worker-3254 to 3 replicas
2025-11-10 20:02:02 - [SUCCESS] Scaled worker-3254 to 6 replicas
2025-11-10 20:02:06 - [SUCCESS] Scaled worker-3254 to 8 replicas
2025-11-10 20:02:09 - [SUCCESS] Scaled worker-3254 to 5 replicas
2025-11-10 20:02:14 - [SUCCESS] Scaled worker-3254 to 2 replicas
2025-11-10 20:02:25 - [SUCCESS] Deployed web-2480 with image httpd:latest (1 replicas)
2025-11-10 20:02:31 - [SUCCESS] Scaled worker-2748 to 1 replicas
2025-11-10 20:02:31 - [SUCCESS] Scaled cache-8056 to 2 replicas
2025-11-10 20:02:37 - [SUCCESS] Scaled worker-2877 to 5 replicas
2025-11-10 20:02:45 - [SUCCESS] Scaled db-8806 to 3 replicas
2025-11-10 20:02:48 - [SUCCESS] Scaled web-8113 to 3 replicas
2025-11-10 20:02:48 - [SUCCESS] Scaled db-8806 to 6 replicas
2025-11-10 20:02:53 - [SUCCESS] Scaled db-8806 to 8 replicas
2025-11-10 20:02:53 - [SUCCESS] Scaled api-8347 to 8 replicas
2025-11-10 20:02:56 - [SUCCESS] Scaled db-8806 to 5 replicas
2025-11-10 20:02:58 - [SUCCESS] Scaled web-1077 to 3 replicas
2025-11-10 20:03:00 - [SUCCESS] Scaled db-8806 to 2 replicas
2025-11-10 20:03:00 - [SUCCESS] Scaled web-1077 to 6 replicas
2025-11-10 20:03:02 - [SUCCESS] Scaled web-1077 to 8 replicas
2025-11-10 20:03:06 - [SUCCESS] Scaled web-1077 to 5 replicas
2025-11-10 20:03:10 - [SUCCESS] Scaled web-1077 to 2 replicas
2025-11-10 20:03:12 - [SUCCESS] Scaled worker-1840 to 3 replicas
2025-11-10 20:03:15 - [SUCCESS] Scaled worker-1840 to 6 replicas
2025-11-10 20:03:17 - [SUCCESS] Scaled worker-1840 to 8 replicas
2025-11-10 20:03:22 - [SUCCESS] Scaled db-8583 to 3 replicas
2025-11-10 20:03:22 - [SUCCESS] Scaled worker-1840 to 5 replicas
2025-11-10 20:03:26 - [SUCCESS] Scaled worker-1840 to 2 replicas
2025-11-10 20:03:27 - [SUCCESS] Scaled db-8583 to 6 replicas
2025-11-10 20:03:31 - [SUCCESS] Scaled db-8583 to 8 replicas
2025-11-10 20:03:35 - [SUCCESS] Scaled db-8583 to 5 replicas
2025-11-10 20:03:36 - [SUCCESS] Scaled web-6388 to 3 replicas
2025-11-10 20:03:39 - [SUCCESS] Scaled db-8583 to 2 replicas
2025-11-10 20:03:40 - [SUCCESS] Scaled web-6388 to 6 replicas
2025-11-10 20:03:42 - [SUCCESS] Scaled web-6388 to 8 replicas
2025-11-10 20:03:44 - [SUCCESS] Scaled web-6388 to 5 replicas
2025-11-10 20:03:47 - [SUCCESS] Deployed db-6182 with image mysql:latest (3 replicas)
2025-11-10 20:03:48 - [SUCCESS] Scaled web-6388 to 2 replicas
2025-11-10 20:03:55 - [SUCCESS] Deployed cache-1088 with image redis:latest (2 replicas)
2025-11-10 20:03:58 - [SUCCESS] Scaled db-9810 to 3 replicas
2025-11-10 20:04:00 - [SUCCESS] Scaled db-4852 to 4 replicas
2025-11-10 20:04:01 - [SUCCESS] Scaled db-9810 to 6 replicas
2025-11-10 20:04:03 - [SUCCESS] Scaled db-2455 to 1 replicas
2025-11-10 20:04:05 - [SUCCESS] Scaled db-9810 to 8 replicas
2025-11-10 20:04:08 - [SUCCESS] Scaled cache-3933 to 4 replicas
2025-11-10 20:04:10 - [SUCCESS] Scaled db-9810 to 5 replicas
2025-11-10 20:04:12 - [SUCCESS] Scaled db-9810 to 2 replicas
2025-11-10 20:04:15 - [SUCCESS] Scaled db-7829 to 1 replicas
2025-11-10 20:04:19 - [SUCCESS] Scaled worker-2561 to 5 replicas
2025-11-10 20:04:23 - [SUCCESS] Scaled web-5555 to 6 replicas
2025-11-10 20:04:27 - [SUCCESS] Scaled db-6928 to 3 replicas
2025-11-10 20:04:27 - [SUCCESS] Scaled db-8583 to 3 replicas
2025-11-10 20:04:30 - [SUCCESS] Scaled db-6928 to 6 replicas
2025-11-10 20:04:35 - [SUCCESS] Scaled db-6928 to 8 replicas
2025-11-10 20:04:38 - [SUCCESS] Scaled db-6928 to 5 replicas
2025-11-10 20:04:40 - [SUCCESS] Scaled worker-8908 to 3 replicas
2025-11-10 20:04:42 - [SUCCESS] Scaled db-6928 to 2 replicas
2025-11-10 20:04:50 - [SUCCESS] Scaled web-4589 to 4 replicas
2025-11-10 20:04:59 - [SUCCESS] Scaled worker-5241 to 5 replicas
2025-11-10 20:05:01 - [SUCCESS] Scaled cache-8027 to 3 replicas
2025-11-10 20:05:04 - [SUCCESS] Scaled cache-8027 to 6 replicas
2025-11-10 20:05:08 - [SUCCESS] Scaled worker-6401 to 3 replicas
2025-11-10 20:05:08 - [SUCCESS] Scaled cache-8027 to 8 replicas
2025-11-10 20:05:11 - [SUCCESS] Scaled cache-8027 to 5 replicas
2025-11-10 20:05:12 - [SUCCESS] Scaled worker-6401 to 6 replicas
2025-11-10 20:05:14 - [SUCCESS] Scaled cache-8027 to 2 replicas
2025-11-10 20:05:16 - [SUCCESS] Scaled worker-6401 to 8 replicas
2025-11-10 20:05:18 - [SUCCESS] Scaled worker-6401 to 5 replicas
2025-11-10 20:05:21 - [SUCCESS] Scaled worker-6401 to 2 replicas
2025-11-10 20:05:24 - [SUCCESS] Scaled worker-6505 to 5 replicas
2025-11-10 20:05:33 - [SUCCESS] Scaled cache-3431 to 6 replicas
2025-11-10 20:05:36 - [SUCCESS] Scaled cache-8936 to 3 replicas
2025-11-10 20:05:39 - [SUCCESS] Scaled cache-8936 to 6 replicas
2025-11-10 20:05:43 - [SUCCESS] Scaled cache-8936 to 8 replicas
2025-11-10 20:05:46 - [SUCCESS] Scaled cache-8936 to 5 replicas
2025-11-10 20:05:47 - [SUCCESS] Scaled db-9961 to 3 replicas
2025-11-10 20:05:49 - [SUCCESS] Scaled cache-8936 to 2 replicas
2025-11-10 20:05:52 - [SUCCESS] Scaled db-9961 to 6 replicas
2025-11-10 20:05:55 - [SUCCESS] Scaled db-9961 to 8 replicas
2025-11-10 20:05:58 - [SUCCESS] Scaled cache-3559 to 6 replicas
2025-11-10 20:05:59 - [SUCCESS] Scaled db-9961 to 5 replicas
2025-11-10 20:06:03 - [SUCCESS] Scaled db-9961 to 2 replicas
2025-11-10 20:06:05 - [SUCCESS] Scaled api-8367 to 7 replicas
2025-11-10 20:06:12 - [SUCCESS] Scaled db-2982 to 1 replicas
2025-11-10 20:06:14 - [SUCCESS] Scaled db-8913 to 3 replicas
2025-11-10 20:06:16 - [SUCCESS] Scaled api-9058 to 6 replicas
2025-11-10 20:06:17 - [SUCCESS] Scaled db-8913 to 6 replicas
2025-11-10 20:06:20 - [SUCCESS] Scaled db-8913 to 8 replicas
2025-11-10 20:06:20 - [SUCCESS] Scaled web-5056 to 1 replicas
2025-11-10 20:06:24 - [SUCCESS] Scaled db-8913 to 5 replicas
2025-11-10 20:06:24 - [SUCCESS] Scaled worker-2748 to 6 replicas
2025-11-10 20:06:26 - [SUCCESS] Scaled db-8913 to 2 replicas
2025-11-10 20:06:28 - [SUCCESS] Deployed cache-6581 with image redis:latest (1 replicas)
2025-11-10 20:06:39 - [SUCCESS] Scaled cache-4899 to 2 replicas
2025-11-10 20:06:40 - [SUCCESS] Scaled worker-5796 to 3 replicas
2025-11-10 20:06:44 - [SUCCESS] Scaled worker-5796 to 6 replicas
2025-11-10 20:06:47 - [SUCCESS] Scaled worker-5796 to 8 replicas
2025-11-10 20:06:48 - [SUCCESS] Scaled db-4473 to 4 replicas
2025-11-10 20:06:52 - [SUCCESS] Scaled worker-5796 to 5 replicas
2025-11-10 20:06:54 - [SUCCESS] Scaled web-8113 to 3 replicas
2025-11-10 20:06:56 - [SUCCESS] Scaled web-8113 to 6 replicas
2025-11-10 20:06:57 - [SUCCESS] Scaled worker-5796 to 2 replicas
2025-11-10 20:06:58 - [SUCCESS] Scaled web-8113 to 8 replicas
2025-11-10 20:07:02 - [SUCCESS] Scaled web-8113 to 5 replicas
2025-11-10 20:07:05 - [SUCCESS] Scaled web-8113 to 2 replicas
2025-11-10 20:07:08 - [SUCCESS] Scaled web-5424 to 3 replicas
2025-11-10 20:07:11 - [SUCCESS] Scaled web-5424 to 6 replicas
2025-11-10 20:07:14 - [SUCCESS] Scaled web-5424 to 8 replicas
2025-11-10 20:07:18 - [SUCCESS] Scaled web-1077 to 5 replicas
2025-11-10 20:07:18 - [SUCCESS] Scaled web-5424 to 5 replicas
2025-11-10 20:07:20 - [SUCCESS] Scaled web-5424 to 2 replicas
2025-11-10 20:07:26 - [SUCCESS] Scaled cache-4475 to 3 replicas
2025-11-10 20:07:29 - [SUCCESS] Deployed api-6424 with image nginx:latest (2 replicas)
2025-11-10 20:07:30 - [SUCCESS] Scaled cache-4475 to 6 replicas
2025-11-10 20:07:34 - [SUCCESS] Scaled cache-4475 to 8 replicas
2025-11-10 20:07:36 - [SUCCESS] Scaled cache-4475 to 5 replicas
2025-11-10 20:07:37 - [SUCCESS] Scaled cache-1635 to 4 replicas
2025-11-10 20:07:39 - [SUCCESS] Scaled cache-4475 to 2 replicas
2025-11-10 20:07:45 - [SUCCESS] Deployed api-3279 with image httpd:latest (3 replicas)
2025-11-10 20:07:54 - [SUCCESS] Scaled db-3885 to 2 replicas
2025-11-10 20:07:55 - [SUCCESS] Deployed worker-3539 with image rabbitmq:latest (4 replicas)
2025-11-10 20:08:01 - [SUCCESS] Scaled cache-4350 to 3 replicas
2025-11-10 20:08:13 - [SUCCESS] Scaled worker-9780 to 2 replicas
2025-11-10 20:08:13 - [SUCCESS] Scaled web-9919 to 2 replicas
2025-11-10 20:08:20 - [SUCCESS] Scaled web-4371 to 5 replicas
2025-11-10 20:08:24 - [SUCCESS] Scaled db-5572 to 7 replicas
2025-11-10 20:08:25 - [SUCCESS] Scaled api-6408 to 3 replicas
2025-11-10 20:08:39 - [SUCCESS] Scaled api-7628 to 5 replicas
2025-11-10 20:08:46 - [SUCCESS] Scaled api-2192 to 8 replicas
2025-11-10 20:08:50 - [SUCCESS] Scaled cache-8936 to 5 replicas
2025-11-10 20:08:55 - [SUCCESS] Deployed cache-2183 with image redis:latest (4 replicas)
2025-11-10 20:09:03 - [SUCCESS] Scaled cache-8318 to 3 replicas
2025-11-10 20:09:06 - [SUCCESS] Scaled db-2982 to 7 replicas
2025-11-10 20:09:07 - [SUCCESS] Scaled cache-8318 to 6 replicas
2025-11-10 20:09:10 - [SUCCESS] Scaled cache-8318 to 8 replicas
2025-11-10 20:09:14 - [SUCCESS] Scaled cache-8318 to 5 replicas
2025-11-10 20:09:19 - [SUCCESS] Scaled cache-8318 to 2 replicas
2025-11-10 20:09:24 - [SUCCESS] Scaled db-7788 to 6 replicas
2025-11-10 20:09:33 - [SUCCESS] Scaled cache-8172 to 2 replicas
2025-11-10 20:09:42 - [SUCCESS] Scaled api-6328 to 4 replicas
2025-11-10 20:09:44 - [SUCCESS] Scaled db-8583 to 1 replicas
2025-11-10 20:09:46 - [SUCCESS] Scaled web-3516 to 5 replicas
2025-11-10 20:09:51 - [SUCCESS] Scaled api-6328 to 3 replicas
2025-11-10 20:09:56 - [SUCCESS] Scaled api-6328 to 6 replicas
2025-11-10 20:10:00 - [SUCCESS] Scaled api-6328 to 8 replicas
2025-11-10 20:10:00 - [SUCCESS] Deployed db-3859 with image mysql:latest (4 replicas)
2025-11-10 20:10:03 - [SUCCESS] Scaled api-6328 to 5 replicas
2025-11-10 20:10:07 - [SUCCESS] Scaled db-4473 to 6 replicas
2025-11-10 20:10:08 - [SUCCESS] Scaled api-6328 to 2 replicas
2025-11-10 20:10:10 - [SUCCESS] Scaled db-3420 to 7 replicas
2025-11-10 20:10:19 - [SUCCESS] Scaled worker-3969 to 5 replicas
2025-11-10 20:10:21 - [SUCCESS] Deployed web-5405 with image httpd:latest (4 replicas)
2025-11-10 20:10:24 - [SUCCESS] Scaled worker-8615 to 3 replicas
2025-11-10 20:10:27 - [SUCCESS] Scaled worker-8615 to 6 replicas
2025-11-10 20:10:28 - [SUCCESS] Scaled api-6192 to 6 replicas
2025-11-10 20:10:32 - [SUCCESS] Scaled worker-8615 to 8 replicas
2025-11-10 20:10:35 - [SUCCESS] Scaled worker-8615 to 5 replicas
2025-11-10 20:10:38 - [SUCCESS] Scaled worker-8615 to 2 replicas
2025-11-10 20:10:38 - [SUCCESS] Scaled worker-3680 to 1 replicas
2025-11-10 20:10:45 - [SUCCESS] Scaled cache-4453 to 7 replicas
2025-11-10 20:10:47 - [SUCCESS] Scaled worker-7023 to 1 replicas
2025-11-10 20:10:51 - [SUCCESS] Deployed cache-6819 with image memcached:latest (2 replicas)
2025-11-10 20:10:56 - [SUCCESS] Scaled worker-4568 to 1 replicas
2025-11-10 20:10:56 - [SUCCESS] Deployed web-2175 with image nginx:latest (3 replicas)
2025-11-10 20:11:03 - [SUCCESS] Deployed cache-8564 with image redis:latest (3 replicas)
2025-11-10 20:11:10 - [SUCCESS] Scaled db-9593 to 3 replicas
2025-11-10 20:11:13 - [SUCCESS] Scaled db-9593 to 6 replicas
2025-11-10 20:11:16 - [SUCCESS] Scaled db-9593 to 8 replicas
2025-11-10 20:11:20 - [SUCCESS] Scaled db-9593 to 5 replicas
2025-11-10 20:11:24 - [SUCCESS] Deployed cache-5597 with image memcached:latest (6 replicas)
2025-11-10 20:11:25 - [SUCCESS] Scaled db-9593 to 2 replicas
2025-11-10 20:11:36 - [SUCCESS] Deployed cache-3107 with image redis:latest (3 replicas)
2025-11-10 20:11:39 - [SUCCESS] Scaled db-8583 to 2 replicas
2025-11-10 20:11:47 - [SUCCESS] Scaled worker-5241 to 1 replicas
2025-11-10 20:11:50 - [SUCCESS] Scaled cache-1518 to 1 replicas
2025-11-10 20:11:54 - [SUCCESS] Scaled db-7729 to 1 replicas
2025-11-10 20:11:57 - [SUCCESS] Scaled cache-4475 to 2 replicas
2025-11-10 20:12:04 - [SUCCESS] Scaled api-8210 to 1 replicas
2025-11-10 20:12:05 - [SUCCESS] Scaled api-8347 to 4 replicas
2025-11-10 20:12:10 - [SUCCESS] Scaled worker-3254 to 4 replicas
2025-11-10 20:12:13 - [SUCCESS] Scaled api-7624 to 8 replicas
2025-11-10 20:12:20 - [SUCCESS] Scaled cache-4027 to 8 replicas
2025-11-10 20:12:24 - [SUCCESS] Scaled web-1536 to 3 replicas
2025-11-10 20:12:28 - [SUCCESS] Scaled web-1536 to 6 replicas
2025-11-10 20:12:29 - [SUCCESS] Deployed db-3972 with image mysql:latest (3 replicas)
2025-11-10 20:12:31 - [SUCCESS] Scaled web-1536 to 8 replicas
2025-11-10 20:12:34 - [SUCCESS] Deployed db-6736 with image mysql:latest (3 replicas)
2025-11-10 20:12:35 - [SUCCESS] Scaled web-1536 to 5 replicas
2025-11-10 20:12:38 - [SUCCESS] Scaled web-1536 to 2 replicas
2025-11-10 20:12:47 - [SUCCESS] Deployed api-8674 with image nginx:latest (3 replicas)
2025-11-10 20:12:47 - [SUCCESS] Scaled db-8233 to 2 replicas
2025-11-10 20:12:53 - [SUCCESS] Scaled web-1146 to 3 replicas
2025-11-10 20:12:58 - [SUCCESS] Scaled web-1146 to 6 replicas
2025-11-10 20:13:00 - [SUCCESS] Scaled api-8062 to 2 replicas
2025-11-10 20:13:02 - [SUCCESS] Scaled web-1146 to 8 replicas
2025-11-10 20:13:05 - [SUCCESS] Scaled web-1146 to 5 replicas
2025-11-10 20:13:09 - [SUCCESS] Scaled web-1146 to 2 replicas
2025-11-10 20:13:15 - [SUCCESS] Scaled worker-6505 to 5 replicas
2025-11-10 20:13:25 - [SUCCESS] Deployed api-1726 with image nginx:latest (3 replicas)
2025-11-10 20:13:28 - [SUCCESS] Scaled cache-6819 to 1 replicas
2025-11-10 20:13:28 - [SUCCESS] Scaled cache-4153 to 3 replicas
2025-11-10 20:13:33 - [SUCCESS] Scaled cache-4153 to 6 replicas
2025-11-10 20:13:34 - [SUCCESS] Scaled cache-8929 to 4 replicas
2025-11-10 20:13:36 - [SUCCESS] Scaled cache-4153 to 8 replicas
2025-11-10 20:13:39 - [SUCCESS] Scaled cache-4153 to 5 replicas
2025-11-10 20:13:42 - [SUCCESS] Scaled cache-4153 to 2 replicas
2025-11-10 20:13:47 - [SUCCESS] Scaled cache-6488 to 1 replicas
2025-11-10 20:13:53 - [SUCCESS] Scaled api-6852 to 3 replicas
2025-11-10 20:13:54 - [SUCCESS] Scaled web-9010 to 2 replicas
2025-11-10 20:14:08 - [SUCCESS] Scaled cache-8318 to 5 replicas
2025-11-10 20:14:17 - [SUCCESS] Scaled api-9258 to 5 replicas
2025-11-10 20:14:20 - [SUCCESS] Scaled cache-4484 to 6 replicas
2025-11-10 20:14:29 - [SUCCESS] Scaled db-4331 to 1 replicas
2025-11-10 20:14:29 - [SUCCESS] Scaled worker-8416 to 4 replicas
2025-11-10 20:14:32 - [SUCCESS] Deployed web-2334 with image nginx:latest (4 replicas)
2025-11-10 20:14:36 - [SUCCESS] Scaled db-3420 to 1 replicas
2025-11-10 20:14:45 - [SUCCESS] Scaled cache-8936 to 3 replicas
2025-11-10 20:14:46 - [SUCCESS] Scaled api-9601 to 5 replicas
2025-11-10 20:14:52 - [SUCCESS] Scaled worker-4758 to 6 replicas
2025-11-10 20:14:53 - [SUCCESS] Scaled worker-4517 to 1 replicas
2025-11-10 20:14:57 - [SUCCESS] Scaled db-7788 to 4 replicas
2025-11-10 20:15:07 - [SUCCESS] Scaled cache-3988 to 3 replicas
2025-11-10 20:15:10 - [SUCCESS] Scaled cache-3988 to 6 replicas
2025-11-10 20:15:14 - [SUCCESS] Scaled api-6852 to 3 replicas
2025-11-10 20:15:14 - [SUCCESS] Scaled cache-3988 to 8 replicas
2025-11-10 20:15:17 - [SUCCESS] Scaled cache-3988 to 5 replicas
2025-11-10 20:15:18 - [SUCCESS] Scaled api-6852 to 6 replicas
2025-11-10 20:15:21 - [SUCCESS] Scaled cache-3988 to 2 replicas
2025-11-10 20:15:22 - [SUCCESS] Scaled api-6852 to 8 replicas
2025-11-10 20:15:24 - [SUCCESS] Scaled api-6852 to 5 replicas
2025-11-10 20:15:29 - [SUCCESS] Scaled api-6852 to 2 replicas
2025-11-10 20:15:38 - [SUCCESS] Scaled api-6169 to 3 replicas
2025-11-10 20:15:40 - [SUCCESS] Deployed api-6498 with image httpd:latest (4 replicas)
2025-11-10 20:15:42 - [SUCCESS] Scaled api-6169 to 6 replicas
2025-11-10 20:15:46 - [SUCCESS] Scaled api-6169 to 8 replicas
2025-11-10 20:15:49 - [SUCCESS] Scaled api-6498 to 3 replicas
2025-11-10 20:15:49 - [SUCCESS] Scaled api-6169 to 5 replicas
2025-11-10 20:15:53 - [SUCCESS] Scaled api-6169 to 2 replicas
2025-11-10 20:15:53 - [SUCCESS] Scaled web-1077 to 7 replicas
2025-11-10 20:16:05 - [SUCCESS] Deployed db-1551 with image postgres:latest (2 replicas)
2025-11-10 20:16:10 - [SUCCESS] Scaled db-9961 to 3 replicas
2025-11-10 20:16:12 - [SUCCESS] Deployed api-5889 with image nginx:latest (2 replicas)
2025-11-10 20:16:20 - [SUCCESS] Scaled db-6216 to 5 replicas
2025-11-10 20:16:23 - [SUCCESS] Scaled db-2680 to 3 replicas
2025-11-10 20:16:26 - [SUCCESS] Scaled db-2680 to 6 replicas
2025-11-10 20:16:26 - [SUCCESS] Scaled worker-3969 to 4 replicas
2025-11-10 20:16:29 - [SUCCESS] Scaled db-2680 to 8 replicas
2025-11-10 20:16:32 - [SUCCESS] Scaled db-2680 to 5 replicas
2025-11-10 20:16:35 - [SUCCESS] Scaled db-2680 to 2 replicas
2025-11-10 20:16:39 - [SUCCESS] Scaled cache-3988 to 3 replicas
2025-11-10 20:16:43 - [SUCCESS] Scaled cache-3988 to 6 replicas
2025-11-10 20:16:47 - [SUCCESS] Scaled cache-3988 to 8 replicas
2025-11-10 20:16:48 - [SUCCESS] Scaled cache-9359 to 3 replicas
2025-11-10 20:16:50 - [SUCCESS] Scaled cache-9359 to 6 replicas
2025-11-10 20:16:51 - [SUCCESS] Scaled cache-3988 to 5 replicas
2025-11-10 20:16:53 - [SUCCESS] Scaled cache-9359 to 8 replicas
2025-11-10 20:16:55 - [SUCCESS] Scaled cache-3988 to 2 replicas
2025-11-10 20:16:56 - [SUCCESS] Scaled cache-9359 to 5 replicas
2025-11-10 20:16:58 - [SUCCESS] Scaled cache-9359 to 2 replicas
2025-11-10 20:17:10 - [SUCCESS] Scaled worker-9780 to 1 replicas
2025-11-10 20:17:11 - [SUCCESS] Deployed db-6793 with image postgres:latest (1 replicas)
2025-11-10 20:17:20 - [SUCCESS] Scaled cache-9359 to 1 replicas
2025-11-10 20:17:30 - [SUCCESS] Scaled cache-8056 to 5 replicas
2025-11-10 20:17:38 - [SUCCESS] Deployed web-6992 with image nginx:latest (5 replicas)
2025-11-10 20:17:40 - [SUCCESS] Scaled cache-4899 to 1 replicas
2025-11-10 20:17:43 - [SUCCESS] Scaled db-7788 to 1 replicas
2025-11-10 20:17:45 - [SUCCESS] Scaled worker-8838 to 3 replicas
2025-11-10 20:17:57 - [SUCCESS] Scaled db-6793 to 5 replicas
2025-11-10 20:17:58 - [SUCCESS] Deployed db-9991 with image postgres:latest (4 replicas)
2025-11-10 20:18:04 - [SUCCESS] Scaled web-5056 to 2 replicas
2025-11-10 20:18:07 - [SUCCESS] Scaled db-8233 to 3 replicas
2025-11-10 20:18:15 - [SUCCESS] Scaled cache-5597 to 3 replicas
2025-11-10 20:18:15 - [SUCCESS] Scaled db-6216 to 6 replicas
2025-11-10 20:18:17 - [SUCCESS] Scaled cache-5597 to 6 replicas
2025-11-10 20:18:20 - [SUCCESS] Scaled cache-5597 to 8 replicas
2025-11-10 20:18:22 - [SUCCESS] Scaled web-9396 to 6 replicas
2025-11-10 20:18:25 - [SUCCESS] Scaled cache-5597 to 5 replicas
2025-11-10 20:18:27 - [SUCCESS] Scaled worker-7477 to 7 replicas
2025-11-10 20:18:28 - [SUCCESS] Scaled cache-5597 to 2 replicas
2025-11-10 20:18:43 - [SUCCESS] Scaled api-9149 to 1 replicas
2025-11-10 20:18:46 - [SUCCESS] Scaled cache-5056 to 6 replicas
2025-11-10 20:18:56 - [SUCCESS] Deployed api-4644 with image httpd:latest (2 replicas)
2025-11-10 20:18:57 - [SUCCESS] Scaled worker-5988 to 3 replicas
2025-11-10 20:18:59 - [SUCCESS] Scaled worker-5988 to 6 replicas
2025-11-10 20:19:02 - [SUCCESS] Scaled worker-5988 to 8 replicas
2025-11-10 20:19:05 - [SUCCESS] Scaled worker-5988 to 5 replicas
2025-11-10 20:19:08 - [SUCCESS] Scaled worker-5988 to 2 replicas
2025-11-10 20:19:14 - [SUCCESS] Deployed web-1890 with image nginx:latest (3 replicas)
2025-11-10 20:19:18 - [SUCCESS] Scaled db-6182 to 6 replicas
2025-11-10 20:19:24 - [SUCCESS] Scaled cache-8929 to 1 replicas
2025-11-10 20:19:29 - [SUCCESS] Scaled db-8367 to 2 replicas
2025-11-10 20:19:37 - [SUCCESS] Scaled cache-2151 to 7 replicas
2025-11-10 20:19:38 - [SUCCESS] Scaled api-2057 to 3 replicas
2025-11-10 20:19:42 - [SUCCESS] Scaled api-2057 to 6 replicas
2025-11-10 20:19:46 - [SUCCESS] Scaled api-2057 to 8 replicas
2025-11-10 20:19:49 - [SUCCESS] Scaled api-2057 to 5 replicas
2025-11-10 20:19:54 - [SUCCESS] Scaled api-2057 to 2 replicas
2025-11-10 20:19:56 - [SUCCESS] Scaled db-4735 to 3 replicas
2025-11-10 20:20:00 - [SUCCESS] Scaled db-4735 to 6 replicas
2025-11-10 20:20:03 - [SUCCESS] Scaled db-4735 to 8 replicas
2025-11-10 20:20:04 - [SUCCESS] Scaled db-6901 to 3 replicas
2025-11-10 20:20:07 - [SUCCESS] Scaled db-4735 to 5 replicas
2025-11-10 20:20:07 - [SUCCESS] Scaled db-6901 to 6 replicas
2025-11-10 20:20:10 - [SUCCESS] Scaled db-6901 to 8 replicas
2025-11-10 20:20:10 - [SUCCESS] Scaled db-4735 to 2 replicas
2025-11-10 20:20:12 - [SUCCESS] Scaled db-6901 to 5 replicas
2025-11-10 20:20:14 - [SUCCESS] Scaled db-6901 to 2 replicas
2025-11-10 20:20:28 - [SUCCESS] Deployed db-6995 with image postgres:latest (2 replicas)
2025-11-10 20:20:29 - [SUCCESS] Scaled api-5889 to 5 replicas
2025-11-10 20:20:35 - [SUCCESS] Scaled cache-7636 to 4 replicas
2025-11-10 20:20:38 - [SUCCESS] Scaled db-3313 to 2 replicas
2025-11-10 20:20:42 - [SUCCESS] Scaled db-1858 to 6 replicas
2025-11-10 20:20:48 - [SUCCESS] Scaled worker-4517 to 2 replicas
2025-11-10 20:20:57 - [SUCCESS] Scaled db-8913 to 3 replicas
2025-11-10 20:20:59 - [SUCCESS] Scaled db-8913 to 6 replicas
2025-11-10 20:21:01 - [SUCCESS] Scaled worker-2877 to 8 replicas
2025-11-10 20:21:03 - [SUCCESS] Scaled db-8913 to 8 replicas
2025-11-10 20:21:07 - [SUCCESS] Scaled db-8913 to 5 replicas
2025-11-10 20:21:10 - [SUCCESS] Scaled db-8913 to 2 replicas
2025-11-10 20:21:12 - [SUCCESS] Scaled cache-7785 to 3 replicas
2025-11-10 20:21:17 - [SUCCESS] Scaled cache-7785 to 6 replicas
2025-11-10 20:21:19 - [SUCCESS] Scaled db-4423 to 5 replicas
2025-11-10 20:21:20 - [SUCCESS] Scaled cache-7785 to 8 replicas
2025-11-10 20:21:23 - [SUCCESS] Scaled cache-7785 to 5 replicas
2025-11-10 20:21:24 - [SUCCESS] Scaled cache-1490 to 3 replicas
2025-11-10 20:21:27 - [SUCCESS] Scaled cache-7785 to 2 replicas
2025-11-10 20:21:28 - [SUCCESS] Scaled cache-1490 to 6 replicas
2025-11-10 20:21:31 - [SUCCESS] Scaled cache-1490 to 8 replicas
2025-11-10 20:21:35 - [SUCCESS] Scaled cache-1490 to 5 replicas
2025-11-10 20:21:37 - [SUCCESS] Scaled db-9828 to 3 replicas
2025-11-10 20:21:38 - [SUCCESS] Scaled cache-1490 to 2 replicas
2025-11-10 20:21:40 - [SUCCESS] Scaled db-9828 to 6 replicas
2025-11-10 20:21:43 - [SUCCESS] Scaled db-9828 to 8 replicas
2025-11-10 20:21:47 - [SUCCESS] Scaled db-9828 to 5 replicas
2025-11-10 20:21:50 - [SUCCESS] Scaled cache-6834 to 4 replicas
2025-11-10 20:21:51 - [SUCCESS] Scaled db-9828 to 2 replicas
2025-11-10 20:21:56 - [SUCCESS] Scaled worker-5988 to 3 replicas
2025-11-10 20:21:58 - [SUCCESS] Deployed api-1839 with image nginx:latest (4 replicas)
2025-11-10 20:22:01 - [SUCCESS] Scaled worker-5988 to 6 replicas
2025-11-10 20:22:04 - [SUCCESS] Scaled worker-5988 to 8 replicas
2025-11-10 20:22:06 - [SUCCESS] Scaled worker-5988 to 5 replicas
2025-11-10 20:22:09 - [SUCCESS] Scaled worker-5988 to 2 replicas
2025-11-10 20:22:13 - [SUCCESS] Scaled cache-3934 to 8 replicas
2025-11-10 20:22:19 - [SUCCESS] Scaled cache-7520 to 2 replicas
2025-11-10 20:22:25 - [SUCCESS] Scaled api-9209 to 3 replicas
2025-11-10 20:22:27 - [SUCCESS] Scaled api-6192 to 3 replicas
2025-11-10 20:22:29 - [SUCCESS] Scaled api-9209 to 6 replicas
2025-11-10 20:22:30 - [SUCCESS] Scaled api-6192 to 6 replicas
2025-11-10 20:22:33 - [SUCCESS] Scaled api-9209 to 8 replicas
2025-11-10 20:22:34 - [SUCCESS] Scaled api-6192 to 8 replicas
2025-11-10 20:22:37 - [SUCCESS] Scaled api-9209 to 5 replicas
2025-11-10 20:22:37 - [SUCCESS] Scaled api-6192 to 5 replicas
2025-11-10 20:22:40 - [SUCCESS] Scaled api-6192 to 2 replicas
2025-11-10 20:22:40 - [SUCCESS] Scaled api-9209 to 2 replicas
2025-11-10 20:22:50 - [SUCCESS] Scaled cache-4350 to 1 replicas
2025-11-10 20:22:53 - [SUCCESS] Scaled web-9919 to 5 replicas
2025-11-10 20:22:55 - [SUCCESS] Scaled api-5889 to 2 replicas
2025-11-10 20:23:03 - [SUCCESS] Deployed api-4510 with image httpd:latest (2 replicas)
2025-11-10 20:23:07 - [SUCCESS] Scaled cache-4484 to 2 replicas
2025-11-10 20:23:09 - [SUCCESS] Scaled api-1726 to 5 replicas
2025-11-10 20:23:14 - [SUCCESS] Deployed worker-8836 with image redis:latest (2 replicas)
2025-11-10 20:23:16 - [SUCCESS] Scaled web-1526 to 3 replicas
2025-11-10 20:23:18 - [SUCCESS] Scaled web-1526 to 6 replicas
2025-11-10 20:23:21 - [SUCCESS] Scaled web-1526 to 8 replicas
2025-11-10 20:23:22 - [SUCCESS] Scaled web-3516 to 4 replicas
2025-11-10 20:23:25 - [SUCCESS] Scaled web-1526 to 5 replicas
2025-11-10 20:23:30 - [SUCCESS] Scaled web-1526 to 2 replicas
2025-11-10 20:23:39 - [SUCCESS] Scaled db-4852 to 6 replicas
2025-11-10 20:23:41 - [SUCCESS] Scaled db-9224 to 3 replicas
2025-11-10 20:23:43 - [SUCCESS] Scaled db-9224 to 6 replicas
2025-11-10 20:23:46 - [SUCCESS] Scaled db-9224 to 8 replicas
2025-11-10 20:23:46 - [SUCCESS] Scaled api-3800 to 4 replicas
2025-11-10 20:23:50 - [SUCCESS] Scaled db-3313 to 7 replicas
2025-11-10 20:23:51 - [SUCCESS] Scaled db-9224 to 5 replicas
2025-11-10 20:23:54 - [SUCCESS] Scaled db-9224 to 2 replicas
2025-11-10 20:23:57 - [SUCCESS] Deployed db-7011 with image postgres:latest (3 replicas)
2025-11-10 20:24:02 - [SUCCESS] Deployed api-9502 with image httpd:latest (2 replicas)
2025-11-10 20:24:08 - [SUCCESS] Scaled db-8367 to 1 replicas
2025-11-10 20:24:12 - [SUCCESS] Scaled db-6182 to 3 replicas
2025-11-10 20:24:15 - [SUCCESS] Scaled db-6182 to 6 replicas
2025-11-10 20:24:18 - [SUCCESS] Scaled db-6182 to 8 replicas
2025-11-10 20:24:21 - [SUCCESS] Scaled worker-8838 to 5 replicas
2025-11-10 20:24:23 - [SUCCESS] Scaled db-6182 to 5 replicas
2025-11-10 20:24:26 - [SUCCESS] Scaled db-6182 to 2 replicas
2025-11-10 20:24:35 - [SUCCESS] Scaled web-3516 to 5 replicas
2025-11-10 20:24:44 - [SUCCESS] Scaled api-4904 to 3 replicas
2025-11-10 20:24:47 - [SUCCESS] Scaled cache-5020 to 1 replicas
2025-11-10 20:24:49 - [SUCCESS] Scaled api-4904 to 6 replicas
2025-11-10 20:24:53 - [SUCCESS] Scaled api-4904 to 8 replicas
2025-11-10 20:24:55 - [SUCCESS] Scaled worker-3969 to 1 replicas
2025-11-10 20:24:57 - [SUCCESS] Scaled api-4904 to 5 replicas
2025-11-10 20:24:59 - [SUCCESS] Scaled api-4904 to 2 replicas
2025-11-10 20:25:01 - [SUCCESS] Scaled api-8062 to 3 replicas
2025-11-10 20:25:06 - [SUCCESS] Deployed worker-7557 with image rabbitmq:latest (2 replicas)
2025-11-10 20:25:06 - [SUCCESS] Scaled api-8062 to 6 replicas
2025-11-10 20:25:10 - [SUCCESS] Scaled api-2321 to 7 replicas
2025-11-10 20:25:11 - [SUCCESS] Scaled api-8062 to 8 replicas
2025-11-10 20:25:14 - [SUCCESS] Scaled api-8062 to 5 replicas
2025-11-10 20:25:19 - [SUCCESS] Scaled api-8062 to 2 replicas
2025-11-10 20:25:28 - [SUCCESS] Scaled db-2982 to 2 replicas
2025-11-10 20:25:35 - [SUCCESS] Scaled worker-5796 to 5 replicas
2025-11-10 20:25:40 - [SUCCESS] Scaled cache-7785 to 3 replicas
2025-11-10 20:25:43 - [SUCCESS] Scaled api-7201 to 5 replicas
2025-11-10 20:25:51 - [SUCCESS] Scaled web-5555 to 8 replicas
2025-11-10 20:25:53 - [SUCCESS] Scaled cache-6834 to 4 replicas
2025-11-10 20:26:03 - [SUCCESS] Scaled worker-2748 to 5 replicas
2025-11-10 20:26:05 - [SUCCESS] Scaled web-6501 to 1 replicas
2025-11-10 20:26:13 - [SUCCESS] Scaled api-7201 to 8 replicas
2025-11-10 20:26:14 - [SUCCESS] Scaled worker-7778 to 5 replicas
2025-11-10 20:26:22 - [SUCCESS] Scaled worker-3938 to 3 replicas
2025-11-10 20:26:24 - [SUCCESS] Scaled db-3972 to 1 replicas
2025-11-10 20:26:26 - [SUCCESS] Scaled worker-3938 to 6 replicas
2025-11-10 20:26:29 - [SUCCESS] Scaled worker-3938 to 8 replicas
2025-11-10 20:26:33 - [SUCCESS] Scaled worker-3938 to 5 replicas
2025-11-10 20:26:37 - [SUCCESS] Deployed db-4650 with image mysql:latest (4 replicas)
2025-11-10 20:26:38 - [SUCCESS] Scaled worker-3938 to 2 replicas
2025-11-10 20:26:41 - [SUCCESS] Deployed cache-3078 with image redis:latest (2 replicas)
2025-11-10 20:26:49 - [SUCCESS] Scaled web-2334 to 2 replicas
2025-11-10 20:26:56 - [SUCCESS] Scaled web-6388 to 3 replicas
2025-11-10 20:27:01 - [SUCCESS] Scaled web-6388 to 6 replicas
2025-11-10 20:27:02 - [SUCCESS] Deployed worker-3140 with image rabbitmq:latest (3 replicas)
2025-11-10 20:27:06 - [SUCCESS] Scaled web-6388 to 8 replicas
2025-11-10 20:27:08 - [SUCCESS] Deployed worker-8313 with image redis:latest (4 replicas)
2025-11-10 20:27:10 - [SUCCESS] Scaled web-6388 to 5 replicas
2025-11-10 20:27:14 - [SUCCESS] Scaled db-6793 to 8 replicas
2025-11-10 20:27:14 - [SUCCESS] Scaled web-6388 to 2 replicas
2025-11-10 20:27:27 - [SUCCESS] Scaled cache-4899 to 3 replicas
2025-11-10 20:27:36 - [SUCCESS] Scaled cache-1088 to 6 replicas
2025-11-10 20:27:37 - [SUCCESS] Scaled db-9810 to 5 replicas
2025-11-10 20:27:44 - [SUCCESS] Scaled web-2086 to 1 replicas
2025-11-10 20:27:49 - [SUCCESS] Deployed db-9018 with image mysql:latest (3 replicas)
2025-11-10 20:27:53 - [SUCCESS] Scaled cache-5056 to 3 replicas
2025-11-10 20:27:55 - [SUCCESS] Scaled cache-5056 to 6 replicas
2025-11-10 20:27:58 - [SUCCESS] Scaled cache-5056 to 8 replicas
2025-11-10 20:28:00 - [SUCCESS] Scaled web-2334 to 3 replicas
2025-11-10 20:28:02 - [SUCCESS] Scaled cache-5056 to 5 replicas
2025-11-10 20:28:04 - [SUCCESS] Deployed api-4074 with image httpd:latest (3 replicas)
2025-11-10 20:28:06 - [SUCCESS] Scaled cache-5056 to 2 replicas
2025-11-10 20:28:14 - [SUCCESS] Scaled worker-1000 to 6 replicas
2025-11-10 20:28:20 - [SUCCESS] Scaled web-1339 to 1 replicas
2025-11-10 20:28:23 - [SUCCESS] Scaled cache-6667 to 3 replicas
2025-11-10 20:28:28 - [SUCCESS] Scaled cache-6667 to 6 replicas
2025-11-10 20:28:30 - [SUCCESS] Scaled web-6635 to 3 replicas
2025-11-10 20:28:32 - [SUCCESS] Scaled cache-6667 to 8 replicas
2025-11-10 20:28:34 - [SUCCESS] Scaled web-6635 to 6 replicas
2025-11-10 20:28:37 - [SUCCESS] Scaled cache-6667 to 5 replicas
2025-11-10 20:28:39 - [SUCCESS] Scaled web-6635 to 8 replicas
2025-11-10 20:28:42 - [SUCCESS] Scaled web-6635 to 5 replicas
2025-11-10 20:28:42 - [SUCCESS] Scaled cache-6667 to 2 replicas
2025-11-10 20:28:45 - [SUCCESS] Scaled web-6635 to 2 replicas
2025-11-10 20:28:54 - [SUCCESS] Scaled worker-1000 to 5 replicas
2025-11-10 20:28:58 - [SUCCESS] Deployed web-9138 with image nginx:latest (3 replicas)
2025-11-10 20:29:02 - [SUCCESS] Scaled api-6192 to 4 replicas
2025-11-10 20:29:07 - [SUCCESS] Scaled cache-2101 to 3 replicas
2025-11-10 20:29:07 - [SUCCESS] Scaled worker-9780 to 5 replicas
2025-11-10 20:29:11 - [SUCCESS] Scaled cache-2101 to 6 replicas
2025-11-10 20:29:15 - [SUCCESS] Scaled cache-3933 to 4 replicas
2025-11-10 20:29:16 - [SUCCESS] Scaled cache-2101 to 8 replicas
2025-11-10 20:29:19 - [SUCCESS] Scaled cache-2101 to 5 replicas
2025-11-10 20:29:23 - [SUCCESS] Scaled cache-2101 to 2 replicas
2025-11-10 20:29:30 - [SUCCESS] Scaled worker-5780 to 1 replicas
2025-11-10 20:29:33 - [SUCCESS] Scaled web-1077 to 3 replicas
2025-11-10 20:29:36 - [SUCCESS] Scaled db-2982 to 3 replicas
2025-11-10 20:29:37 - [SUCCESS] Scaled web-1077 to 6 replicas
2025-11-10 20:29:42 - [SUCCESS] Scaled web-1077 to 8 replicas
2025-11-10 20:29:46 - [SUCCESS] Scaled web-1077 to 5 replicas
2025-11-10 20:29:50 - [SUCCESS] Scaled web-1077 to 2 replicas
2025-11-10 20:29:51 - [SUCCESS] Scaled cache-1635 to 5 replicas
2025-11-10 20:30:00 - [SUCCESS] Deployed worker-5813 with image rabbitmq:latest (4 replicas)
2025-11-10 20:30:00 - [SUCCESS] Scaled api-9502 to 5 replicas
2025-11-10 20:30:06 - [SUCCESS] Scaled web-1146 to 6 replicas
2025-11-10 20:30:09 - [SUCCESS] Scaled worker-1000 to 3 replicas
2025-11-10 20:30:12 - [SUCCESS] Scaled worker-1000 to 6 replicas
2025-11-10 20:30:17 - [SUCCESS] Scaled worker-1000 to 8 replicas
2025-11-10 20:30:18 - [SUCCESS] Deployed db-7555 with image postgres:latest (2 replicas)
2025-11-10 20:30:20 - [SUCCESS] Scaled worker-1000 to 5 replicas
2025-11-10 20:30:24 - [SUCCESS] Scaled worker-1000 to 2 replicas
2025-11-10 20:30:25 - [SUCCESS] Deployed db-2294 with image mysql:latest (3 replicas)
2025-11-10 20:30:35 - [SUCCESS] Scaled web-5911 to 5 replicas
2025-11-10 20:30:40 - [SUCCESS] Scaled worker-1000 to 6 replicas
2025-11-10 20:30:40 - [SUCCESS] Scaled web-5424 to 3 replicas
2025-11-10 20:30:44 - [SUCCESS] Scaled worker-2877 to 8 replicas
2025-11-10 20:30:46 - [SUCCESS] Scaled cache-3933 to 3 replicas
2025-11-10 20:30:50 - [SUCCESS] Scaled cache-3933 to 6 replicas
2025-11-10 20:30:52 - [SUCCESS] Scaled cache-3933 to 8 replicas
2025-11-10 20:30:56 - [SUCCESS] Scaled cache-3933 to 5 replicas
2025-11-10 20:30:56 - [SUCCESS] Scaled db-9828 to 3 replicas
2025-11-10 20:30:59 - [SUCCESS] Scaled db-9828 to 6 replicas
2025-11-10 20:30:59 - [SUCCESS] Scaled cache-3933 to 2 replicas
2025-11-10 20:31:03 - [SUCCESS] Scaled db-9828 to 8 replicas
2025-11-10 20:31:05 - [SUCCESS] Scaled db-9828 to 5 replicas
2025-11-10 20:31:08 - [SUCCESS] Scaled worker-3511 to 3 replicas
2025-11-10 20:31:10 - [SUCCESS] Scaled db-9828 to 2 replicas
2025-11-10 20:31:11 - [SUCCESS] Scaled worker-3511 to 6 replicas
2025-11-10 20:31:15 - [SUCCESS] Scaled worker-3511 to 8 replicas
2025-11-10 20:31:17 - [SUCCESS] Scaled worker-3511 to 5 replicas
2025-11-10 20:31:19 - [SUCCESS] Scaled worker-3511 to 2 replicas
2025-11-10 20:31:23 - [SUCCESS] Scaled api-7624 to 6 replicas
2025-11-10 20:31:29 - [SUCCESS] Scaled db-8583 to 1 replicas
2025-11-10 20:31:29 - [SUCCESS] Scaled api-3279 to 6 replicas
2025-11-10 20:31:35 - [SUCCESS] Deployed worker-6737 with image rabbitmq:latest (2 replicas)
2025-11-10 20:31:41 - [SUCCESS] Scaled cache-5708 to 3 replicas
2025-11-10 20:31:44 - [SUCCESS] Scaled cache-5708 to 6 replicas
2025-11-10 20:31:48 - [SUCCESS] Scaled cache-5708 to 8 replicas
2025-11-10 20:31:53 - [SUCCESS] Scaled cache-5708 to 5 replicas
2025-11-10 20:31:55 - [SUCCESS] Scaled cache-5708 to 2 replicas
2025-11-10 20:31:57 - [SUCCESS] Deployed worker-1196 with image rabbitmq:latest (4 replicas)
2025-11-10 20:32:04 - [SUCCESS] Deployed api-7107 with image nginx:latest (4 replicas)
2025-11-10 20:32:07 - [SUCCESS] Scaled db-4331 to 2 replicas
2025-11-10 20:32:12 - [SUCCESS] Scaled web-5424 to 3 replicas
2025-11-10 20:32:16 - [SUCCESS] Scaled web-5424 to 6 replicas
2025-11-10 20:32:16 - [SUCCESS] Deployed api-2767 with image httpd:latest (5 replicas)
2025-11-10 20:32:20 - [SUCCESS] Scaled web-5424 to 8 replicas
2025-11-10 20:32:20 - [SUCCESS] Scaled cache-4740 to 7 replicas
2025-11-10 20:32:24 - [SUCCESS] Scaled web-5424 to 5 replicas
2025-11-10 20:32:25 - [SUCCESS] Scaled cache-5667 to 7 replicas
2025-11-10 20:32:26 - [SUCCESS] Scaled web-5424 to 2 replicas
2025-11-10 20:32:30 - [SUCCESS] Deployed api-8695 with image httpd:latest (2 replicas)
2025-11-10 20:32:34 - [SUCCESS] Deployed web-7428 with image nginx:latest (2 replicas)
2025-11-10 20:32:38 - [SUCCESS] Scaled api-9258 to 3 replicas
2025-11-10 20:32:40 - [SUCCESS] Deployed cache-1824 with image memcached:latest (3 replicas)
2025-11-10 20:32:46 - [SUCCESS] Scaled api-2176 to 5 replicas
2025-11-10 20:32:53 - [SUCCESS] Scaled api-6328 to 3 replicas
2025-11-10 20:32:58 - [SUCCESS] Scaled api-6328 to 6 replicas
2025-11-10 20:33:02 - [SUCCESS] Scaled api-6328 to 8 replicas
2025-11-10 20:33:06 - [SUCCESS] Scaled api-6328 to 5 replicas
2025-11-10 20:33:07 - [SUCCESS] Deployed worker-7953 with image rabbitmq:latest (2 replicas)
2025-11-10 20:33:08 - [SUCCESS] Scaled api-6328 to 2 replicas
2025-11-10 20:33:14 - [SUCCESS] Scaled api-6414 to 6 replicas
2025-11-10 20:33:23 - [SUCCESS] Scaled web-9138 to 3 replicas
2025-11-10 20:33:23 - [SUCCESS] Deployed db-9822 with image mongo:latest (2 replicas)
2025-11-10 20:33:28 - [SUCCESS] Scaled web-9138 to 6 replicas
2025-11-10 20:33:31 - [SUCCESS] Scaled web-9138 to 8 replicas
2025-11-10 20:33:35 - [SUCCESS] Scaled cache-7738 to 3 replicas
2025-11-10 20:33:35 - [SUCCESS] Scaled web-9138 to 5 replicas
2025-11-10 20:33:38 - [SUCCESS] Scaled cache-7738 to 6 replicas
2025-11-10 20:33:38 - [SUCCESS] Scaled web-9138 to 2 replicas
2025-11-10 20:33:42 - [SUCCESS] Scaled cache-7738 to 8 replicas
2025-11-10 20:33:45 - [SUCCESS] Scaled cache-7738 to 5 replicas
2025-11-10 20:33:49 - [SUCCESS] Scaled cache-7738 to 2 replicas
2025-11-10 20:33:49 - [SUCCESS] Scaled cache-7636 to 3 replicas
2025-11-10 20:33:54 - [SUCCESS] Scaled cache-7636 to 6 replicas
2025-11-10 20:33:56 - [SUCCESS] Scaled web-3516 to 6 replicas
2025-11-10 20:33:59 - [SUCCESS] Scaled cache-7636 to 8 replicas
2025-11-10 20:34:03 - [SUCCESS] Scaled cache-7636 to 5 replicas
2025-11-10 20:34:05 - [SUCCESS] Scaled cache-7636 to 2 replicas
2025-11-10 20:34:06 - [SUCCESS] Deployed cache-2866 with image redis:latest (1 replicas)
2025-11-10 20:34:11 - [SUCCESS] Scaled api-7201 to 1 replicas
2025-11-10 20:34:23 - [SUCCESS] Scaled worker-2877 to 3 replicas
2025-11-10 20:34:24 - [SUCCESS] Scaled web-9010 to 8 replicas
2025-11-10 20:34:33 - [SUCCESS] Scaled db-1551 to 3 replicas
2025-11-10 20:34:37 - [SUCCESS] Scaled db-1551 to 6 replicas
2025-11-10 20:34:40 - [SUCCESS] Scaled db-1551 to 8 replicas
2025-11-10 20:34:43 - [SUCCESS] Scaled db-1551 to 5 replicas
2025-11-10 20:34:47 - [SUCCESS] Scaled db-1551 to 2 replicas
2025-11-10 20:34:57 - [SUCCESS] Scaled cache-6488 to 2 replicas
2025-11-10 20:34:59 - [SUCCESS] Scaled db-3420 to 5 replicas
2025-11-10 20:35:00 - [SUCCESS] Deployed api-8865 with image nginx:latest (2 replicas)
2025-11-10 20:35:06 - [SUCCESS] Scaled db-6216 to 8 replicas
2025-11-10 20:35:09 - [SUCCESS] Scaled cache-3559 to 3 replicas
2025-11-10 20:35:13 - [SUCCESS] Scaled cache-3559 to 6 replicas
2025-11-10 20:35:16 - [SUCCESS] Scaled cache-3559 to 8 replicas
2025-11-10 20:35:18 - [SUCCESS] Scaled worker-2091 to 7 replicas
2025-11-10 20:35:20 - [SUCCESS] Scaled cache-3559 to 5 replicas
2025-11-10 20:35:22 - [SUCCESS] Scaled api-7206 to 7 replicas
2025-11-10 20:35:25 - [SUCCESS] Scaled cache-3559 to 2 replicas
2025-11-10 20:35:42 - [SUCCESS] Scaled cache-6819 to 4 replicas
2025-11-10 20:35:45 - [SUCCESS] Scaled cache-5020 to 3 replicas
2025-11-10 20:35:53 - [SUCCESS] Scaled cache-1635 to 6 replicas
2025-11-10 20:36:03 - [SUCCESS] Deployed web-4377 with image nginx:latest (2 replicas)
2025-11-10 20:36:03 - [SUCCESS] Scaled api-7628 to 1 replicas
2025-11-10 20:36:07 - [SUCCESS] Deployed db-3597 with image mongo:latest (3 replicas)
2025-11-10 20:36:13 - [SUCCESS] Scaled api-9058 to 3 replicas
2025-11-10 20:36:15 - [SUCCESS] Scaled cache-2151 to 6 replicas
2025-11-10 20:36:19 - [SUCCESS] Scaled api-4510 to 3 replicas
2025-11-10 20:36:27 - [SUCCESS] Scaled db-1858 to 4 replicas
2025-11-10 20:36:37 - [SUCCESS] Deployed api-7682 with image nginx:latest (4 replicas)
2025-11-10 20:36:40 - [SUCCESS] Scaled db-4331 to 3 replicas
2025-11-10 20:36:43 - [SUCCESS] Scaled db-4331 to 6 replicas
2025-11-10 20:36:48 - [SUCCESS] Scaled db-4331 to 8 replicas
2025-11-10 20:36:51 - [SUCCESS] Scaled db-4331 to 5 replicas
2025-11-10 20:36:53 - [SUCCESS] Scaled db-4331 to 2 replicas
2025-11-10 20:36:55 - [SUCCESS] Scaled worker-5813 to 2 replicas
2025-11-10 20:37:04 - [SUCCESS] Scaled cache-3107 to 3 replicas
2025-11-10 20:37:09 - [SUCCESS] Scaled cache-3107 to 6 replicas
2025-11-10 20:37:14 - [SUCCESS] Scaled cache-3107 to 8 replicas
2025-11-10 20:37:16 - [SUCCESS] Scaled cache-3107 to 5 replicas
2025-11-10 20:37:18 - [SUCCESS] Scaled db-4852 to 5 replicas
2025-11-10 20:37:19 - [SUCCESS] Scaled cache-3107 to 2 replicas
2025-11-10 20:37:24 - [SUCCESS] Deployed web-2988 with image httpd:latest (2 replicas)
2025-11-10 20:37:29 - [SUCCESS] Scaled worker-3969 to 6 replicas
2025-11-10 20:37:31 - [SUCCESS] Deployed worker-1280 with image rabbitmq:latest (2 replicas)
2025-11-10 20:37:35 - [SUCCESS] Scaled db-4331 to 2 replicas
2025-11-10 20:37:39 - [SUCCESS] Scaled web-7708 to 7 replicas
2025-11-10 20:37:40 - [SUCCESS] Scaled worker-5241 to 6 replicas
2025-11-10 20:37:41 - [FAILED] Stopped application cache-1518
2025-11-10 20:37:41 - [FAILED] Stopped application api-7206
2025-11-10 20:37:41 - [FAILED] Stopped application db-2680
2025-11-10 20:37:41 - [FAILED] Stopped application web-6388
2025-11-10 20:37:41 - [FAILED] Stopped application worker-2877
2025-11-10 20:37:41 - [FAILED] Stopped application web-2086
2025-11-10 20:37:41 - [FAILED] Stopped application api-9209
2025-11-10 20:37:41 - [FAILED] Stopped application worker-3511
2025-11-10 20:37:42 - [FAILED] Stopped application cache-4740
2025-11-10 20:37:42 - [FAILED] Stopped application api-2610
2025-11-10 20:37:42 - [FAILED] Stopped application cache-5708
2025-11-10 20:37:42 - [FAILED] Stopped application cache-4350
2025-11-10 20:37:42 - [FAILED] Stopped application worker-1840
2025-11-10 20:37:42 - [FAILED] Stopped application cache-4899
2025-11-10 20:37:42 - [FAILED] Stopped application api-8367
2025-11-10 20:37:42 - [FAILED] Stopped application db-1858
2025-11-10 20:37:42 - [FAILED] Stopped application cache-4475
2025-11-10 20:37:42 - [FAILED] Stopped application db-8233
2025-11-10 20:37:42 - [FAILED] Stopped application worker-4763
2025-11-10 20:37:42 - [FAILED] Stopped application db-5648
2025-11-10 20:37:42 - [FAILED] Stopped application web-3516
2025-11-10 20:37:42 - [FAILED] Stopped application worker-2494
2025-11-10 20:37:52 - [SUCCESS] Scaled db-6995 to 5 replicas
2025-11-10 20:37:53 - [SUCCESS] Scaled db-8367 to 3 replicas
2025-11-10 20:38:04 - [SUCCESS] Scaled worker-4517 to 5 replicas
2025-11-10 20:38:06 - [SUCCESS] Scaled cache-1518 to 4 replicas
2025-11-10 20:38:12 - [SUCCESS] Scaled api-3486 to 4 replicas
2025-11-10 20:38:15 - [SUCCESS] Scaled api-9149 to 2 replicas
2025-11-10 20:38:20 - [SUCCESS] Scaled cache-7738 to 6 replicas
2025-11-10 20:38:25 - [SUCCESS] Scaled db-8367 to 7 replicas
2025-11-10 20:38:25 - [SUCCESS] Scaled cache-6667 to 3 replicas
2025-11-10 20:38:32 - [SUCCESS] Scaled cache-4453 to 3 replicas
2025-11-10 20:38:35 - [SUCCESS] Scaled db-3597 to 3 replicas
2025-11-10 20:38:35 - [SUCCESS] Scaled cache-4453 to 6 replicas
2025-11-10 20:38:39 - [SUCCESS] Scaled db-3597 to 6 replicas
2025-11-10 20:38:39 - [SUCCESS] Scaled cache-4453 to 8 replicas
2025-11-10 20:38:41 - [SUCCESS] Scaled db-3597 to 8 replicas
2025-11-10 20:38:44 - [SUCCESS] Scaled cache-4453 to 5 replicas
2025-11-10 20:38:44 - [SUCCESS] Scaled db-3597 to 5 replicas
2025-11-10 20:38:46 - [SUCCESS] Scaled db-3597 to 2 replicas
2025-11-10 20:38:47 - [SUCCESS] Scaled cache-4453 to 2 replicas
2025-11-10 20:38:58 - [SUCCESS] Deployed cache-7028 with image redis:latest (3 replicas)
2025-11-10 20:39:01 - [SUCCESS] Scaled api-2192 to 5 replicas
2025-11-10 20:39:04 - [SUCCESS] Scaled worker-3938 to 6 replicas
2025-11-10 20:39:09 - [SUCCESS] Scaled db-8913 to 6 replicas
2025-11-10 20:39:10 - [SUCCESS] Scaled worker-4763 to 2 replicas
2025-11-10 20:39:13 - [SUCCESS] Deployed api-9671 with image httpd:latest (1 replicas)
2025-11-10 20:39:19 - [SUCCESS] Scaled api-9502 to 3 replicas
2025-11-10 20:39:21 - [SUCCESS] Scaled cache-1088 to 1 replicas
2025-11-10 20:39:24 - [SUCCESS] Scaled cache-3559 to 3 replicas
2025-11-10 20:39:29 - [SUCCESS] Scaled web-5405 to 3 replicas
2025-11-10 20:39:32 - [SUCCESS] Scaled web-5405 to 6 replicas
2025-11-10 20:39:33 - [SUCCESS] Scaled cache-1518 to 8 replicas
2025-11-10 20:39:37 - [SUCCESS] Scaled web-4371 to 4 replicas
2025-11-10 20:39:37 - [SUCCESS] Scaled web-5405 to 8 replicas
2025-11-10 20:39:40 - [SUCCESS] Scaled web-5405 to 5 replicas
2025-11-10 20:39:42 - [SUCCESS] Scaled web-5405 to 2 replicas
2025-11-10 20:39:51 - [SUCCESS] Scaled db-5572 to 3 replicas
2025-11-10 20:39:54 - [SUCCESS] Scaled db-5572 to 6 replicas
2025-11-10 20:39:58 - [SUCCESS] Scaled db-5572 to 8 replicas
2025-11-10 20:40:01 - [SUCCESS] Scaled api-1839 to 3 replicas
2025-11-10 20:40:02 - [SUCCESS] Scaled db-5572 to 5 replicas
2025-11-10 20:40:04 - [SUCCESS] Scaled db-5572 to 2 replicas
2025-11-10 20:40:05 - [SUCCESS] Scaled api-1839 to 6 replicas
2025-11-10 20:40:10 - [SUCCESS] Scaled api-1839 to 8 replicas
2025-11-10 20:40:13 - [SUCCESS] Deployed web-9583 with image httpd:latest (2 replicas)
2025-11-10 20:40:15 - [SUCCESS] Scaled api-1839 to 5 replicas
2025-11-10 20:40:17 - [SUCCESS] Scaled cache-4027 to 8 replicas
2025-11-10 20:40:20 - [SUCCESS] Scaled api-1839 to 2 replicas
2025-11-10 20:40:22 - [SUCCESS] Scaled web-8113 to 6 replicas
2025-11-10 20:40:27 - [SUCCESS] Deployed cache-4378 with image memcached:latest (2 replicas)
2025-11-10 20:40:31 - [SUCCESS] Scaled worker-3680 to 1 replicas
2025-11-10 20:40:36 - [SUCCESS] Scaled cache-8056 to 4 replicas
2025-11-10 20:40:44 - [SUCCESS] Scaled worker-6401 to 3 replicas
2025-11-10 20:40:57 - [SUCCESS] Scaled api-9149 to 3 replicas
2025-11-10 20:40:57 - [SUCCESS] Deployed worker-7824 with image rabbitmq:latest (3 replicas)
2025-11-10 20:41:00 - [SUCCESS] Scaled api-9149 to 6 replicas
2025-11-10 20:41:04 - [SUCCESS] Scaled api-9149 to 8 replicas
2025-11-10 20:41:06 - [SUCCESS] Scaled api-9149 to 5 replicas
2025-11-10 20:41:09 - [SUCCESS] Scaled api-9149 to 2 replicas
2025-11-10 20:41:10 - [SUCCESS] Deployed cache-5113 with image redis:latest (1 replicas)
2025-11-10 20:41:18 - [SUCCESS] Scaled db-3885 to 1 replicas
2025-11-10 20:41:19 - [SUCCESS] Scaled cache-6834 to 1 replicas
2025-11-10 20:41:26 - [SUCCESS] Scaled cache-2178 to 6 replicas
2025-11-10 20:41:29 - [SUCCESS] Scaled api-3709 to 3 replicas
2025-11-10 20:41:35 - [SUCCESS] Scaled api-7158 to 3 replicas
2025-11-10 20:41:35 - [SUCCESS] Scaled cache-8318 to 2 replicas
2025-11-10 20:41:42 - [SUCCESS] Scaled worker-3140 to 7 replicas
2025-11-10 20:41:45 - [SUCCESS] Scaled cache-3988 to 4 replicas
2025-11-10 20:41:48 - [SUCCESS] Scaled web-6635 to 8 replicas
2025-11-10 20:41:57 - [SUCCESS] Scaled api-8347 to 7 replicas
2025-11-10 20:42:00 - [SUCCESS] Scaled worker-4763 to 3 replicas
2025-11-10 20:42:02 - [SUCCESS] Scaled worker-4763 to 6 replicas
2025-11-10 20:42:05 - [SUCCESS] Scaled worker-4568 to 5 replicas
2025-11-10 20:42:06 - [SUCCESS] Scaled worker-4763 to 8 replicas
2025-11-10 20:42:10 - [SUCCESS] Scaled worker-4763 to 5 replicas
2025-11-10 20:42:11 - [SUCCESS] Scaled api-2574 to 4 replicas
2025-11-10 20:42:15 - [SUCCESS] Scaled worker-8908 to 2 replicas
2025-11-10 20:42:15 - [SUCCESS] Scaled worker-4763 to 2 replicas
2025-11-10 20:42:24 - [SUCCESS] Scaled cache-5889 to 4 replicas
2025-11-10 20:42:25 - [SUCCESS] Scaled api-5889 to 3 replicas
2025-11-10 20:42:27 - [SUCCESS] Scaled api-5889 to 6 replicas
2025-11-10 20:42:30 - [SUCCESS] Scaled api-5889 to 8 replicas
2025-11-10 20:42:33 - [SUCCESS] Scaled api-5889 to 5 replicas
2025-11-10 20:42:37 - [SUCCESS] Scaled api-5889 to 2 replicas
2025-11-10 20:42:39 - [SUCCESS] Scaled cache-4484 to 1 replicas
2025-11-10 20:42:45 - [SUCCESS] Scaled db-3292 to 4 replicas
2025-11-10 20:42:53 - [SUCCESS] Scaled worker-4763 to 3 replicas
2025-11-10 20:42:56 - [SUCCESS] Scaled worker-4763 to 6 replicas
2025-11-10 20:42:57 - [SUCCESS] Scaled web-5911 to 4 replicas
2025-11-10 20:42:59 - [SUCCESS] Scaled worker-4763 to 8 replicas
2025-11-10 20:43:03 - [SUCCESS] Scaled worker-4763 to 5 replicas
2025-11-10 20:43:03 - [SUCCESS] Deployed worker-3530 with image rabbitmq:latest (4 replicas)
2025-11-10 20:43:05 - [SUCCESS] Scaled worker-4763 to 2 replicas
2025-11-10 20:43:13 - [SUCCESS] Scaled cache-5708 to 6 replicas
2025-11-10 20:43:19 - [SUCCESS] Scaled api-6328 to 3 replicas
2025-11-10 20:43:22 - [SUCCESS] Scaled db-7788 to 3 replicas
2025-11-10 20:43:23 - [SUCCESS] Scaled api-6328 to 6 replicas
2025-11-10 20:43:25 - [SUCCESS] Scaled db-7788 to 6 replicas
2025-11-10 20:43:27 - [SUCCESS] Scaled api-6328 to 8 replicas
2025-11-10 20:43:30 - [SUCCESS] Scaled api-6328 to 5 replicas
2025-11-10 20:43:30 - [SUCCESS] Scaled db-7788 to 8 replicas
2025-11-10 20:43:33 - [SUCCESS] Scaled api-6328 to 2 replicas
2025-11-10 20:43:33 - [SUCCESS] Scaled db-7788 to 5 replicas
2025-11-10 20:43:38 - [SUCCESS] Scaled db-7788 to 2 replicas
2025-11-10 20:43:44 - [SUCCESS] Scaled cache-5020 to 7 replicas
2025-11-10 20:43:49 - [SUCCESS] Scaled worker-3459 to 1 replicas
2025-11-10 20:43:52 - [SUCCESS] Scaled db-3774 to 3 replicas
2025-11-10 20:43:55 - [SUCCESS] Deployed api-3195 with image nginx:latest (2 replicas)
2025-11-10 20:43:58 - [SUCCESS] Scaled worker-7477 to 3 replicas
2025-11-10 20:44:01 - [SUCCESS] Scaled api-9058 to 6 replicas
2025-11-10 20:44:06 - [SUCCESS] Scaled db-3774 to 4 replicas
2025-11-10 20:44:11 - [SUCCESS] Scaled worker-3969 to 4 replicas
2025-11-10 20:44:15 - [SUCCESS] Scaled worker-3511 to 2 replicas
2025-11-10 20:44:18 - [SUCCESS] Scaled api-2280 to 5 replicas
2025-11-10 20:44:25 - [SUCCESS] Scaled worker-1280 to 3 replicas
2025-11-10 20:44:27 - [SUCCESS] Scaled worker-1280 to 6 replicas
2025-11-10 20:44:30 - [SUCCESS] Scaled worker-1280 to 8 replicas
2025-11-10 20:44:32 - [SUCCESS] Deployed web-8102 with image httpd:latest (2 replicas)
2025-11-10 20:44:35 - [SUCCESS] Scaled worker-1280 to 5 replicas
2025-11-10 20:44:37 - [SUCCESS] Scaled worker-1280 to 2 replicas
2025-11-10 20:44:38 - [SUCCESS] Scaled web-5555 to 5 replicas
2025-11-10 20:44:45 - [SUCCESS] Scaled web-2175 to 3 replicas
2025-11-10 20:44:47 - [SUCCESS] Scaled web-9138 to 8 replicas
2025-11-10 20:44:53 - [SUCCESS] Scaled worker-1280 to 5 replicas
2025-11-10 20:45:03 - [SUCCESS] Scaled worker-3539 to 5 replicas
2025-11-10 20:45:07 - [SUCCESS] Deployed worker-3709 with image redis:latest (3 replicas)
2025-11-10 20:45:13 - [SUCCESS] Scaled cache-4475 to 1 replicas
2025-11-10 20:45:18 - [SUCCESS] Scaled api-6498 to 6 replicas
2025-11-10 20:45:26 - [SUCCESS] Scaled web-6388 to 5 replicas
2025-11-10 20:45:30 - [SUCCESS] Scaled worker-7824 to 4 replicas
2025-11-10 20:45:37 - [SUCCESS] Deployed api-6915 with image nginx:latest (3 replicas)
2025-11-10 20:45:39 - [SUCCESS] Scaled api-7206 to 5 replicas
2025-11-10 20:45:41 - [SUCCESS] Scaled cache-8056 to 4 replicas
2025-11-10 20:45:47 - [SUCCESS] Scaled worker-1317 to 3 replicas
2025-11-10 20:45:50 - [SUCCESS] Scaled worker-1317 to 6 replicas
2025-11-10 20:45:50 - [SUCCESS] Scaled api-8210 to 6 replicas
2025-11-10 20:45:53 - [SUCCESS] Scaled worker-1317 to 8 replicas
2025-11-10 20:45:58 - [SUCCESS] Scaled worker-1317 to 5 replicas
2025-11-10 20:46:00 - [SUCCESS] Scaled web-4377 to 3 replicas
2025-11-10 20:46:01 - [SUCCESS] Scaled worker-1317 to 2 replicas
2025-11-10 20:46:03 - [SUCCESS] Scaled web-4377 to 6 replicas
2025-11-10 20:46:08 - [SUCCESS] Scaled web-4377 to 8 replicas
2025-11-10 20:46:11 - [SUCCESS] Scaled api-6915 to 3 replicas
2025-11-10 20:46:12 - [SUCCESS] Scaled web-4377 to 5 replicas
2025-11-10 20:46:13 - [SUCCESS] Scaled api-6915 to 6 replicas
2025-11-10 20:46:16 - [SUCCESS] Scaled web-4377 to 2 replicas
2025-11-10 20:46:17 - [SUCCESS] Scaled api-6915 to 8 replicas
2025-11-10 20:46:21 - [SUCCESS] Scaled api-6915 to 5 replicas
2025-11-10 20:46:24 - [SUCCESS] Scaled api-6915 to 2 replicas
2025-11-10 20:46:33 - [SUCCESS] Scaled api-6498 to 5 replicas
2025-11-10 20:46:40 - [SUCCESS] Deployed api-9748 with image nginx:latest (3 replicas)
2025-11-10 20:46:41 - [SUCCESS] Scaled db-1606 to 2 replicas
2025-11-10 20:46:48 - [SUCCESS] Scaled web-6501 to 3 replicas
2025-11-10 20:46:52 - [SUCCESS] Scaled web-6501 to 6 replicas
2025-11-10 20:46:57 - [SUCCESS] Scaled web-6501 to 8 replicas
2025-11-10 20:47:01 - [SUCCESS] Scaled web-6501 to 5 replicas
2025-11-10 20:47:04 - [SUCCESS] Scaled web-6501 to 2 replicas
2025-11-10 20:47:07 - [SUCCESS] Scaled db-6995 to 7 replicas
2025-11-10 20:47:15 - [SUCCESS] Scaled api-1726 to 6 replicas
2025-11-10 20:47:20 - [SUCCESS] Scaled worker-2616 to 3 replicas
2025-11-10 20:47:23 - [SUCCESS] Scaled worker-2616 to 6 replicas
2025-11-10 20:47:26 - [SUCCESS] Scaled worker-2616 to 8 replicas
2025-11-10 20:47:29 - [SUCCESS] Scaled api-4904 to 5 replicas
2025-11-10 20:47:29 - [SUCCESS] Scaled worker-2616 to 5 replicas
2025-11-10 20:47:33 - [SUCCESS] Scaled worker-2616 to 2 replicas
2025-11-10 20:47:38 - [SUCCESS] Scaled db-3420 to 6 replicas
2025-11-10 20:47:40 - [SUCCESS] Scaled cache-8027 to 5 replicas
2025-11-10 20:47:46 - [SUCCESS] Deployed worker-9900 with image rabbitmq:latest (2 replicas)
2025-11-10 20:47:47 - [SUCCESS] Scaled api-6192 to 3 replicas
2025-11-10 20:47:49 - [SUCCESS] Deployed cache-2756 with image redis:latest (4 replicas)
2025-11-10 20:47:55 - [SUCCESS] Scaled web-1077 to 3 replicas
2025-11-10 20:47:56 - [SUCCESS] Deployed web-5134 with image nginx:latest (2 replicas)
2025-11-10 20:48:04 - [SUCCESS] Scaled worker-5796 to 8 replicas
2025-11-10 20:48:05 - [SUCCESS] Scaled worker-7146 to 5 replicas
2025-11-10 20:48:12 - [SUCCESS] Deployed api-8665 with image nginx:latest (1 replicas)
2025-11-10 20:48:18 - [SUCCESS] Scaled cache-8172 to 7 replicas
2025-11-10 20:48:20 - [SUCCESS] Scaled api-9502 to 3 replicas
2025-11-10 20:48:22 - [SUCCESS] Deployed api-3511 with image nginx:latest (2 replicas)
2025-11-10 20:48:23 - [SUCCESS] Scaled api-9502 to 6 replicas
2025-11-10 20:48:25 - [SUCCESS] Scaled web-1433 to 1 replicas
2025-11-10 20:48:27 - [SUCCESS] Scaled api-9502 to 8 replicas
2025-11-10 20:48:29 - [SUCCESS] Scaled api-9502 to 5 replicas
2025-11-10 20:48:31 - [SUCCESS] Scaled api-9502 to 2 replicas
2025-11-10 20:48:32 - [SUCCESS] Scaled web-1339 to 1 replicas
2025-11-10 20:48:35 - [SUCCESS] Scaled api-7628 to 3 replicas
2025-11-10 20:48:40 - [SUCCESS] Scaled worker-3938 to 3 replicas
2025-11-10 20:48:43 - [SUCCESS] Scaled worker-3938 to 6 replicas
2025-11-10 20:48:48 - [SUCCESS] Scaled worker-3938 to 8 replicas
2025-11-10 20:48:51 - [SUCCESS] Scaled worker-3938 to 5 replicas
2025-11-10 20:48:54 - [SUCCESS] Scaled worker-3938 to 2 replicas
2025-11-10 20:49:02 - [SUCCESS] Scaled cache-5101 to 6 replicas
2025-11-10 20:49:09 - [SUCCESS] Scaled cache-5020 to 3 replicas
2025-11-10 20:49:13 - [SUCCESS] Scaled cache-5020 to 6 replicas
2025-11-10 20:49:19 - [SUCCESS] Scaled cache-5020 to 8 replicas
2025-11-10 20:49:23 - [SUCCESS] Scaled cache-5020 to 5 replicas
2025-11-10 20:49:26 - [SUCCESS] Scaled cache-5020 to 2 replicas
2025-11-10 20:49:27 - [SUCCESS] Scaled cache-4378 to 2 replicas
2025-11-10 20:49:35 - [SUCCESS] Scaled api-8205 to 3 replicas
2025-11-10 20:49:35 - [SUCCESS] Scaled cache-6488 to 1 replicas
2025-11-10 20:49:40 - [SUCCESS] Deployed api-5088 with image httpd:latest (2 replicas)
2025-11-10 20:49:47 - [SUCCESS] Scaled web-4371 to 3 replicas
2025-11-10 20:49:48 - [SUCCESS] Scaled worker-3530 to 4 replicas
2025-11-10 20:49:51 - [SUCCESS] Scaled web-4371 to 6 replicas
2025-11-10 20:49:54 - [SUCCESS] Deployed web-2981 with image nginx:latest (2 replicas)
2025-11-10 20:49:55 - [SUCCESS] Scaled web-4371 to 8 replicas
2025-11-10 20:49:58 - [SUCCESS] Scaled web-4371 to 5 replicas
2025-11-10 20:50:00 - [SUCCESS] Scaled web-4371 to 2 replicas
2025-11-10 20:50:18 - [SUCCESS] Scaled api-3486 to 3 replicas
2025-11-10 20:50:22 - [SUCCESS] Scaled web-5405 to 1 replicas
2025-11-10 20:50:26 - [SUCCESS] Scaled db-4203 to 6 replicas
2025-11-10 20:50:31 - [SUCCESS] Scaled db-9593 to 6 replicas
2025-11-10 20:50:37 - [SUCCESS] Scaled cache-4453 to 3 replicas
2025-11-10 20:50:40 - [SUCCESS] Scaled cache-4453 to 6 replicas
2025-11-10 20:50:44 - [SUCCESS] Scaled cache-4453 to 8 replicas
2025-11-10 20:50:47 - [SUCCESS] Deployed api-2177 with image httpd:latest (1 replicas)
2025-11-10 20:50:48 - [SUCCESS] Scaled cache-4453 to 5 replicas
2025-11-10 20:50:51 - [SUCCESS] Scaled cache-4453 to 2 replicas
2025-11-10 20:50:53 - [SUCCESS] Deployed worker-6002 with image rabbitmq:latest (4 replicas)
2025-11-10 20:50:58 - [SUCCESS] Scaled api-6424 to 4 replicas
2025-11-10 20:51:02 - [SUCCESS] Scaled worker-6505 to 2 replicas
2025-11-10 20:51:05 - [SUCCESS] Scaled worker-5813 to 3 replicas
2025-11-10 20:51:06 - [SUCCESS] Scaled worker-5088 to 5 replicas
2025-11-10 20:51:09 - [SUCCESS] Scaled worker-5813 to 6 replicas
2025-11-10 20:51:13 - [SUCCESS] Scaled worker-5813 to 8 replicas
2025-11-10 20:51:13 - [SUCCESS] Scaled web-4977 to 3 replicas
2025-11-10 20:51:18 - [SUCCESS] Scaled worker-5813 to 5 replicas
2025-11-10 20:51:18 - [SUCCESS] Scaled web-4977 to 6 replicas
2025-11-10 20:51:21 - [SUCCESS] Scaled web-4977 to 8 replicas
2025-11-10 20:51:22 - [SUCCESS] Scaled worker-5813 to 2 replicas
2025-11-10 20:51:26 - [SUCCESS] Scaled web-4977 to 5 replicas
2025-11-10 20:51:29 - [SUCCESS] Scaled web-4977 to 2 replicas
2025-11-10 20:51:36 - [SUCCESS] Scaled cache-2387 to 4 replicas
2025-11-10 20:51:36 - [SUCCESS] Deployed web-8855 with image nginx:latest (2 replicas)
2025-11-10 20:51:50 - [SUCCESS] Scaled api-6283 to 3 replicas
2025-11-10 20:51:54 - [SUCCESS] Deployed cache-7497 with image redis:latest (2 replicas)
2025-11-10 20:52:02 - [SUCCESS] Scaled cache-1518 to 1 replicas
2025-11-10 20:52:08 - [SUCCESS] Scaled api-9502 to 3 replicas
2025-11-10 20:52:10 - [SUCCESS] Scaled api-2280 to 3 replicas
2025-11-10 20:52:12 - [SUCCESS] Scaled api-9502 to 6 replicas
2025-11-10 20:52:15 - [SUCCESS] Scaled api-9502 to 8 replicas
2025-11-10 20:52:17 - [SUCCESS] Scaled api-9502 to 5 replicas
2025-11-10 20:52:18 - [SUCCESS] Scaled cache-3559 to 2 replicas
2025-11-10 20:52:20 - [SUCCESS] Scaled api-9502 to 2 replicas
2025-11-10 20:52:30 - [SUCCESS] Scaled api-8347 to 5 replicas
2025-11-10 20:52:32 - [SUCCESS] Scaled api-6408 to 3 replicas
2025-11-10 20:52:44 - [SUCCESS] Scaled api-6328 to 1 replicas
2025-11-10 20:52:55 - [SUCCESS] Scaled web-9122 to 3 replicas
2025-11-10 20:52:56 - [SUCCESS] Scaled worker-4568 to 5 replicas
2025-11-10 20:53:03 - [SUCCESS] Scaled api-4904 to 5 replicas
2025-11-10 20:53:07 - [SUCCESS] Deployed api-8217 with image httpd:latest (5 replicas)
2025-11-10 20:53:13 - [SUCCESS] Scaled worker-2877 to 3 replicas
2025-11-10 20:53:14 - [SUCCESS] Scaled cache-7028 to 6 replicas
2025-11-10 20:53:16 - [SUCCESS] Scaled worker-2877 to 6 replicas
2025-11-10 20:53:20 - [SUCCESS] Scaled worker-2877 to 8 replicas
2025-11-10 20:53:23 - [SUCCESS] Scaled worker-2877 to 5 replicas
2025-11-10 20:53:27 - [SUCCESS] Scaled cache-2387 to 2 replicas
2025-11-10 20:53:27 - [SUCCESS] Scaled worker-2877 to 2 replicas
2025-11-10 20:53:34 - [SUCCESS] Scaled cache-4027 to 8 replicas
2025-11-10 20:53:39 - [SUCCESS] Scaled api-6738 to 3 replicas
2025-11-10 20:53:39 - [SUCCESS] Scaled db-3420 to 3 replicas
2025-11-10 20:53:42 - [SUCCESS] Scaled api-6738 to 6 replicas
2025-11-10 20:53:43 - [SUCCESS] Scaled db-3420 to 6 replicas
2025-11-10 20:53:47 - [SUCCESS] Scaled api-6738 to 8 replicas
2025-11-10 20:53:47 - [SUCCESS] Scaled db-3420 to 8 replicas
2025-11-10 20:53:50 - [SUCCESS] Scaled db-3420 to 5 replicas
2025-11-10 20:53:51 - [SUCCESS] Scaled api-6738 to 5 replicas
2025-11-10 20:53:52 - [SUCCESS] Scaled db-3420 to 2 replicas
2025-11-10 20:53:54 - [SUCCESS] Scaled api-6738 to 2 replicas
2025-11-10 20:54:10 - [SUCCESS] Scaled worker-3448 to 5 replicas
2025-11-10 20:54:16 - [SUCCESS] Scaled cache-2866 to 2 replicas
2025-11-10 20:54:19 - [SUCCESS] Deployed worker-6565 with image redis:latest (2 replicas)
2025-11-10 20:54:30 - [SUCCESS] Scaled api-2280 to 3 replicas
2025-11-10 20:54:34 - [SUCCESS] Scaled api-2280 to 6 replicas
2025-11-10 20:54:39 - [SUCCESS] Scaled api-2280 to 8 replicas
2025-11-10 20:54:41 - [SUCCESS] Scaled api-2280 to 5 replicas
2025-11-10 20:54:44 - [SUCCESS] Scaled api-2280 to 2 replicas
2025-11-10 20:54:54 - [SUCCESS] Scaled api-9789 to 3 replicas
2025-11-10 20:54:57 - [SUCCESS] Scaled api-9789 to 6 replicas
2025-11-10 20:54:58 - [SUCCESS] Scaled worker-4804 to 3 replicas
2025-11-10 20:55:00 - [SUCCESS] Scaled api-9789 to 8 replicas
2025-11-10 20:55:03 - [SUCCESS] Scaled api-9789 to 5 replicas
2025-11-10 20:55:03 - [SUCCESS] Scaled worker-4804 to 6 replicas
2025-11-10 20:55:07 - [SUCCESS] Scaled api-9789 to 2 replicas
2025-11-10 20:55:07 - [SUCCESS] Scaled worker-4804 to 8 replicas
2025-11-10 20:55:12 - [SUCCESS] Scaled worker-4804 to 5 replicas
2025-11-10 20:55:15 - [SUCCESS] Scaled worker-4804 to 2 replicas
2025-11-10 20:55:24 - [SUCCESS] Scaled db-1875 to 3 replicas
2025-11-10 20:55:26 - [SUCCESS] Scaled db-5153 to 3 replicas
2025-11-10 20:55:28 - [SUCCESS] Scaled db-1875 to 6 replicas
2025-11-10 20:55:30 - [SUCCESS] Scaled db-5153 to 6 replicas
2025-11-10 20:55:33 - [SUCCESS] Scaled db-5153 to 8 replicas
2025-11-10 20:55:33 - [SUCCESS] Scaled db-1875 to 8 replicas
2025-11-10 20:55:35 - [SUCCESS] Scaled db-1875 to 5 replicas
2025-11-10 20:55:38 - [SUCCESS] Scaled db-5153 to 5 replicas
2025-11-10 20:55:39 - [SUCCESS] Scaled db-1875 to 2 replicas
2025-11-10 20:55:40 - [SUCCESS] Scaled db-5153 to 2 replicas
2025-11-10 20:55:47 - [SUCCESS] Deployed web-7049 with image nginx:latest (2 replicas)
2025-11-10 20:55:51 - [SUCCESS] Scaled web-9671 to 4 replicas
2025-11-10 20:55:58 - [SUCCESS] Scaled api-2176 to 1 replicas
2025-11-10 20:56:05 - [SUCCESS] Scaled db-1551 to 6 replicas
2025-11-10 20:56:06 - [SUCCESS] Scaled web-3077 to 3 replicas
2025-11-10 20:56:09 - [SUCCESS] Scaled cache-2387 to 8 replicas
2025-11-10 20:56:12 - [SUCCESS] Scaled db-2982 to 5 replicas
2025-11-10 20:56:19 - [SUCCESS] Scaled cache-1212 to 4 replicas
2025-11-10 20:56:22 - [SUCCESS] Deployed worker-6059 with image rabbitmq:latest (5 replicas)
2025-11-10 20:56:27 - [SUCCESS] Scaled api-7682 to 1 replicas
2025-11-10 20:56:28 - [SUCCESS] Scaled web-5911 to 3 replicas
2025-11-10 20:56:30 - [SUCCESS] Scaled web-5911 to 6 replicas
2025-11-10 20:56:34 - [SUCCESS] Scaled web-5911 to 8 replicas
2025-11-10 20:56:39 - [SUCCESS] Scaled web-5911 to 5 replicas
2025-11-10 20:56:39 - [SUCCESS] Scaled db-2182 to 5 replicas
2025-11-10 20:56:43 - [SUCCESS] Scaled web-5911 to 2 replicas
2025-11-10 20:56:49 - [SUCCESS] Scaled cache-5597 to 4 replicas
2025-11-10 20:56:52 - [SUCCESS] Deployed cache-8292 with image memcached:latest (1 replicas)
2025-11-10 20:56:58 - [SUCCESS] Deployed web-2274 with image nginx:latest (2 replicas)
2025-11-10 20:57:02 - [SUCCESS] Scaled cache-4453 to 3 replicas
2025-11-10 20:57:04 - [SUCCESS] Scaled cache-6667 to 1 replicas
2025-11-10 20:57:05 - [SUCCESS] Scaled cache-4453 to 6 replicas
2025-11-10 20:57:09 - [SUCCESS] Scaled cache-4453 to 8 replicas
2025-11-10 20:57:12 - [SUCCESS] Scaled db-6182 to 1 replicas
2025-11-10 20:57:12 - [SUCCESS] Scaled cache-4453 to 5 replicas
2025-11-10 20:57:17 - [SUCCESS] Scaled cache-4453 to 2 replicas
2025-11-10 20:57:20 - [SUCCESS] Scaled worker-3120 to 8 replicas
2025-11-10 20:57:25 - [SUCCESS] Scaled db-5423 to 3 replicas
2025-11-10 20:57:26 - [SUCCESS] Scaled db-6216 to 4 replicas
2025-11-10 20:57:32 - [SUCCESS] Scaled db-7788 to 4 replicas
2025-11-10 20:57:39 - [SUCCESS] Scaled web-4589 to 4 replicas
2025-11-10 20:57:46 - [SUCCESS] Deployed api-3371 with image httpd:latest (3 replicas)
2025-11-10 20:57:47 - [SUCCESS] Scaled api-2280 to 1 replicas
2025-11-10 20:57:51 - [SUCCESS] Scaled web-6992 to 4 replicas
2025-11-10 20:57:53 - [SUCCESS] Scaled worker-2494 to 5 replicas
2025-11-10 20:58:04 - [SUCCESS] Scaled cache-5708 to 3 replicas
2025-11-10 20:58:06 - [SUCCESS] Scaled db-7409 to 1 replicas
2025-11-10 20:58:06 - [SUCCESS] Scaled cache-5708 to 6 replicas
2025-11-10 20:58:10 - [SUCCESS] Scaled cache-5708 to 8 replicas
2025-11-10 20:58:13 - [SUCCESS] Scaled cache-5708 to 5 replicas
2025-11-10 20:58:15 - [SUCCESS] Scaled cache-5708 to 2 replicas
2025-11-10 20:58:20 - [SUCCESS] Scaled cache-8936 to 1 replicas
2025-11-10 20:58:30 - [SUCCESS] Scaled db-9593 to 5 replicas
2025-11-10 20:58:31 - [SUCCESS] Scaled db-8367 to 3 replicas
2025-11-10 20:58:35 - [SUCCESS] Scaled db-8367 to 6 replicas
2025-11-10 20:58:38 - [SUCCESS] Scaled db-8367 to 8 replicas
2025-11-10 20:58:42 - [SUCCESS] Scaled db-8367 to 5 replicas
2025-11-10 20:58:45 - [SUCCESS] Scaled worker-9780 to 3 replicas
2025-11-10 20:58:46 - [SUCCESS] Scaled db-8367 to 2 replicas
2025-11-10 20:58:50 - [SUCCESS] Scaled worker-9780 to 6 replicas
2025-11-10 20:58:53 - [SUCCESS] Scaled worker-9780 to 8 replicas
2025-11-10 20:58:56 - [SUCCESS] Scaled worker-9780 to 5 replicas
2025-11-10 20:58:57 - [SUCCESS] Scaled api-4074 to 2 replicas
2025-11-10 20:59:01 - [SUCCESS] Scaled worker-9780 to 2 replicas
2025-11-10 20:59:01 - [SUCCESS] Deployed web-6527 with image nginx:latest (2 replicas)
2025-11-10 20:59:11 - [SUCCESS] Scaled api-9502 to 6 replicas
2025-11-10 20:59:16 - [SUCCESS] Scaled cache-3078 to 1 replicas
2025-11-10 20:59:24 - [SUCCESS] Scaled worker-8416 to 5 replicas
2025-11-10 20:59:25 - [SUCCESS] Scaled api-9502 to 3 replicas
2025-11-10 20:59:30 - [SUCCESS] Scaled api-8274 to 4 replicas
2025-11-10 20:59:45 - [SUCCESS] Scaled worker-3254 to 3 replicas
2025-11-10 20:59:45 - [SUCCESS] Scaled db-4650 to 6 replicas
2025-11-10 20:59:53 - [SUCCESS] Scaled web-9919 to 3 replicas
2025-11-10 20:59:54 - [SUCCESS] Scaled worker-1000 to 4 replicas
2025-11-10 20:59:58 - [SUCCESS] Scaled web-9919 to 6 replicas
2025-11-10 21:00:01 - [SUCCESS] Scaled web-9919 to 8 replicas
2025-11-10 21:00:04 - [SUCCESS] Scaled db-3972 to 5 replicas
2025-11-10 21:00:05 - [SUCCESS] Scaled web-9919 to 5 replicas
2025-11-10 21:00:08 - [SUCCESS] Scaled web-9919 to 2 replicas
2025-11-10 21:00:18 - [SUCCESS] Scaled db-9828 to 3 replicas
2025-11-10 21:00:22 - [SUCCESS] Scaled db-9828 to 6 replicas
2025-11-10 21:00:24 - [SUCCESS] Deployed db-8133 with image mysql:latest (3 replicas)
2025-11-10 21:00:27 - [SUCCESS] Scaled db-9828 to 8 replicas
2025-11-10 21:00:30 - [SUCCESS] Scaled db-9828 to 5 replicas
2025-11-10 21:00:34 - [SUCCESS] Scaled db-9828 to 2 replicas
2025-11-10 21:00:42 - [SUCCESS] Scaled cache-8172 to 7 replicas
2025-11-10 21:00:47 - [SUCCESS] Scaled api-5088 to 3 replicas
2025-11-10 21:00:48 - [SUCCESS] Deployed worker-1465 with image rabbitmq:latest (4 replicas)
2025-11-10 21:00:49 - [SUCCESS] Scaled api-5088 to 6 replicas
2025-11-10 21:00:54 - [SUCCESS] Scaled api-5088 to 8 replicas
2025-11-10 21:00:55 - [SUCCESS] Scaled web-7049 to 3 replicas
2025-11-10 21:00:59 - [SUCCESS] Scaled api-5088 to 5 replicas
2025-11-10 21:01:03 - [SUCCESS] Scaled api-5088 to 2 replicas
2025-11-10 21:01:13 - [SUCCESS] Scaled db-9593 to 3 replicas
2025-11-10 21:01:15 - [SUCCESS] Scaled worker-2423 to 3 replicas
2025-11-10 21:01:21 - [SUCCESS] Deployed worker-7058 with image rabbitmq:latest (4 replicas)
2025-11-10 21:01:27 - [SUCCESS] Scaled api-6852 to 8 replicas
2025-11-10 21:01:28 - [SUCCESS] Scaled cache-3988 to 3 replicas
2025-11-10 21:01:32 - [SUCCESS] Scaled cache-3988 to 6 replicas
2025-11-10 21:01:35 - [SUCCESS] Scaled cache-3988 to 8 replicas
2025-11-10 21:01:36 - [SUCCESS] Deployed web-6076 with image httpd:latest (4 replicas)
2025-11-10 21:01:37 - [SUCCESS] Scaled cache-3988 to 5 replicas
2025-11-10 21:01:39 - [SUCCESS] Scaled cache-3988 to 2 replicas
2025-11-10 21:01:42 - [SUCCESS] Deployed web-2789 with image nginx:latest (2 replicas)
2025-11-10 21:01:45 - [SUCCESS] Scaled worker-5988 to 8 replicas
2025-11-10 21:01:51 - [SUCCESS] Scaled db-8806 to 1 replicas
2025-11-10 21:01:57 - [SUCCESS] Scaled web-2981 to 1 replicas
2025-11-10 21:01:57 - [SUCCESS] Scaled api-3511 to 5 replicas
2025-11-10 21:02:04 - [SUCCESS] Scaled web-8113 to 3 replicas
2025-11-10 21:02:04 - [SUCCESS] Scaled db-9822 to 3 replicas
2025-11-10 21:02:06 - [SUCCESS] Scaled db-9822 to 6 replicas
2025-11-10 21:02:09 - [SUCCESS] Scaled web-4589 to 3 replicas
2025-11-10 21:02:10 - [SUCCESS] Scaled db-9822 to 8 replicas
2025-11-10 21:02:12 - [SUCCESS] Scaled web-4589 to 6 replicas
2025-11-10 21:02:15 - [SUCCESS] Scaled db-9822 to 5 replicas
2025-11-10 21:02:16 - [SUCCESS] Scaled web-4589 to 8 replicas
2025-11-10 21:02:18 - [SUCCESS] Scaled db-9822 to 2 replicas
2025-11-10 21:02:20 - [SUCCESS] Scaled web-4589 to 5 replicas
2025-11-10 21:02:25 - [SUCCESS] Scaled web-4589 to 2 replicas
2025-11-10 21:02:26 - [SUCCESS] Scaled worker-1196 to 6 replicas
2025-11-10 21:02:34 - [SUCCESS] Scaled web-6501 to 3 replicas
2025-11-10 21:02:35 - [SUCCESS] Scaled worker-7824 to 2 replicas
2025-11-10 21:02:41 - [SUCCESS] Scaled web-7428 to 5 replicas
2025-11-10 21:02:48 - [SUCCESS] Scaled worker-1000 to 3 replicas
2025-11-10 21:02:52 - [SUCCESS] Scaled worker-1000 to 6 replicas
2025-11-10 21:02:54 - [SUCCESS] Scaled worker-7557 to 1 replicas
2025-11-10 21:02:57 - [SUCCESS] Scaled worker-1000 to 8 replicas
2025-11-10 21:03:00 - [SUCCESS] Deployed db-1761 with image mysql:latest (3 replicas)
2025-11-10 21:03:02 - [SUCCESS] Scaled worker-1000 to 5 replicas
2025-11-10 21:03:05 - [SUCCESS] Scaled worker-1000 to 2 replicas
2025-11-10 21:03:19 - [SUCCESS] Deployed worker-3879 with image redis:latest (3 replicas)
2025-11-10 21:03:21 - [SUCCESS] Scaled api-6328 to 5 replicas
2025-11-10 21:03:30 - [SUCCESS] Scaled db-1875 to 2 replicas
2025-11-10 21:03:30 - [SUCCESS] Deployed worker-6358 with image rabbitmq:latest (3 replicas)
2025-11-10 21:03:35 - [SUCCESS] Scaled api-5088 to 8 replicas
2025-11-10 21:03:38 - [SUCCESS] Scaled worker-8615 to 3 replicas
2025-11-10 21:03:39 - [SUCCESS] Scaled db-9668 to 8 replicas
2025-11-10 21:03:41 - [SUCCESS] Scaled worker-8615 to 6 replicas
2025-11-10 21:03:44 - [SUCCESS] Scaled worker-8615 to 8 replicas
2025-11-10 21:03:48 - [SUCCESS] Scaled worker-8615 to 5 replicas
2025-11-10 21:03:52 - [SUCCESS] Scaled worker-8615 to 2 replicas
2025-11-10 21:04:03 - [SUCCESS] Scaled db-6901 to 3 replicas
2025-11-10 21:04:05 - [SUCCESS] Deployed api-6411 with image httpd:latest (3 replicas)
2025-11-10 21:04:07 - [SUCCESS] Scaled db-6901 to 6 replicas
2025-11-10 21:04:09 - [SUCCESS] Scaled api-8665 to 6 replicas
2025-11-10 21:04:11 - [SUCCESS] Scaled db-6901 to 8 replicas
2025-11-10 21:04:13 - [SUCCESS] Scaled db-6901 to 5 replicas
2025-11-10 21:04:15 - [SUCCESS] Scaled cache-1088 to 8 replicas
2025-11-10 21:04:16 - [SUCCESS] Scaled db-6901 to 2 replicas
2025-11-10 21:04:27 - [SUCCESS] Scaled db-8233 to 7 replicas
2025-11-10 21:04:27 - [SUCCESS] Scaled api-2610 to 5 replicas
2025-11-10 21:04:32 - [SUCCESS] Scaled web-7708 to 3 replicas
2025-11-10 21:04:36 - [SUCCESS] Scaled web-7708 to 6 replicas
2025-11-10 21:04:37 - [SUCCESS] Scaled api-8367 to 1 replicas
2025-11-10 21:04:39 - [SUCCESS] Scaled web-7708 to 8 replicas
2025-11-10 21:04:43 - [SUCCESS] Scaled web-7708 to 5 replicas
2025-11-10 21:04:46 - [SUCCESS] Scaled web-7708 to 2 replicas
2025-11-10 21:04:48 - [SUCCESS] Scaled api-4510 to 5 replicas
2025-11-10 21:04:55 - [SUCCESS] Scaled cache-5597 to 1 replicas
2025-11-10 21:04:58 - [SUCCESS] Deployed cache-2104 with image redis:latest (2 replicas)
2025-11-10 21:05:01 - [SUCCESS] Scaled worker-2091 to 1 replicas
2025-11-10 21:05:05 - [SUCCESS] Scaled cache-7785 to 5 replicas
2025-11-10 21:05:11 - [SUCCESS] Scaled worker-7477 to 5 replicas
2025-11-10 21:05:15 - [SUCCESS] Scaled cache-9359 to 4 replicas
2025-11-10 21:05:17 - [SUCCESS] Deployed api-8875 with image nginx:latest (4 replicas)
2025-11-10 21:05:21 - [SUCCESS] Deployed db-4597 with image mysql:latest (3 replicas)
2025-11-10 21:05:26 - [SUCCESS] Scaled web-2789 to 4 replicas
2025-11-10 21:05:32 - [SUCCESS] Scaled api-7158 to 5 replicas
2025-11-10 21:05:34 - [SUCCESS] Scaled cache-6667 to 3 replicas
2025-11-10 21:05:42 - [SUCCESS] Scaled worker-8615 to 2 replicas
2025-11-10 21:05:46 - [SUCCESS] Scaled api-4904 to 3 replicas
2025-11-10 21:05:49 - [SUCCESS] Scaled api-4904 to 6 replicas
2025-11-10 21:05:54 - [SUCCESS] Scaled api-4904 to 8 replicas
2025-11-10 21:05:56 - [SUCCESS] Scaled api-8674 to 1 replicas
2025-11-10 21:05:57 - [SUCCESS] Scaled api-4904 to 5 replicas
2025-11-10 21:06:00 - [SUCCESS] Scaled api-4904 to 2 replicas
2025-11-10 21:06:03 - [SUCCESS] Scaled worker-6059 to 1 replicas
2025-11-10 21:06:08 - [SUCCESS] Scaled worker-2616 to 1 replicas
2025-11-10 21:06:12 - [SUCCESS] Scaled worker-3254 to 4 replicas
2025-11-10 21:06:15 - [SUCCESS] Scaled db-3885 to 6 replicas
2025-11-10 21:06:20 - [SUCCESS] Deployed worker-8341 with image redis:latest (3 replicas)
2025-11-10 21:06:27 - [SUCCESS] Scaled api-8695 to 3 replicas
2025-11-10 21:06:31 - [SUCCESS] Scaled api-9209 to 3 replicas
2025-11-10 21:06:31 - [SUCCESS] Scaled api-8695 to 6 replicas
2025-11-10 21:06:37 - [SUCCESS] Scaled api-8695 to 8 replicas
2025-11-10 21:06:37 - [SUCCESS] Deployed web-4429 with image httpd:latest (4 replicas)
2025-11-10 21:06:39 - [SUCCESS] Scaled api-8695 to 5 replicas
2025-11-10 21:06:42 - [SUCCESS] Scaled api-8695 to 2 replicas
2025-11-10 21:06:43 - [SUCCESS] Scaled worker-7477 to 3 replicas
2025-11-10 21:06:46 - [SUCCESS] Scaled worker-7477 to 6 replicas
2025-11-10 21:06:50 - [SUCCESS] Scaled worker-7477 to 8 replicas
2025-11-10 21:06:52 - [SUCCESS] Scaled api-8062 to 2 replicas
2025-11-10 21:06:54 - [SUCCESS] Scaled worker-7477 to 5 replicas
2025-11-10 21:06:57 - [SUCCESS] Scaled cache-4475 to 2 replicas
2025-11-10 21:06:58 - [SUCCESS] Scaled worker-7477 to 2 replicas
2025-11-10 21:07:07 - [SUCCESS] Scaled cache-4740 to 3 replicas
2025-11-10 21:07:09 - [SUCCESS] Scaled cache-4740 to 6 replicas
2025-11-10 21:07:11 - [SUCCESS] Scaled cache-4740 to 8 replicas
2025-11-10 21:07:14 - [SUCCESS] Scaled api-5008 to 6 replicas
2025-11-10 21:07:16 - [SUCCESS] Scaled cache-4740 to 5 replicas
2025-11-10 21:07:18 - [SUCCESS] Scaled cache-4740 to 2 replicas
2025-11-10 21:07:26 - [SUCCESS] Scaled cache-3521 to 2 replicas
2025-11-10 21:07:32 - [SUCCESS] Scaled db-2294 to 5 replicas
2025-11-10 21:07:33 - [SUCCESS] Deployed cache-8406 with image redis:latest (2 replicas)
2025-11-10 21:07:41 - [SUCCESS] Scaled worker-4763 to 4 replicas
2025-11-10 21:07:41 - [SUCCESS] Deployed worker-2696 with image redis:latest (3 replicas)
2025-11-10 21:07:42 - [FAILED] Stopped application cache-3559
2025-11-10 21:07:42 - [FAILED] Stopped application db-5423
2025-11-10 21:07:42 - [FAILED] Stopped application cache-8027
2025-11-10 21:07:42 - [FAILED] Stopped application cache-1518
2025-11-10 21:07:42 - [FAILED] Stopped application cache-2366
2025-11-10 21:07:42 - [FAILED] Stopped application web-5056
2025-11-10 21:07:42 - [FAILED] Stopped application cache-7520
2025-11-10 21:07:42 - [FAILED] Stopped application worker-5241
2025-11-10 21:07:42 - [FAILED] Stopped application worker-2423
2025-11-10 21:07:42 - [FAILED] Stopped application cache-5708
2025-11-10 21:07:42 - [FAILED] Stopped application api-7201
2025-11-10 21:07:42 - [FAILED] Stopped application db-7829
2025-11-10 21:07:42 - [FAILED] Stopped application db-1858
2025-11-10 21:07:42 - [FAILED] Stopped application api-3709
2025-11-10 21:07:42 - [FAILED] Stopped application cache-4475
2025-11-10 21:07:42 - [FAILED] Stopped application db-9961
2025-11-10 21:07:42 - [FAILED] Stopped application api-2192
2025-11-10 21:07:42 - [FAILED] Stopped application worker-4763
2025-11-10 21:07:42 - [FAILED] Stopped application web-3516
2025-11-10 21:07:42 - [FAILED] Stopped application worker-4804
2025-11-10 21:07:42 - [FAILED] Stopped application worker-9780
2025-11-10 21:07:42 - [FAILED] Stopped application cache-9359
2025-11-10 21:07:42 - [FAILED] Stopped application web-4805
2025-11-10 21:07:42 - [FAILED] Stopped application api-6852
2025-11-10 21:07:42 - [FAILED] Stopped application web-9010
2025-11-10 21:07:42 - [FAILED] Stopped application worker-2748
2025-11-10 21:07:42 - [FAILED] Stopped application api-8210
2025-11-10 21:07:42 - [FAILED] Stopped application db-6918
2025-11-10 21:07:42 - [FAILED] Stopped application web-4371
2025-11-10 21:07:42 - [FAILED] Stopped application cache-5020
2025-11-10 21:07:42 - [FAILED] Stopped application web-3077
2025-11-10 21:07:42 - [FAILED] Stopped application worker-6505
2025-11-10 21:07:42 - [FAILED] Stopped application db-4203
2025-11-10 21:07:42 - [FAILED] Stopped application db-8583
2025-11-10 21:07:47 - [SUCCESS] Scaled cache-4899 to 3 replicas
2025-11-10 21:07:54 - [SUCCESS] Scaled db-9828 to 6 replicas
2025-11-10 21:07:55 - [SUCCESS] Scaled cache-8027 to 6 replicas
2025-11-10 21:07:58 - [SUCCESS] Deployed api-5735 with image nginx:latest (3 replicas)
2025-11-10 21:08:00 - [SUCCESS] Scaled cache-7636 to 3 replicas
2025-11-10 21:08:05 - [SUCCESS] Scaled db-4423 to 5 replicas
2025-11-10 21:08:12 - [SUCCESS] Deployed web-5260 with image httpd:latest (1 replicas)
2025-11-10 21:08:13 - [SUCCESS] Scaled web-1433 to 2 replicas
2025-11-10 21:08:19 - [SUCCESS] Deployed worker-7023 with image redis:latest (3 replicas)
2025-11-10 21:08:22 - [SUCCESS] Scaled api-8205 to 3 replicas
2025-11-10 21:08:25 - [SUCCESS] Scaled worker-8416 to 5 replicas
2025-11-10 21:08:27 - [SUCCESS] Scaled api-8205 to 6 replicas
2025-11-10 21:08:29 - [SUCCESS] Scaled api-8205 to 8 replicas
2025-11-10 21:08:30 - [SUCCESS] Scaled worker-8313 to 7 replicas
2025-11-10 21:08:33 - [SUCCESS] Scaled api-8205 to 5 replicas
2025-11-10 21:08:36 - [SUCCESS] Scaled api-8205 to 2 replicas
2025-11-10 21:08:45 - [SUCCESS] Scaled web-1339 to 8 replicas
2025-11-10 21:08:49 - [SUCCESS] Scaled worker-8313 to 3 replicas
2025-11-10 21:08:52 - [SUCCESS] Scaled api-6169 to 4 replicas
2025-11-10 21:08:53 - [SUCCESS] Scaled worker-8313 to 6 replicas
2025-11-10 21:08:56 - [SUCCESS] Scaled worker-8313 to 8 replicas
2025-11-10 21:08:58 - [SUCCESS] Scaled worker-8313 to 5 replicas
2025-11-10 21:09:01 - [SUCCESS] Scaled worker-8313 to 2 replicas
2025-11-10 21:09:02 - [SUCCESS] Scaled worker-1000 to 5 replicas
2025-11-10 21:09:11 - [SUCCESS] Scaled api-4510 to 6 replicas
2025-11-10 21:09:14 - [SUCCESS] Scaled api-3709 to 4 replicas
2025-11-10 21:09:19 - [SUCCESS] Scaled cache-4740 to 5 replicas
2025-11-10 21:09:20 - [SUCCESS] Scaled api-2610 to 4 replicas
2025-11-10 21:09:22 - [SUCCESS] Scaled db-2680 to 3 replicas
2025-11-10 21:09:27 - [SUCCESS] Scaled db-2680 to 6 replicas
2025-11-10 21:09:27 - [SUCCESS] Scaled db-9822 to 6 replicas
2025-11-10 21:09:29 - [SUCCESS] Scaled db-2680 to 8 replicas
2025-11-10 21:09:32 - [SUCCESS] Scaled db-2680 to 5 replicas
2025-11-10 21:09:35 - [SUCCESS] Scaled db-2680 to 2 replicas
2025-11-10 21:09:36 - [SUCCESS] Scaled db-9822 to 3 replicas
2025-11-10 21:09:39 - [SUCCESS] Scaled db-9822 to 6 replicas
2025-11-10 21:09:44 - [SUCCESS] Scaled db-9822 to 8 replicas
2025-11-10 21:09:44 - [SUCCESS] Scaled db-8501 to 3 replicas
2025-11-10 21:09:49 - [SUCCESS] Scaled db-9822 to 5 replicas
2025-11-10 21:09:49 - [SUCCESS] Scaled db-8501 to 6 replicas
2025-11-10 21:09:52 - [SUCCESS] Scaled db-9822 to 2 replicas
2025-11-10 21:09:53 - [SUCCESS] Scaled db-8501 to 8 replicas
2025-11-10 21:09:58 - [SUCCESS] Scaled db-8501 to 5 replicas
2025-11-10 21:10:03 - [SUCCESS] Scaled db-8501 to 2 replicas
2025-11-10 21:10:05 - [SUCCESS] Scaled api-6738 to 1 replicas
2025-11-10 21:10:10 - [SUCCESS] Scaled api-5008 to 1 replicas
2025-11-10 21:10:12 - [SUCCESS] Scaled worker-5088 to 1 replicas
2025-11-10 21:10:19 - [SUCCESS] Scaled api-8695 to 6 replicas
2025-11-10 21:10:21 - [SUCCESS] Scaled cache-6819 to 3 replicas
2025-11-10 21:10:25 - [SUCCESS] Scaled cache-6819 to 6 replicas
2025-11-10 21:10:27 - [SUCCESS] Scaled api-9291 to 3 replicas
2025-11-10 21:10:29 - [SUCCESS] Scaled cache-6819 to 8 replicas
2025-11-10 21:10:30 - [SUCCESS] Scaled api-9291 to 6 replicas
2025-11-10 21:10:32 - [SUCCESS] Scaled cache-6819 to 5 replicas
2025-11-10 21:10:35 - [SUCCESS] Scaled api-9291 to 8 replicas
2025-11-10 21:10:35 - [SUCCESS] Scaled cache-6819 to 2 replicas
2025-11-10 21:10:38 - [SUCCESS] Scaled api-9291 to 5 replicas
2025-11-10 21:10:41 - [SUCCESS] Scaled api-9291 to 2 replicas
2025-11-10 21:10:46 - [SUCCESS] Scaled web-7049 to 2 replicas
2025-11-10 21:10:49 - [SUCCESS] Scaled worker-4517 to 3 replicas
2025-11-10 21:10:53 - [SUCCESS] Scaled worker-4517 to 6 replicas
2025-11-10 21:10:54 - [SUCCESS] Scaled worker-7557 to 2 replicas
2025-11-10 21:10:58 - [SUCCESS] Scaled worker-4517 to 8 replicas
2025-11-10 21:11:02 - [SUCCESS] Scaled worker-4517 to 5 replicas
2025-11-10 21:11:03 - [SUCCESS] Scaled db-4331 to 4 replicas
2025-11-10 21:11:05 - [SUCCESS] Scaled worker-4517 to 2 replicas
2025-11-10 21:11:16 - [SUCCESS] Scaled worker-7824 to 4 replicas
2025-11-10 21:11:21 - [SUCCESS] Scaled web-5260 to 3 replicas
2025-11-10 21:11:21 - [SUCCESS] Deployed web-8744 with image nginx:latest (2 replicas)
2025-11-10 21:11:24 - [SUCCESS] Scaled web-5260 to 6 replicas
2025-11-10 21:11:25 - [SUCCESS] Scaled api-3709 to 6 replicas
2025-11-10 21:11:29 - [SUCCESS] Scaled web-5260 to 8 replicas
2025-11-10 21:11:31 - [SUCCESS] Scaled cache-2104 to 3 replicas
2025-11-10 21:11:31 - [SUCCESS] Scaled web-5260 to 5 replicas
2025-11-10 21:11:36 - [SUCCESS] Scaled web-5260 to 2 replicas
2025-11-10 21:11:44 - [SUCCESS] Scaled worker-6737 to 2 replicas
2025-11-10 21:11:49 - [SUCCESS] Scaled worker-7023 to 1 replicas
2025-11-10 21:12:02 - [SUCCESS] Scaled db-6793 to 2 replicas
2025-11-10 21:12:04 - [SUCCESS] Scaled worker-7023 to 6 replicas
2025-11-10 21:12:10 - [SUCCESS] Scaled api-5735 to 5 replicas
2025-11-10 21:12:15 - [SUCCESS] Scaled cache-5708 to 6 replicas
2025-11-10 21:12:17 - [SUCCESS] Scaled db-4331 to 7 replicas
2025-11-10 21:12:22 - [SUCCESS] Deployed web-1305 with image nginx:latest (3 replicas)
2025-11-10 21:12:22 - [SUCCESS] Scaled api-8674 to 4 replicas
2025-11-10 21:12:25 - [SUCCESS] Scaled worker-1196 to 3 replicas
2025-11-10 21:12:28 - [SUCCESS] Scaled worker-2091 to 3 replicas
2025-11-10 21:12:31 - [SUCCESS] Scaled worker-2091 to 6 replicas
2025-11-10 21:12:32 - [SUCCESS] Scaled db-1316 to 3 replicas
2025-11-10 21:12:36 - [SUCCESS] Scaled worker-2091 to 8 replicas
2025-11-10 21:12:38 - [SUCCESS] Scaled worker-2091 to 5 replicas
2025-11-10 21:12:39 - [SUCCESS] Deployed worker-2471 with image redis:latest (2 replicas)
2025-11-10 21:12:42 - [SUCCESS] Scaled worker-2091 to 2 replicas
2025-11-10 21:12:45 - [SUCCESS] Deployed web-4262 with image httpd:latest (1 replicas)
2025-11-10 21:12:54 - [SUCCESS] Scaled web-5405 to 3 replicas
2025-11-10 21:12:58 - [SUCCESS] Scaled web-5260 to 3 replicas
2025-11-10 21:12:58 - [SUCCESS] Scaled web-5405 to 6 replicas
2025-11-10 21:13:02 - [SUCCESS] Scaled web-5405 to 8 replicas
2025-11-10 21:13:02 - [SUCCESS] Scaled web-5260 to 6 replicas
2025-11-10 21:13:05 - [SUCCESS] Scaled web-5405 to 5 replicas
2025-11-10 21:13:06 - [SUCCESS] Scaled web-5260 to 8 replicas
2025-11-10 21:13:09 - [SUCCESS] Scaled web-5260 to 5 replicas
2025-11-10 21:13:10 - [SUCCESS] Scaled web-5405 to 2 replicas
2025-11-10 21:13:11 - [SUCCESS] Scaled web-5260 to 2 replicas
2025-11-10 21:13:17 - [SUCCESS] Deployed api-5976 with image nginx:latest (2 replicas)
2025-11-10 21:13:22 - [SUCCESS] Scaled cache-6834 to 2 replicas
2025-11-10 21:13:25 - [SUCCESS] Scaled api-9671 to 3 replicas
2025-11-10 21:13:28 - [SUCCESS] Scaled api-8674 to 6 replicas
2025-11-10 21:13:34 - [SUCCESS] Scaled db-3972 to 5 replicas
2025-11-10 21:13:39 - [SUCCESS] Scaled cache-8027 to 7 replicas
2025-11-10 21:13:41 - [SUCCESS] Scaled db-2680 to 5 replicas
2025-11-10 21:13:46 - [SUCCESS] Scaled worker-4804 to 3 replicas
2025-11-10 21:13:49 - [SUCCESS] Scaled web-5424 to 5 replicas
2025-11-10 21:13:55 - [SUCCESS] Deployed db-2612 with image postgres:latest (2 replicas)
2025-11-10 21:13:58 - [SUCCESS] Scaled web-2086 to 3 replicas
2025-11-10 21:14:05 - [SUCCESS] Scaled db-1551 to 6 replicas
2025-11-10 21:14:07 - [SUCCESS] Scaled api-1839 to 2 replicas
2025-11-10 21:14:13 - [SUCCESS] Scaled api-5088 to 8 replicas
2025-11-10 21:14:17 - [SUCCESS] Scaled db-6793 to 3 replicas
2025-11-10 21:14:20 - [SUCCESS] Scaled db-6793 to 6 replicas
2025-11-10 21:14:24 - [SUCCESS] Scaled db-6793 to 8 replicas
2025-11-10 21:14:28 - [SUCCESS] Scaled db-6793 to 5 replicas
2025-11-10 21:14:32 - [SUCCESS] Scaled db-6793 to 2 replicas
2025-11-10 21:14:50 - [SUCCESS] Scaled api-2177 to 6 replicas
2025-11-10 21:14:55 - [SUCCESS] Deployed cache-5356 with image redis:latest (2 replicas)
2025-11-10 21:14:57 - [SUCCESS] Scaled cache-7497 to 4 replicas
2025-11-10 21:15:06 - [SUCCESS] Scaled cache-7636 to 3 replicas
2025-11-10 21:15:07 - [SUCCESS] Scaled web-9396 to 2 replicas
2025-11-10 21:15:09 - [SUCCESS] Scaled cache-7636 to 6 replicas
2025-11-10 21:15:11 - [SUCCESS] Scaled cache-6581 to 1 replicas
2025-11-10 21:15:12 - [SUCCESS] Scaled cache-7636 to 8 replicas
2025-11-10 21:15:15 - [SUCCESS] Scaled cache-7636 to 5 replicas
2025-11-10 21:15:18 - [SUCCESS] Scaled cache-7636 to 2 replicas
2025-11-10 21:15:24 - [SUCCESS] Deployed web-4081 with image httpd:latest (2 replicas)
2025-11-10 21:15:32 - [SUCCESS] Scaled cache-4153 to 3 replicas
2025-11-10 21:15:34 - [SUCCESS] Scaled cache-4153 to 6 replicas
2025-11-10 21:15:36 - [SUCCESS] Scaled worker-3879 to 6 replicas
2025-11-10 21:15:39 - [SUCCESS] Scaled cache-4153 to 8 replicas
2025-11-10 21:15:43 - [SUCCESS] Scaled cache-4153 to 5 replicas
2025-11-10 21:15:44 - [SUCCESS] Scaled db-7011 to 2 replicas
2025-11-10 21:15:47 - [SUCCESS] Scaled cache-4153 to 2 replicas
2025-11-10 21:15:53 - [SUCCESS] Scaled api-6169 to 3 replicas
2025-11-10 21:15:57 - [SUCCESS] Scaled api-6169 to 6 replicas
2025-11-10 21:15:57 - [SUCCESS] Deployed api-5775 with image httpd:latest (4 replicas)
2025-11-10 21:16:01 - [SUCCESS] Scaled api-6169 to 8 replicas
2025-11-10 21:16:06 - [SUCCESS] Scaled api-6169 to 5 replicas
2025-11-10 21:16:10 - [SUCCESS] Deployed worker-5686 with image redis:latest (3 replicas)
2025-11-10 21:16:11 - [SUCCESS] Scaled api-6169 to 2 replicas
2025-11-10 21:16:17 - [SUCCESS] Deployed web-7009 with image httpd:latest (3 replicas)
2025-11-10 21:16:24 - [SUCCESS] Scaled db-5648 to 2 replicas
2025-11-10 21:16:37 - [SUCCESS] Scaled worker-7023 to 2 replicas
2025-11-10 21:16:44 - [SUCCESS] Scaled db-4650 to 6 replicas
2025-11-10 21:16:51 - [SUCCESS] Scaled api-9291 to 5 replicas
2025-11-10 21:16:56 - [SUCCESS] Scaled cache-2866 to 7 replicas
2025-11-10 21:17:02 - [SUCCESS] Scaled cache-2101 to 4 replicas
2025-11-10 21:17:10 - [SUCCESS] Scaled api-2057 to 6 replicas
2025-11-10 21:17:15 - [SUCCESS] Scaled api-7628 to 3 replicas
2025-11-10 21:17:18 - [SUCCESS] Scaled api-7628 to 6 replicas
2025-11-10 21:17:19 - [SUCCESS] Deployed db-5247 with image mongo:latest (1 replicas)
2025-11-10 21:17:23 - [SUCCESS] Scaled api-7628 to 8 replicas
2025-11-10 21:17:24 - [SUCCESS] Scaled db-5648 to 3 replicas
2025-11-10 21:17:26 - [SUCCESS] Scaled api-7628 to 5 replicas
2025-11-10 21:17:30 - [SUCCESS] Scaled api-7628 to 2 replicas
2025-11-10 21:17:34 - [SUCCESS] Scaled worker-7023 to 3 replicas
2025-11-10 21:17:37 - [SUCCESS] Scaled worker-7023 to 6 replicas
2025-11-10 21:17:40 - [SUCCESS] Scaled worker-7023 to 8 replicas
2025-11-10 21:17:44 - [SUCCESS] Scaled worker-7023 to 5 replicas
2025-11-10 21:17:46 - [SUCCESS] Scaled worker-5241 to 2 replicas
2025-11-10 21:17:48 - [SUCCESS] Scaled worker-7023 to 2 replicas
2025-11-10 21:17:53 - [SUCCESS] Scaled cache-5597 to 1 replicas
2025-11-10 21:17:58 - [SUCCESS] Scaled api-3371 to 4 replicas
2025-11-10 21:18:00 - [SUCCESS] Scaled api-6915 to 3 replicas
2025-11-10 21:18:04 - [SUCCESS] Scaled api-6915 to 6 replicas
2025-11-10 21:18:05 - [SUCCESS] Scaled cache-4453 to 2 replicas
2025-11-10 21:18:08 - [SUCCESS] Scaled api-6915 to 8 replicas
2025-11-10 21:18:12 - [SUCCESS] Scaled api-6915 to 5 replicas
2025-11-10 21:18:14 - [SUCCESS] Scaled worker-8615 to 5 replicas
2025-11-10 21:18:17 - [SUCCESS] Scaled api-6915 to 2 replicas
2025-11-10 21:18:26 - [SUCCESS] Scaled api-4904 to 5 replicas
2025-11-10 21:18:28 - [SUCCESS] Scaled web-9138 to 7 replicas
2025-11-10 21:18:33 - [SUCCESS] Scaled worker-6505 to 3 replicas
2025-11-10 21:18:36 - [SUCCESS] Scaled api-2321 to 3 replicas
2025-11-10 21:18:39 - [SUCCESS] Scaled api-2321 to 6 replicas
2025-11-10 21:18:44 - [SUCCESS] Scaled api-2321 to 8 replicas
2025-11-10 21:18:47 - [SUCCESS] Scaled api-2321 to 5 replicas
2025-11-10 21:18:48 - [SUCCESS] Deployed cache-7383 with image memcached:latest (4 replicas)
2025-11-10 21:18:51 - [SUCCESS] Scaled api-2321 to 2 replicas
2025-11-10 21:18:53 - [SUCCESS] Scaled db-8233 to 3 replicas
2025-11-10 21:18:58 - [SUCCESS] Scaled db-8233 to 6 replicas
2025-11-10 21:19:00 - [SUCCESS] Scaled db-8233 to 8 replicas
2025-11-10 21:19:04 - [SUCCESS] Scaled worker-1317 to 2 replicas
2025-11-10 21:19:05 - [SUCCESS] Scaled db-8233 to 5 replicas
2025-11-10 21:19:09 - [SUCCESS] Scaled db-8233 to 2 replicas
2025-11-10 21:19:17 - [SUCCESS] Scaled cache-3559 to 4 replicas
2025-11-10 21:19:18 - [SUCCESS] Scaled db-2182 to 6 replicas
2025-11-10 21:19:30 - [SUCCESS] Scaled api-5735 to 3 replicas
2025-11-10 21:19:33 - [SUCCESS] Scaled api-8695 to 5 replicas
2025-11-10 21:19:34 - [SUCCESS] Scaled api-5735 to 6 replicas
2025-11-10 21:19:36 - [SUCCESS] Scaled api-5735 to 8 replicas
2025-11-10 21:19:41 - [SUCCESS] Scaled api-5735 to 5 replicas
2025-11-10 21:19:43 - [SUCCESS] Scaled worker-3879 to 3 replicas
2025-11-10 21:19:45 - [SUCCESS] Scaled api-5735 to 2 replicas
2025-11-10 21:19:45 - [SUCCESS] Scaled worker-3879 to 6 replicas
2025-11-10 21:19:48 - [SUCCESS] Scaled worker-3879 to 8 replicas
2025-11-10 21:19:51 - [SUCCESS] Scaled worker-3879 to 5 replicas
2025-11-10 21:19:53 - [SUCCESS] Scaled worker-3879 to 2 replicas
2025-11-10 21:19:53 - [SUCCESS] Deployed db-3143 with image postgres:latest (3 replicas)
2025-11-10 21:19:59 - [SUCCESS] Scaled api-8875 to 3 replicas
2025-11-10 21:20:02 - [SUCCESS] Scaled api-8875 to 6 replicas
2025-11-10 21:20:03 - [SUCCESS] Scaled cache-3559 to 3 replicas
2025-11-10 21:20:05 - [SUCCESS] Scaled api-8875 to 8 replicas
2025-11-10 21:20:06 - [SUCCESS] Scaled cache-3559 to 6 replicas
2025-11-10 21:20:07 - [SUCCESS] Scaled api-8875 to 5 replicas
2025-11-10 21:20:11 - [SUCCESS] Scaled api-8875 to 2 replicas
2025-11-10 21:20:11 - [SUCCESS] Scaled cache-3559 to 8 replicas
2025-11-10 21:20:16 - [SUCCESS] Scaled cache-3559 to 5 replicas
2025-11-10 21:20:20 - [SUCCESS] Deployed db-3638 with image mysql:latest (3 replicas)
2025-11-10 21:20:21 - [SUCCESS] Scaled cache-3559 to 2 replicas
2025-11-10 21:20:28 - [SUCCESS] Scaled api-2574 to 3 replicas
2025-11-10 21:20:30 - [SUCCESS] Scaled api-2574 to 6 replicas
2025-11-10 21:20:32 - [SUCCESS] Scaled api-2574 to 8 replicas
2025-11-10 21:20:36 - [SUCCESS] Scaled api-2574 to 5 replicas
2025-11-10 21:20:38 - [SUCCESS] Scaled db-2680 to 3 replicas
2025-11-10 21:20:41 - [SUCCESS] Scaled api-2574 to 2 replicas
2025-11-10 21:20:41 - [SUCCESS] Scaled db-2680 to 6 replicas
2025-11-10 21:20:45 - [SUCCESS] Scaled db-2680 to 8 replicas
2025-11-10 21:20:48 - [SUCCESS] Scaled api-7158 to 3 replicas
2025-11-10 21:20:50 - [SUCCESS] Scaled db-2680 to 5 replicas
2025-11-10 21:20:53 - [SUCCESS] Deployed web-6743 with image httpd:latest (3 replicas)
2025-11-10 21:20:54 - [SUCCESS] Scaled db-2680 to 2 replicas
2025-11-10 21:20:59 - [SUCCESS] Deployed web-2942 with image nginx:latest (3 replicas)
2025-11-10 21:21:05 - [SUCCESS] Deployed db-7410 with image postgres:latest (2 replicas)
2025-11-10 21:21:06 - [SUCCESS] Scaled worker-1840 to 3 replicas
2025-11-10 21:21:08 - [SUCCESS] Scaled worker-1840 to 6 replicas
2025-11-10 21:21:12 - [SUCCESS] Scaled worker-1840 to 8 replicas
2025-11-10 21:21:15 - [SUCCESS] Scaled worker-1840 to 5 replicas
2025-11-10 21:21:16 - [SUCCESS] Deployed db-8381 with image mongo:latest (2 replicas)
2025-11-10 21:21:20 - [SUCCESS] Scaled worker-1840 to 2 replicas
2025-11-10 21:21:29 - [SUCCESS] Scaled cache-3933 to 5 replicas
2025-11-10 21:21:32 - [SUCCESS] Scaled web-6076 to 1 replicas
2025-11-10 21:21:35 - [SUCCESS] Scaled api-9291 to 7 replicas
2025-11-10 21:21:38 - [SUCCESS] Scaled worker-7023 to 3 replicas
2025-11-10 21:21:39 - [SUCCESS] Scaled db-9593 to 3 replicas
2025-11-10 21:21:40 - [SUCCESS] Scaled worker-7023 to 6 replicas
2025-11-10 21:21:43 - [SUCCESS] Scaled db-9593 to 6 replicas
2025-11-10 21:21:45 - [SUCCESS] Scaled worker-7023 to 8 replicas
2025-11-10 21:21:47 - [SUCCESS] Scaled db-9593 to 8 replicas
2025-11-10 21:21:48 - [SUCCESS] Scaled worker-7023 to 5 replicas
2025-11-10 21:21:51 - [SUCCESS] Scaled worker-7023 to 2 replicas
2025-11-10 21:21:52 - [SUCCESS] Scaled db-9593 to 5 replicas
2025-11-10 21:21:54 - [SUCCESS] Scaled db-9593 to 2 replicas
2025-11-10 21:22:00 - [SUCCESS] Scaled api-5976 to 1 replicas
2025-11-10 21:22:10 - [SUCCESS] Scaled worker-2561 to 1 replicas
2025-11-10 21:22:11 - [SUCCESS] Scaled db-9991 to 3 replicas
2025-11-10 21:22:15 - [SUCCESS] Scaled db-9991 to 6 replicas
2025-11-10 21:22:18 - [SUCCESS] Scaled db-9991 to 8 replicas
2025-11-10 21:22:20 - [SUCCESS] Scaled db-9991 to 5 replicas
2025-11-10 21:22:23 - [SUCCESS] Scaled api-5775 to 6 replicas
2025-11-10 21:22:24 - [SUCCESS] Scaled db-9991 to 2 replicas
2025-11-10 21:22:31 - [SUCCESS] Scaled worker-3879 to 5 replicas
2025-11-10 21:22:34 - [SUCCESS] Scaled db-2386 to 3 replicas
2025-11-10 21:22:38 - [SUCCESS] Scaled db-2386 to 6 replicas
2025-11-10 21:22:41 - [SUCCESS] Scaled worker-3709 to 5 replicas
2025-11-10 21:22:42 - [SUCCESS] Scaled db-2386 to 8 replicas
2025-11-10 21:22:45 - [SUCCESS] Scaled db-2386 to 5 replicas
2025-11-10 21:22:48 - [SUCCESS] Scaled cache-1490 to 3 replicas
2025-11-10 21:22:50 - [SUCCESS] Scaled db-2386 to 2 replicas
2025-11-10 21:22:51 - [SUCCESS] Scaled cache-1490 to 6 replicas
2025-11-10 21:22:54 - [SUCCESS] Scaled cache-1490 to 8 replicas
2025-11-10 21:22:58 - [SUCCESS] Scaled cache-1490 to 5 replicas
2025-11-10 21:23:01 - [SUCCESS] Scaled cache-1490 to 2 replicas
2025-11-10 21:23:02 - [SUCCESS] Deployed cache-1217 with image memcached:latest (2 replicas)
2025-11-10 21:23:08 - [SUCCESS] Scaled api-4510 to 6 replicas
2025-11-10 21:23:15 - [SUCCESS] Scaled worker-2423 to 3 replicas
2025-11-10 21:23:16 - [SUCCESS] Scaled db-7788 to 5 replicas
2025-11-10 21:23:19 - [SUCCESS] Scaled worker-2423 to 6 replicas
2025-11-10 21:23:22 - [SUCCESS] Scaled worker-2423 to 8 replicas
2025-11-10 21:23:26 - [SUCCESS] Scaled api-2177 to 3 replicas
2025-11-10 21:23:27 - [SUCCESS] Scaled worker-2423 to 5 replicas
2025-11-10 21:23:29 - [SUCCESS] Scaled api-2177 to 6 replicas
2025-11-10 21:23:31 - [SUCCESS] Scaled worker-2423 to 2 replicas
2025-11-10 21:23:33 - [SUCCESS] Scaled api-2177 to 8 replicas
2025-11-10 21:23:36 - [SUCCESS] Scaled api-2177 to 5 replicas
2025-11-10 21:23:39 - [SUCCESS] Scaled api-2177 to 2 replicas
2025-11-10 21:23:42 - [SUCCESS] Scaled web-4805 to 2 replicas
2025-11-10 21:23:53 - [SUCCESS] Scaled web-9919 to 3 replicas
2025-11-10 21:23:57 - [SUCCESS] Scaled api-5088 to 3 replicas
2025-11-10 21:23:58 - [SUCCESS] Scaled web-1526 to 6 replicas
2025-11-10 21:24:03 - [SUCCESS] Deployed web-4834 with image nginx:latest (4 replicas)
2025-11-10 21:24:06 - [SUCCESS] Scaled worker-3969 to 2 replicas
2025-11-10 21:24:10 - [SUCCESS] Deployed cache-9301 with image redis:latest (3 replicas)
2025-11-10 21:24:14 - [SUCCESS] Deployed worker-7773 with image redis:latest (3 replicas)
2025-11-10 21:24:15 - [SUCCESS] Scaled db-3313 to 3 replicas
2025-11-10 21:24:19 - [SUCCESS] Scaled db-3313 to 6 replicas
2025-11-10 21:24:20 - [SUCCESS] Deployed web-5031 with image nginx:latest (4 replicas)
2025-11-10 21:24:22 - [SUCCESS] Scaled db-3313 to 8 replicas
2025-11-10 21:24:26 - [SUCCESS] Scaled db-3313 to 5 replicas
2025-11-10 21:24:27 - [SUCCESS] Scaled api-1726 to 1 replicas
2025-11-10 21:24:29 - [SUCCESS] Scaled db-3313 to 2 replicas
2025-11-10 21:24:33 - [SUCCESS] Scaled cache-5356 to 6 replicas
2025-11-10 21:24:42 - [SUCCESS] Scaled api-6283 to 2 replicas
2025-11-10 21:24:46 - [SUCCESS] Scaled api-9748 to 1 replicas
2025-11-10 21:24:52 - [SUCCESS] Scaled cache-4378 to 4 replicas
2025-11-10 21:24:58 - [SUCCESS] Scaled db-2182 to 3 replicas
2025-11-10 21:25:01 - [SUCCESS] Scaled db-2182 to 6 replicas
2025-11-10 21:25:02 - [SUCCESS] Scaled worker-9900 to 3 replicas
2025-11-10 21:25:04 - [SUCCESS] Scaled db-2182 to 8 replicas
2025-11-10 21:25:06 - [SUCCESS] Scaled worker-9900 to 6 replicas
2025-11-10 21:25:07 - [SUCCESS] Scaled db-2182 to 5 replicas
2025-11-10 21:25:09 - [SUCCESS] Scaled worker-9900 to 8 replicas
2025-11-10 21:25:11 - [SUCCESS] Scaled db-2182 to 2 replicas
2025-11-10 21:25:13 - [SUCCESS] Scaled worker-9900 to 5 replicas
2025-11-10 21:25:16 - [SUCCESS] Scaled worker-9900 to 2 replicas
2025-11-10 21:25:19 - [SUCCESS] Scaled worker-3539 to 7 replicas
2025-11-10 21:25:22 - [SUCCESS] Deployed api-5184 with image nginx:latest (2 replicas)
2025-11-10 21:25:27 - [SUCCESS] Scaled api-3486 to 6 replicas
2025-11-10 21:25:38 - [SUCCESS] Scaled api-8274 to 3 replicas
2025-11-10 21:25:46 - [SUCCESS] Scaled cache-6488 to 3 replicas
2025-11-10 21:25:46 - [SUCCESS] Scaled api-1839 to 3 replicas
2025-11-10 21:25:50 - [SUCCESS] Scaled cache-6488 to 6 replicas
2025-11-10 21:25:50 - [SUCCESS] Scaled api-1839 to 6 replicas
2025-11-10 21:25:52 - [SUCCESS] Scaled cache-6488 to 8 replicas
2025-11-10 21:25:54 - [SUCCESS] Scaled api-1839 to 8 replicas
2025-11-10 21:25:55 - [SUCCESS] Scaled cache-6488 to 5 replicas
2025-11-10 21:25:58 - [SUCCESS] Scaled cache-6488 to 2 replicas
2025-11-10 21:25:58 - [SUCCESS] Scaled api-1839 to 5 replicas
2025-11-10 21:26:02 - [SUCCESS] Scaled api-1839 to 2 replicas
2025-11-10 21:26:03 - [SUCCESS] Deployed cache-1549 with image redis:latest (3 replicas)
2025-11-10 21:26:08 - [SUCCESS] Scaled web-4805 to 3 replicas
2025-11-10 21:26:10 - [SUCCESS] Scaled web-4805 to 6 replicas
2025-11-10 21:26:12 - [SUCCESS] Scaled api-2610 to 3 replicas
2025-11-10 21:26:15 - [SUCCESS] Scaled web-4805 to 8 replicas
2025-11-10 21:26:15 - [SUCCESS] Scaled api-2610 to 6 replicas
2025-11-10 21:26:18 - [SUCCESS] Scaled api-2610 to 8 replicas
2025-11-10 21:26:19 - [SUCCESS] Scaled web-4805 to 5 replicas
2025-11-10 21:26:21 - [SUCCESS] Scaled web-4805 to 2 replicas
2025-11-10 21:26:23 - [SUCCESS] Scaled api-2610 to 5 replicas
2025-11-10 21:26:27 - [SUCCESS] Scaled web-7344 to 3 replicas
2025-11-10 21:26:28 - [SUCCESS] Scaled api-2610 to 2 replicas
2025-11-10 21:26:31 - [SUCCESS] Scaled web-7344 to 6 replicas
2025-11-10 21:26:35 - [SUCCESS] Scaled web-7344 to 8 replicas
2025-11-10 21:26:40 - [SUCCESS] Scaled web-7344 to 5 replicas
2025-11-10 21:26:43 - [SUCCESS] Scaled api-1726 to 2 replicas
2025-11-10 21:26:44 - [SUCCESS] Scaled web-7344 to 2 replicas
2025-11-10 21:26:50 - [SUCCESS] Scaled cache-3559 to 3 replicas
2025-11-10 21:26:55 - [SUCCESS] Deployed db-3369 with image mysql:latest (6 replicas)
2025-11-10 21:26:55 - [SUCCESS] Scaled cache-3559 to 6 replicas
2025-11-10 21:26:59 - [SUCCESS] Scaled cache-3559 to 8 replicas
2025-11-10 21:26:59 - [SUCCESS] Scaled db-6736 to 3 replicas
2025-11-10 21:27:01 - [SUCCESS] Scaled cache-3559 to 5 replicas
2025-11-10 21:27:03 - [SUCCESS] Scaled cache-3559 to 2 replicas
2025-11-10 21:27:05 - [SUCCESS] Deployed db-1639 with image mongo:latest (3 replicas)
2025-11-10 21:27:12 - [SUCCESS] Deployed web-6810 with image httpd:latest (3 replicas)
2025-11-10 21:27:16 - [SUCCESS] Scaled db-4300 to 5 replicas
2025-11-10 21:27:25 - [SUCCESS] Scaled db-6918 to 7 replicas
2025-11-10 21:27:31 - [SUCCESS] Scaled db-3878 to 3 replicas
2025-11-10 21:27:35 - [SUCCESS] Scaled db-3878 to 6 replicas
2025-11-10 21:27:38 - [SUCCESS] Deployed db-6189 with image mongo:latest (2 replicas)
2025-11-10 21:27:39 - [SUCCESS] Scaled db-3878 to 8 replicas
2025-11-10 21:27:42 - [SUCCESS] Scaled db-3878 to 5 replicas
2025-11-10 21:27:43 - [SUCCESS] Deployed db-5343 with image mysql:latest (2 replicas)
2025-11-10 21:27:46 - [SUCCESS] Scaled db-3878 to 2 replicas
2025-11-10 21:27:51 - [SUCCESS] Scaled db-8913 to 3 replicas
2025-11-10 21:27:54 - [SUCCESS] Scaled db-8913 to 6 replicas
2025-11-10 21:27:59 - [SUCCESS] Scaled api-7158 to 5 replicas
2025-11-10 21:27:59 - [SUCCESS] Scaled db-8913 to 8 replicas
2025-11-10 21:28:03 - [SUCCESS] Scaled db-8913 to 5 replicas
2025-11-10 21:28:07 - [SUCCESS] Scaled db-8913 to 2 replicas
2025-11-10 21:28:08 - [SUCCESS] Scaled cache-3078 to 4 replicas
2025-11-10 21:28:13 - [SUCCESS] Scaled cache-7785 to 1 replicas
2025-11-10 21:28:17 - [SUCCESS] Deployed web-1303 with image httpd:latest (4 replicas)
2025-11-10 21:28:23 - [SUCCESS] Deployed cache-4079 with image memcached:latest (4 replicas)
2025-11-10 21:28:26 - [SUCCESS] Scaled cache-1088 to 3 replicas
2025-11-10 21:28:30 - [SUCCESS] Scaled cache-1088 to 6 replicas
2025-11-10 21:28:30 - [SUCCESS] Deployed api-7170 with image httpd:latest (2 replicas)
2025-11-10 21:28:33 - [SUCCESS] Scaled cache-1088 to 8 replicas
2025-11-10 21:28:36 - [SUCCESS] Scaled cache-1088 to 5 replicas
2025-11-10 21:28:40 - [SUCCESS] Deployed api-2393 with image nginx:latest (2 replicas)
2025-11-10 21:28:41 - [SUCCESS] Scaled cache-1088 to 2 replicas
2025-11-10 21:28:57 - [SUCCESS] Scaled db-9224 to 1 replicas
2025-11-10 21:29:00 - [SUCCESS] Scaled cache-5020 to 8 replicas
2025-11-10 21:29:11 - [SUCCESS] Scaled db-6928 to 3 replicas
2025-11-10 21:29:18 - [SUCCESS] Scaled web-3077 to 5 replicas
2025-11-10 21:29:19 - [SUCCESS] Scaled api-2610 to 3 replicas
2025-11-10 21:29:21 - [SUCCESS] Scaled api-2610 to 6 replicas
2025-11-10 21:29:24 - [SUCCESS] Scaled web-5405 to 8 replicas
2025-11-10 21:29:24 - [SUCCESS] Scaled api-2610 to 8 replicas
2025-11-10 21:29:28 - [SUCCESS] Scaled api-2610 to 5 replicas
2025-11-10 21:29:33 - [SUCCESS] Scaled api-2610 to 2 replicas
2025-11-10 21:29:34 - [SUCCESS] Deployed cache-7244 with image redis:latest (2 replicas)
2025-11-10 21:29:38 - [SUCCESS] Deployed web-9938 with image httpd:latest (2 replicas)
2025-11-10 21:29:45 - [SUCCESS] Deployed db-6703 with image mysql:latest (2 replicas)
2025-11-10 21:29:49 - [SUCCESS] Scaled cache-6998 to 2 replicas
2025-11-10 21:29:56 - [SUCCESS] Scaled api-6414 to 3 replicas
2025-11-10 21:30:00 - [SUCCESS] Scaled api-6414 to 6 replicas
2025-11-10 21:30:04 - [SUCCESS] Scaled api-6414 to 8 replicas
2025-11-10 21:30:09 - [SUCCESS] Scaled api-6414 to 5 replicas
2025-11-10 21:30:12 - [SUCCESS] Scaled api-6414 to 2 replicas
2025-11-10 21:30:26 - [SUCCESS] Scaled worker-7477 to 7 replicas
2025-11-10 21:30:28 - [SUCCESS] Scaled web-7049 to 1 replicas
2025-11-10 21:30:33 - [SUCCESS] Deployed api-7283 with image nginx:latest (2 replicas)
2025-11-10 21:30:41 - [SUCCESS] Scaled worker-3459 to 5 replicas
2025-11-10 21:30:45 - [SUCCESS] Scaled db-6793 to 6 replicas
2025-11-10 21:30:48 - [SUCCESS] Scaled db-9224 to 5 replicas
2025-11-10 21:30:52 - [SUCCESS] Deployed web-3983 with image httpd:latest (4 replicas)
2025-11-10 21:30:56 - [SUCCESS] Scaled api-2280 to 1 replicas
2025-11-10 21:31:00 - [SUCCESS] Scaled web-5134 to 3 replicas
2025-11-10 21:31:05 - [SUCCESS] Scaled web-7049 to 3 replicas
2025-11-10 21:31:05 - [SUCCESS] Deployed db-7199 with image mongo:latest (1 replicas)
2025-11-10 21:31:11 - [SUCCESS] Scaled cache-5597 to 7 replicas
2025-11-10 21:31:17 - [SUCCESS] Scaled db-8367 to 1 replicas
2025-11-10 21:31:18 - [SUCCESS] Scaled db-8806 to 6 replicas
2025-11-10 21:31:24 - [SUCCESS] Scaled db-4203 to 3 replicas
2025-11-10 21:31:30 - [SUCCESS] Scaled api-3195 to 3 replicas
2025-11-10 21:31:32 - [SUCCESS] Scaled api-3195 to 6 replicas
2025-11-10 21:31:35 - [SUCCESS] Scaled api-8274 to 3 replicas
2025-11-10 21:31:37 - [SUCCESS] Scaled api-3195 to 8 replicas
2025-11-10 21:31:38 - [SUCCESS] Scaled api-8274 to 6 replicas
2025-11-10 21:31:42 - [SUCCESS] Scaled api-3195 to 5 replicas
2025-11-10 21:31:43 - [SUCCESS] Scaled api-8274 to 8 replicas
2025-11-10 21:31:45 - [SUCCESS] Scaled api-3195 to 2 replicas
2025-11-10 21:31:46 - [SUCCESS] Scaled api-8274 to 5 replicas
2025-11-10 21:31:50 - [SUCCESS] Scaled api-8274 to 2 replicas
2025-11-10 21:31:59 - [SUCCESS] Scaled db-3885 to 3 replicas
2025-11-10 21:32:02 - [SUCCESS] Scaled db-3885 to 6 replicas
2025-11-10 21:32:05 - [SUCCESS] Scaled db-3885 to 8 replicas
2025-11-10 21:32:07 - [SUCCESS] Scaled db-3885 to 5 replicas
2025-11-10 21:32:12 - [SUCCESS] Scaled db-3885 to 2 replicas
2025-11-10 21:32:14 - [SUCCESS] Scaled api-9058 to 3 replicas
2025-11-10 21:32:17 - [SUCCESS] Deployed db-3219 with image postgres:latest (3 replicas)
2025-11-10 21:32:25 - [SUCCESS] Scaled web-4805 to 4 replicas
2025-11-10 21:32:33 - [SUCCESS] Scaled api-7158 to 2 replicas
2025-11-10 21:32:41 - [SUCCESS] Scaled web-6992 to 3 replicas
2025-11-10 21:32:43 - [SUCCESS] Scaled web-5555 to 2 replicas
2025-11-10 21:32:43 - [SUCCESS] Scaled web-6992 to 6 replicas
2025-11-10 21:32:48 - [SUCCESS] Scaled web-6992 to 8 replicas
2025-11-10 21:32:52 - [SUCCESS] Scaled web-6992 to 5 replicas
2025-11-10 21:32:57 - [SUCCESS] Scaled web-6992 to 2 replicas
2025-11-10 21:32:58 - [SUCCESS] Scaled worker-5813 to 1 replicas
2025-11-10 21:33:07 - [SUCCESS] Scaled worker-3539 to 3 replicas
2025-11-10 21:33:12 - [SUCCESS] Scaled worker-3539 to 6 replicas
2025-11-10 21:33:16 - [SUCCESS] Scaled worker-3539 to 8 replicas
2025-11-10 21:33:19 - [SUCCESS] Scaled worker-3539 to 5 replicas
2025-11-10 21:33:20 - [SUCCESS] Deployed web-5250 with image nginx:latest (5 replicas)
2025-11-10 21:33:23 - [SUCCESS] Scaled worker-3539 to 2 replicas
2025-11-10 21:33:32 - [SUCCESS] Deployed api-9988 with image nginx:latest (2 replicas)
2025-11-10 21:33:34 - [SUCCESS] Scaled web-2480 to 4 replicas
2025-11-10 21:33:36 - [SUCCESS] Deployed db-3787 with image postgres:latest (3 replicas)
2025-11-10 21:33:40 - [SUCCESS] Deployed worker-1972 with image redis:latest (3 replicas)
2025-11-10 21:33:41 - [SUCCESS] Scaled web-9010 to 4 replicas
2025-11-10 21:33:44 - [SUCCESS] Scaled cache-1212 to 3 replicas
2025-11-10 21:33:46 - [SUCCESS] Scaled cache-1212 to 6 replicas
2025-11-10 21:33:49 - [SUCCESS] Scaled db-9828 to 4 replicas
2025-11-10 21:33:50 - [SUCCESS] Scaled cache-1212 to 8 replicas
2025-11-10 21:33:53 - [SUCCESS] Scaled cache-1212 to 5 replicas
2025-11-10 21:33:57 - [SUCCESS] Scaled cache-1212 to 2 replicas
2025-11-10 21:33:58 - [SUCCESS] Scaled worker-7778 to 3 replicas
2025-11-10 21:34:02 - [SUCCESS] Scaled worker-7778 to 6 replicas
2025-11-10 21:34:03 - [SUCCESS] Scaled api-8695 to 4 replicas
2025-11-10 21:34:04 - [SUCCESS] Scaled worker-7778 to 8 replicas
2025-11-10 21:34:07 - [SUCCESS] Scaled worker-7778 to 5 replicas
2025-11-10 21:34:10 - [SUCCESS] Deployed cache-7652 with image memcached:latest (2 replicas)
2025-11-10 21:34:12 - [SUCCESS] Scaled worker-7778 to 2 replicas
2025-11-10 21:34:17 - [SUCCESS] Scaled worker-8836 to 8 replicas
2025-11-10 21:34:21 - [SUCCESS] Scaled worker-5088 to 6 replicas
2025-11-10 21:34:28 - [SUCCESS] Scaled worker-7146 to 5 replicas
2025-11-10 21:34:29 - [SUCCESS] Deployed worker-2789 with image redis:latest (4 replicas)
2025-11-10 21:34:37 - [SUCCESS] Scaled db-5247 to 3 replicas
2025-11-10 21:34:40 - [SUCCESS] Scaled worker-8416 to 3 replicas
2025-11-10 21:34:47 - [SUCCESS] Deployed db-2343 with image postgres:latest (3 replicas)
2025-11-10 21:34:50 - [SUCCESS] Scaled worker-3709 to 3 replicas
2025-11-10 21:34:56 - [SUCCESS] Scaled db-7729 to 3 replicas
2025-11-10 21:34:59 - [SUCCESS] Scaled db-3638 to 1 replicas
2025-11-10 21:35:00 - [SUCCESS] Scaled db-7729 to 6 replicas
2025-11-10 21:35:04 - [SUCCESS] Scaled db-7729 to 8 replicas
2025-11-10 21:35:08 - [SUCCESS] Scaled db-7729 to 5 replicas
2025-11-10 21:35:12 - [SUCCESS] Scaled db-7729 to 2 replicas
2025-11-10 21:35:14 - [SUCCESS] Scaled cache-2151 to 4 replicas
2025-11-10 21:35:26 - [SUCCESS] Scaled api-5088 to 2 replicas
2025-11-10 21:35:32 - [SUCCESS] Scaled api-6424 to 6 replicas
2025-11-10 21:35:33 - [SUCCESS] Scaled worker-1000 to 1 replicas
2025-11-10 21:35:37 - [SUCCESS] Scaled api-4644 to 6 replicas
2025-11-10 21:35:44 - [SUCCESS] Scaled db-2982 to 3 replicas
2025-11-10 21:35:47 - [SUCCESS] Deployed db-7990 with image postgres:latest (4 replicas)
2025-11-10 21:35:52 - [SUCCESS] Scaled cache-5597 to 3 replicas
2025-11-10 21:35:55 - [SUCCESS] Scaled web-1536 to 1 replicas
2025-11-10 21:36:02 - [SUCCESS] Scaled cache-1518 to 4 replicas
2025-11-10 21:36:05 - [SUCCESS] Deployed db-5370 with image mysql:latest (2 replicas)
2025-11-10 21:36:08 - [SUCCESS] Scaled db-6736 to 4 replicas
2025-11-10 21:36:17 - [SUCCESS] Scaled cache-3107 to 3 replicas
2025-11-10 21:36:21 - [SUCCESS] Deployed db-3295 with image postgres:latest (2 replicas)
2025-11-10 21:36:22 - [SUCCESS] Scaled worker-4763 to 3 replicas
2025-11-10 21:36:26 - [SUCCESS] Scaled db-3282 to 6 replicas
2025-11-10 21:36:26 - [SUCCESS] Scaled worker-4763 to 6 replicas
2025-11-10 21:36:29 - [SUCCESS] Scaled worker-4763 to 8 replicas
2025-11-10 21:36:33 - [SUCCESS] Scaled worker-4568 to 1 replicas
2025-11-10 21:36:34 - [SUCCESS] Scaled worker-4763 to 5 replicas
2025-11-10 21:36:37 - [SUCCESS] Scaled worker-4763 to 2 replicas
2025-11-10 21:36:46 - [SUCCESS] Scaled api-7628 to 5 replicas
2025-11-10 21:36:48 - [SUCCESS] Scaled worker-2877 to 3 replicas
2025-11-10 21:36:54 - [SUCCESS] Scaled worker-3120 to 3 replicas
2025-11-10 21:36:54 - [SUCCESS] Deployed db-9765 with image mongo:latest (3 replicas)
2025-11-10 21:37:01 - [SUCCESS] Scaled api-6915 to 3 replicas
2025-11-10 21:37:01 - [SUCCESS] Scaled api-7283 to 6 replicas
2025-11-10 21:37:03 - [SUCCESS] Scaled api-6915 to 6 replicas
2025-11-10 21:37:06 - [SUCCESS] Scaled api-6915 to 8 replicas
2025-11-10 21:37:08 - [SUCCESS] Scaled api-6915 to 5 replicas
2025-11-10 21:37:11 - [SUCCESS] Scaled worker-3709 to 3 replicas
2025-11-10 21:37:12 - [SUCCESS] Scaled api-6915 to 2 replicas
2025-11-10 21:37:15 - [SUCCESS] Scaled worker-3709 to 6 replicas
2025-11-10 21:37:18 - [SUCCESS] Scaled worker-3709 to 8 replicas
2025-11-10 21:37:21 - [SUCCESS] Scaled worker-3709 to 5 replicas
2025-11-10 21:37:25 - [SUCCESS] Scaled db-7410 to 3 replicas
2025-11-10 21:37:25 - [SUCCESS] Scaled worker-3709 to 2 replicas
2025-11-10 21:37:30 - [SUCCESS] Deployed worker-1396 with image rabbitmq:latest (2 replicas)
2025-11-10 21:37:37 - [SUCCESS] Scaled cache-7636 to 4 replicas
2025-11-10 21:37:40 - [SUCCESS] Scaled db-1316 to 3 replicas
2025-11-10 21:37:42 - [SUCCESS] Scaled db-1316 to 6 replicas
2025-11-10 21:37:42 - [FAILED] Stopped application db-5423
2025-11-10 21:37:42 - [FAILED] Stopped application db-9668
2025-11-10 21:37:42 - [FAILED] Stopped application worker-1317
2025-11-10 21:37:42 - [FAILED] Stopped application api-7206
2025-11-10 21:37:43 - [FAILED] Stopped application api-7158
2025-11-10 21:37:43 - [FAILED] Stopped application cache-6834
2025-11-10 21:37:43 - [FAILED] Stopped application web-1146
2025-11-10 21:37:43 - [FAILED] Stopped application db-3001
2025-11-10 21:37:43 - [FAILED] Stopped application web-9122
2025-11-10 21:37:43 - [FAILED] Stopped application api-2280
2025-11-10 21:37:43 - [FAILED] Stopped application api-2574
2025-11-10 21:37:43 - [FAILED] Stopped application web-5555
2025-11-10 21:37:43 - [FAILED] Stopped application db-3313
2025-11-10 21:37:43 - [FAILED] Stopped application api-8367
2025-11-10 21:37:43 - [FAILED] Stopped application cache-3521
2025-11-10 21:37:43 - [FAILED] Stopped application cache-4475
2025-11-10 21:37:43 - [FAILED] Stopped application db-9961
2025-11-10 21:37:43 - [FAILED] Stopped application web-6501
2025-11-10 21:37:43 - [FAILED] Stopped application db-8233
2025-11-10 21:37:43 - [FAILED] Stopped application worker-2494
2025-11-10 21:37:43 - [FAILED] Stopped application cache-7636
2025-11-10 21:37:43 - [FAILED] Stopped application web-9919
2025-11-10 21:37:43 - [FAILED] Stopped application worker-2561
2025-11-10 21:37:43 - [FAILED] Stopped application cache-6488
2025-11-10 21:37:43 - [FAILED] Stopped application worker-3448
2025-11-10 21:37:43 - [FAILED] Stopped application db-1012
2025-11-10 21:37:43 - [FAILED] Stopped application worker-6505
2025-11-10 21:37:43 - [FAILED] Stopped application db-8583
2025-11-10 21:37:43 - [FAILED] Stopped application db-4852
2025-11-10 21:37:43 - [FAILED] Stopped application worker-6945
2025-11-10 21:37:43 - [FAILED] Stopped application db-3885
2025-11-10 21:37:43 - [FAILED] Stopped application api-7628
2025-11-10 21:37:43 - [FAILED] Stopped application api-3006
2025-11-10 21:37:43 - [FAILED] Stopped application cache-4453
2025-11-10 21:37:43 - [FAILED] Stopped application worker-4758
2025-11-10 21:37:43 - [FAILED] Stopped application db-1875
2025-11-10 21:37:43 - [FAILED] Stopped application web-5424
2025-11-10 21:37:43 - [FAILED] Stopped application worker-5088
2025-11-10 21:37:43 - [FAILED] Stopped application db-7788
2025-11-10 21:37:43 - [FAILED] Stopped application db-7729
2025-11-10 21:37:43 - [FAILED] Stopped application worker-8908
2025-11-10 21:37:43 - [FAILED] Stopped application cache-4027
2025-11-10 21:37:43 - [FAILED] Stopped application db-3282
2025-11-10 21:37:45 - [SUCCESS] Scaled db-1316 to 8 replicas
2025-11-10 21:37:49 - [SUCCESS] Scaled db-1316 to 5 replicas
2025-11-10 21:37:51 - [SUCCESS] Scaled db-4852 to 3 replicas
2025-11-10 21:37:53 - [SUCCESS] Scaled db-1316 to 2 replicas
2025-11-10 21:38:00 - [SUCCESS] Scaled db-1551 to 4 replicas
2025-11-10 21:38:00 - [SUCCESS] Deployed cache-2759 with image memcached:latest (2 replicas)
2025-11-10 21:38:13 - [SUCCESS] Scaled cache-7244 to 3 replicas
2025-11-10 21:38:16 - [SUCCESS] Scaled cache-7244 to 6 replicas
2025-11-10 21:38:20 - [SUCCESS] Scaled cache-7244 to 8 replicas
2025-11-10 21:38:22 - [SUCCESS] Scaled cache-7244 to 5 replicas
2025-11-10 21:38:25 - [SUCCESS] Scaled cache-7244 to 2 replicas
2025-11-10 21:38:32 - [SUCCESS] Scaled api-2610 to 3 replicas
2025-11-10 21:38:35 - [SUCCESS] Scaled worker-7023 to 1 replicas
2025-11-10 21:38:35 - [SUCCESS] Scaled api-2610 to 6 replicas
2025-11-10 21:38:40 - [SUCCESS] Scaled api-2610 to 8 replicas
2025-11-10 21:38:44 - [SUCCESS] Scaled web-4377 to 2 replicas
2025-11-10 21:38:44 - [SUCCESS] Scaled api-2610 to 5 replicas
2025-11-10 21:38:48 - [SUCCESS] Scaled api-2610 to 2 replicas
2025-11-10 21:38:58 - [SUCCESS] Scaled db-8367 to 5 replicas
2025-11-10 21:39:00 - [SUCCESS] Deployed api-7639 with image nginx:latest (2 replicas)
2025-11-10 21:39:04 - [SUCCESS] Scaled worker-5796 to 4 replicas
2025-11-10 21:39:11 - [SUCCESS] Scaled worker-6737 to 3 replicas
2025-11-10 21:39:16 - [SUCCESS] Scaled worker-6737 to 6 replicas
2025-11-10 21:39:19 - [SUCCESS] Scaled worker-6737 to 8 replicas
2025-11-10 21:39:22 - [SUCCESS] Scaled worker-6737 to 5 replicas
2025-11-10 21:39:25 - [SUCCESS] Scaled worker-6737 to 2 replicas
2025-11-10 21:39:34 - [SUCCESS] Scaled api-3511 to 3 replicas
2025-11-10 21:39:38 - [SUCCESS] Scaled api-3511 to 6 replicas
2025-11-10 21:39:42 - [SUCCESS] Scaled api-3511 to 8 replicas
2025-11-10 21:39:42 - [SUCCESS] Scaled worker-6565 to 5 replicas
2025-11-10 21:39:45 - [SUCCESS] Scaled api-3511 to 5 replicas
2025-11-10 21:39:49 - [SUCCESS] Scaled api-3511 to 2 replicas
2025-11-10 21:39:59 - [SUCCESS] Scaled cache-5056 to 7 replicas
2025-11-10 21:40:01 - [SUCCESS] Scaled db-4597 to 4 replicas
2025-11-10 21:40:05 - [SUCCESS] Scaled api-7624 to 3 replicas
2025-11-10 21:40:11 - [SUCCESS] Scaled db-3295 to 2 replicas
2025-11-10 21:40:14 - [SUCCESS] Scaled worker-3539 to 3 replicas
2025-11-10 21:40:16 - [SUCCESS] Scaled worker-2748 to 5 replicas
2025-11-10 21:40:17 - [SUCCESS] Scaled worker-3539 to 6 replicas
2025-11-10 21:40:20 - [SUCCESS] Scaled worker-3539 to 8 replicas
2025-11-10 21:40:24 - [SUCCESS] Scaled worker-3539 to 5 replicas
2025-11-10 21:40:27 - [SUCCESS] Scaled worker-1280 to 2 replicas
2025-11-10 21:40:28 - [SUCCESS] Scaled worker-3539 to 2 replicas
2025-11-10 21:40:34 - [SUCCESS] Scaled db-3295 to 5 replicas
2025-11-10 21:40:37 - [SUCCESS] Scaled api-6963 to 3 replicas
2025-11-10 21:40:45 - [SUCCESS] Scaled api-2280 to 3 replicas
2025-11-10 21:40:49 - [SUCCESS] Scaled api-2280 to 6 replicas
2025-11-10 21:40:53 - [SUCCESS] Scaled api-2280 to 8 replicas
2025-11-10 21:40:55 - [SUCCESS] Scaled api-2280 to 5 replicas
2025-11-10 21:40:57 - [SUCCESS] Scaled worker-2877 to 3 replicas
2025-11-10 21:40:59 - [SUCCESS] Scaled api-2280 to 2 replicas
2025-11-10 21:41:03 - [SUCCESS] Scaled web-9938 to 1 replicas
2025-11-10 21:41:10 - [SUCCESS] Deployed web-1419 with image httpd:latest (4 replicas)
2025-11-10 21:41:14 - [SUCCESS] Scaled cache-6667 to 2 replicas
2025-11-10 21:41:17 - [SUCCESS] Scaled web-7708 to 3 replicas
2025-11-10 21:41:21 - [SUCCESS] Scaled web-7708 to 6 replicas
2025-11-10 21:41:24 - [SUCCESS] Scaled web-7708 to 8 replicas
2025-11-10 21:41:27 - [SUCCESS] Scaled web-7708 to 5 replicas
2025-11-10 21:41:29 - [SUCCESS] Scaled db-8806 to 2 replicas
2025-11-10 21:41:30 - [SUCCESS] Scaled web-7708 to 2 replicas
2025-11-10 21:41:35 - [SUCCESS] Scaled worker-7953 to 5 replicas
2025-11-10 21:41:38 - [SUCCESS] Deployed db-6830 with image mongo:latest (2 replicas)
2025-11-10 21:41:41 - [SUCCESS] Scaled worker-1972 to 2 replicas
2025-11-10 21:41:49 - [SUCCESS] Scaled worker-2494 to 3 replicas
2025-11-10 21:41:49 - [SUCCESS] Scaled cache-2183 to 6 replicas
2025-11-10 21:41:55 - [SUCCESS] Deployed api-6510 with image httpd:latest (2 replicas)
2025-11-10 21:41:57 - [SUCCESS] Scaled worker-3969 to 2 replicas
2025-11-10 21:42:00 - [SUCCESS] Scaled cache-6819 to 1 replicas
2025-11-10 21:42:08 - [SUCCESS] Scaled worker-7023 to 6 replicas
2025-11-10 21:42:11 - [SUCCESS] Scaled db-7409 to 2 replicas
2025-11-10 21:42:15 - [SUCCESS] Scaled cache-8056 to 6 replicas
2025-11-10 21:42:18 - [SUCCESS] Scaled worker-5088 to 5 replicas
2025-11-10 21:42:20 - [SUCCESS] Deployed db-5084 with image postgres:latest (2 replicas)
2025-11-10 21:42:29 - [SUCCESS] Scaled worker-6505 to 1 replicas
2025-11-10 21:42:44 - [SUCCESS] Scaled worker-3539 to 3 replicas
2025-11-10 21:42:44 - [SUCCESS] Scaled api-3486 to 3 replicas
2025-11-10 21:42:47 - [SUCCESS] Scaled api-3486 to 6 replicas
2025-11-10 21:42:48 - [SUCCESS] Deployed web-9750 with image httpd:latest (2 replicas)
2025-11-10 21:42:51 - [SUCCESS] Scaled api-3486 to 8 replicas
2025-11-10 21:42:54 - [SUCCESS] Scaled api-3486 to 5 replicas
2025-11-10 21:42:56 - [SUCCESS] Deployed db-5702 with image postgres:latest (3 replicas)
2025-11-10 21:42:58 - [SUCCESS] Scaled api-3486 to 2 replicas
2025-11-10 21:43:02 - [SUCCESS] Scaled db-9822 to 4 replicas
2025-11-10 21:43:08 - [SUCCESS] Scaled cache-3933 to 5 replicas
2025-11-10 21:43:12 - [SUCCESS] Deployed worker-6099 with image rabbitmq:latest (1 replicas)
2025-11-10 21:43:21 - [SUCCESS] Scaled db-8806 to 1 replicas
2025-11-10 21:43:23 - [SUCCESS] Scaled cache-7028 to 1 replicas
2025-11-10 21:43:35 - [SUCCESS] Scaled db-3420 to 6 replicas
2025-11-10 21:43:35 - [SUCCESS] Deployed cache-4152 with image redis:latest (2 replicas)
2025-11-10 21:43:46 - [SUCCESS] Scaled cache-4740 to 3 replicas
2025-11-10 21:43:47 - [SUCCESS] Deployed api-8831 with image nginx:latest (3 replicas)
2025-11-10 21:43:53 - [SUCCESS] Deployed worker-1712 with image redis:latest (2 replicas)
2025-11-10 21:43:59 - [SUCCESS] Scaled api-2321 to 5 replicas
2025-11-10 21:44:04 - [SUCCESS] Scaled db-6928 to 8 replicas
2025-11-10 21:44:07 - [SUCCESS] Scaled worker-5241 to 6 replicas
2025-11-10 21:44:08 - [SUCCESS] Scaled web-9938 to 6 replicas
2025-11-10 21:44:15 - [SUCCESS] Scaled cache-2866 to 3 replicas
2025-11-10 21:44:16 - [SUCCESS] Scaled web-9010 to 1 replicas
2025-11-10 21:44:26 - [SUCCESS] Scaled worker-6059 to 8 replicas
2025-11-10 21:44:31 - [SUCCESS] Scaled web-9938 to 3 replicas
2025-11-10 21:44:35 - [SUCCESS] Scaled web-9938 to 6 replicas
2025-11-10 21:44:37 - [SUCCESS] Scaled web-9938 to 8 replicas
2025-11-10 21:44:40 - [SUCCESS] Deployed worker-2456 with image rabbitmq:latest (3 replicas)
2025-11-10 21:44:41 - [SUCCESS] Scaled web-9938 to 5 replicas
2025-11-10 21:44:45 - [SUCCESS] Scaled web-9938 to 2 replicas
2025-11-10 21:44:52 - [SUCCESS] Scaled web-2334 to 3 replicas
2025-11-10 21:45:00 - [SUCCESS] Scaled web-9583 to 1 replicas
2025-11-10 21:45:04 - [SUCCESS] Deployed worker-7759 with image redis:latest (4 replicas)
2025-11-10 21:45:09 - [SUCCESS] Scaled db-9991 to 3 replicas
2025-11-10 21:45:09 - [SUCCESS] Scaled cache-7244 to 5 replicas
2025-11-10 21:45:12 - [SUCCESS] Scaled db-9991 to 6 replicas
2025-11-10 21:45:15 - [SUCCESS] Scaled db-9991 to 8 replicas
2025-11-10 21:45:17 - [SUCCESS] Scaled db-9991 to 5 replicas
2025-11-10 21:45:20 - [SUCCESS] Scaled db-9991 to 2 replicas
2025-11-10 21:45:23 - [SUCCESS] Scaled cache-8936 to 3 replicas
2025-11-10 21:45:27 - [SUCCESS] Scaled cache-8936 to 6 replicas
2025-11-10 21:45:29 - [SUCCESS] Scaled cache-8936 to 8 replicas
2025-11-10 21:45:30 - [SUCCESS] Scaled worker-8615 to 3 replicas
2025-11-10 21:45:32 - [SUCCESS] Scaled worker-8615 to 6 replicas
2025-11-10 21:45:34 - [SUCCESS] Scaled cache-8936 to 5 replicas
2025-11-10 21:45:35 - [SUCCESS] Scaled worker-8615 to 8 replicas
2025-11-10 21:45:38 - [SUCCESS] Scaled cache-8936 to 2 replicas
2025-11-10 21:45:40 - [SUCCESS] Scaled worker-8615 to 5 replicas
2025-11-10 21:45:44 - [SUCCESS] Scaled worker-8615 to 2 replicas
2025-11-10 21:45:50 - [SUCCESS] Scaled api-5735 to 3 replicas
2025-11-10 21:45:52 - [SUCCESS] Scaled api-5735 to 6 replicas
2025-11-10 21:45:54 - [SUCCESS] Scaled api-9209 to 3 replicas
2025-11-10 21:45:57 - [SUCCESS] Scaled api-5735 to 8 replicas
2025-11-10 21:46:00 - [SUCCESS] Scaled web-9010 to 3 replicas
2025-11-10 21:46:00 - [SUCCESS] Scaled api-5735 to 5 replicas
2025-11-10 21:46:02 - [SUCCESS] Scaled web-9010 to 6 replicas
2025-11-10 21:46:03 - [SUCCESS] Scaled api-5735 to 2 replicas
2025-11-10 21:46:06 - [SUCCESS] Scaled web-9010 to 8 replicas
2025-11-10 21:46:10 - [SUCCESS] Scaled web-9010 to 5 replicas
2025-11-10 21:46:12 - [SUCCESS] Scaled web-9010 to 2 replicas
2025-11-10 21:46:17 - [SUCCESS] Scaled api-6411 to 6 replicas
2025-11-10 21:46:28 - [SUCCESS] Scaled web-9010 to 6 replicas
2025-11-10 21:46:37 - [SUCCESS] Scaled web-9671 to 3 replicas
2025-11-10 21:46:40 - [SUCCESS] Scaled web-9671 to 6 replicas
2025-11-10 21:46:41 - [SUCCESS] Scaled db-2343 to 1 replicas
2025-11-10 21:46:44 - [SUCCESS] Scaled web-9671 to 8 replicas
2025-11-10 21:46:47 - [SUCCESS] Scaled web-9671 to 5 replicas
2025-11-10 21:46:49 - [SUCCESS] Scaled web-9671 to 2 replicas
2025-11-10 21:46:53 - [SUCCESS] Scaled db-6736 to 3 replicas
2025-11-10 21:46:57 - [SUCCESS] Scaled db-6736 to 6 replicas
2025-11-10 21:46:57 - [SUCCESS] Deployed db-9663 with image postgres:latest (2 replicas)
2025-11-10 21:47:01 - [SUCCESS] Deployed db-6186 with image mongo:latest (3 replicas)
2025-11-10 21:47:02 - [SUCCESS] Scaled db-6736 to 8 replicas
2025-11-10 21:47:05 - [SUCCESS] Scaled db-6736 to 5 replicas
2025-11-10 21:47:08 - [SUCCESS] Scaled db-6736 to 2 replicas
2025-11-10 21:47:10 - [SUCCESS] Scaled cache-8564 to 3 replicas
2025-11-10 21:47:15 - [SUCCESS] Deployed db-4936 with image mongo:latest (6 replicas)
2025-11-10 21:47:22 - [SUCCESS] Scaled api-6915 to 4 replicas
2025-11-10 21:47:29 - [SUCCESS] Scaled cache-2759 to 3 replicas
2025-11-10 21:47:30 - [SUCCESS] Scaled db-1316 to 2 replicas
2025-11-10 21:47:34 - [SUCCESS] Scaled cache-2759 to 6 replicas
2025-11-10 21:47:36 - [SUCCESS] Scaled cache-2759 to 8 replicas
2025-11-10 21:47:37 - [SUCCESS] Scaled api-7206 to 5 replicas
2025-11-10 21:47:39 - [SUCCESS] Scaled cache-2759 to 5 replicas
2025-11-10 21:47:44 - [SUCCESS] Scaled cache-2759 to 2 replicas
2025-11-10 21:47:52 - [SUCCESS] Scaled db-6995 to 5 replicas
2025-11-10 21:48:02 - [SUCCESS] Scaled worker-6505 to 2 replicas
2025-11-10 21:48:06 - [SUCCESS] Scaled db-5370 to 7 replicas
2025-11-10 21:48:10 - [SUCCESS] Scaled web-3983 to 8 replicas
2025-11-10 21:48:16 - [SUCCESS] Scaled cache-3521 to 3 replicas
2025-11-10 21:48:18 - [SUCCESS] Scaled db-9686 to 6 replicas
2025-11-10 21:48:21 - [SUCCESS] Scaled web-1339 to 6 replicas
2025-11-10 21:48:33 - [SUCCESS] Deployed web-2528 with image nginx:latest (4 replicas)
2025-11-10 21:48:35 - [SUCCESS] Scaled api-6192 to 6 replicas
2025-11-10 21:48:40 - [SUCCESS] Scaled cache-8929 to 7 replicas
2025-11-10 21:48:45 - [SUCCESS] Scaled db-3885 to 7 replicas
2025-11-10 21:48:46 - [SUCCESS] Scaled worker-2616 to 3 replicas
2025-11-10 21:48:53 - [SUCCESS] Scaled web-5134 to 5 replicas
2025-11-10 21:48:59 - [SUCCESS] Scaled web-4589 to 3 replicas
2025-11-10 21:49:02 - [SUCCESS] Scaled web-4589 to 6 replicas
2025-11-10 21:49:04 - [SUCCESS] Scaled web-4589 to 8 replicas
2025-11-10 21:49:08 - [SUCCESS] Scaled web-4589 to 5 replicas
2025-11-10 21:49:12 - [SUCCESS] Scaled web-4589 to 2 replicas
2025-11-10 21:49:13 - [SUCCESS] Scaled db-9686 to 4 replicas
2025-11-10 21:49:27 - [SUCCESS] Scaled cache-5113 to 4 replicas
2025-11-10 21:49:29 - [SUCCESS] Scaled api-7639 to 7 replicas
2025-11-10 21:49:35 - [SUCCESS] Scaled api-2574 to 4 replicas
2025-11-10 21:49:42 - [SUCCESS] Scaled cache-7244 to 3 replicas
2025-11-10 21:49:49 - [SUCCESS] Scaled worker-3511 to 6 replicas
2025-11-10 21:49:49 - [SUCCESS] Scaled web-2086 to 3 replicas
2025-11-10 21:49:54 - [SUCCESS] Scaled web-2086 to 6 replicas
2025-11-10 21:49:56 - [SUCCESS] Scaled web-9671 to 6 replicas
2025-11-10 21:49:59 - [SUCCESS] Scaled web-2086 to 8 replicas
2025-11-10 21:50:03 - [SUCCESS] Scaled web-2086 to 5 replicas
2025-11-10 21:50:04 - [SUCCESS] Scaled db-6830 to 2 replicas
2025-11-10 21:50:06 - [SUCCESS] Scaled web-2086 to 2 replicas
2025-11-10 21:50:15 - [SUCCESS] Scaled cache-8056 to 6 replicas
2025-11-10 21:50:15 - [SUCCESS] Scaled api-6408 to 8 replicas
2025-11-10 21:50:19 - [SUCCESS] Scaled db-4650 to 3 replicas
2025-11-10 21:50:21 - [SUCCESS] Scaled db-3638 to 1 replicas
2025-11-10 21:50:30 - [SUCCESS] Scaled db-3638 to 2 replicas
2025-11-10 21:50:31 - [SUCCESS] Scaled web-7049 to 3 replicas
2025-11-10 21:50:34 - [SUCCESS] Scaled cache-2866 to 3 replicas
2025-11-10 21:50:35 - [SUCCESS] Scaled web-7049 to 6 replicas
2025-11-10 21:50:38 - [SUCCESS] Deployed db-9751 with image mysql:latest (1 replicas)
2025-11-10 21:50:40 - [SUCCESS] Scaled web-7049 to 8 replicas
2025-11-10 21:50:42 - [SUCCESS] Scaled web-6743 to 2 replicas
2025-11-10 21:50:44 - [SUCCESS] Scaled web-7049 to 5 replicas
2025-11-10 21:50:46 - [SUCCESS] Scaled worker-2696 to 5 replicas
2025-11-10 21:50:46 - [SUCCESS] Scaled web-7049 to 2 replicas
2025-11-10 21:50:56 - [SUCCESS] Scaled cache-9359 to 1 replicas
2025-11-10 21:50:57 - [SUCCESS] Scaled db-4423 to 3 replicas
2025-11-10 21:51:01 - [SUCCESS] Scaled db-4423 to 6 replicas
2025-11-10 21:51:05 - [SUCCESS] Scaled db-4423 to 8 replicas
2025-11-10 21:51:09 - [SUCCESS] Scaled db-4423 to 5 replicas
2025-11-10 21:51:10 - [SUCCESS] Scaled cache-4350 to 5 replicas
2025-11-10 21:51:12 - [SUCCESS] Scaled db-4423 to 2 replicas
2025-11-10 21:51:17 - [SUCCESS] Scaled worker-5088 to 3 replicas
2025-11-10 21:51:20 - [SUCCESS] Deployed worker-2876 with image redis:latest (4 replicas)
2025-11-10 21:51:22 - [SUCCESS] Scaled worker-5088 to 6 replicas
2025-11-10 21:51:26 - [SUCCESS] Scaled worker-5088 to 8 replicas
2025-11-10 21:51:26 - [SUCCESS] Scaled db-9668 to 2 replicas
2025-11-10 21:51:31 - [SUCCESS] Scaled worker-5088 to 5 replicas
2025-11-10 21:51:33 - [SUCCESS] Scaled db-9765 to 3 replicas
2025-11-10 21:51:35 - [SUCCESS] Scaled worker-5088 to 2 replicas
2025-11-10 21:51:36 - [SUCCESS] Scaled db-9765 to 6 replicas
2025-11-10 21:51:39 - [SUCCESS] Scaled db-9765 to 8 replicas
2025-11-10 21:51:43 - [SUCCESS] Scaled db-9765 to 5 replicas
2025-11-10 21:51:46 - [SUCCESS] Scaled db-9765 to 2 replicas
2025-11-10 21:51:50 - [SUCCESS] Scaled web-6501 to 3 replicas
2025-11-10 21:51:52 - [SUCCESS] Scaled web-6501 to 6 replicas
2025-11-10 21:51:55 - [SUCCESS] Scaled api-2176 to 3 replicas
2025-11-10 21:51:57 - [SUCCESS] Scaled web-6501 to 8 replicas
2025-11-10 21:51:59 - [SUCCESS] Scaled api-2176 to 6 replicas
2025-11-10 21:52:00 - [SUCCESS] Scaled web-6501 to 5 replicas
2025-11-10 21:52:04 - [SUCCESS] Scaled api-2176 to 8 replicas
2025-11-10 21:52:05 - [SUCCESS] Scaled web-6501 to 2 replicas
2025-11-10 21:52:08 - [SUCCESS] Scaled api-2176 to 5 replicas
2025-11-10 21:52:10 - [SUCCESS] Scaled api-2176 to 2 replicas
2025-11-10 21:52:17 - [SUCCESS] Scaled db-9751 to 3 replicas
2025-11-10 21:52:19 - [SUCCESS] Scaled cache-5056 to 2 replicas
2025-11-10 21:52:21 - [SUCCESS] Scaled db-9751 to 6 replicas
2025-11-10 21:52:26 - [SUCCESS] Scaled db-9751 to 8 replicas
2025-11-10 21:52:30 - [SUCCESS] Scaled db-9751 to 5 replicas
2025-11-10 21:52:32 - [SUCCESS] Scaled db-9751 to 2 replicas
2025-11-10 21:52:35 - [SUCCESS] Scaled cache-1549 to 3 replicas
2025-11-10 21:52:41 - [SUCCESS] Scaled api-2057 to 1 replicas
2025-11-10 21:52:45 - [SUCCESS] Scaled db-5433 to 4 replicas
2025-11-10 21:52:53 - [SUCCESS] Scaled worker-3969 to 5 replicas
2025-11-10 21:52:53 - [SUCCESS] Scaled db-1875 to 4 replicas
2025-11-10 21:53:00 - [SUCCESS] Deployed web-8738 with image httpd:latest (3 replicas)
2025-11-10 21:53:04 - [SUCCESS] Scaled api-6915 to 4 replicas
2025-11-10 21:53:11 - [SUCCESS] Deployed api-9472 with image httpd:latest (2 replicas)
2025-11-10 21:53:14 - [SUCCESS] Scaled worker-2789 to 5 replicas
2025-11-10 21:53:17 - [SUCCESS] Scaled db-5343 to 2 replicas
2025-11-10 21:53:21 - [SUCCESS] Scaled worker-3938 to 3 replicas
2025-11-10 21:53:25 - [SUCCESS] Scaled worker-3938 to 6 replicas
2025-11-10 21:53:29 - [SUCCESS] Scaled worker-3938 to 8 replicas
2025-11-10 21:53:32 - [SUCCESS] Scaled worker-3938 to 5 replicas
2025-11-10 21:53:34 - [SUCCESS] Scaled api-2574 to 4 replicas
2025-11-10 21:53:35 - [SUCCESS] Scaled worker-3938 to 2 replicas
2025-11-10 21:53:53 - [SUCCESS] Scaled web-1146 to 4 replicas
2025-11-10 21:53:55 - [SUCCESS] Scaled worker-2877 to 8 replicas
2025-11-10 21:54:02 - [SUCCESS] Scaled cache-6998 to 3 replicas
2025-11-10 21:54:02 - [SUCCESS] Scaled cache-2104 to 3 replicas
2025-11-10 21:54:05 - [SUCCESS] Scaled cache-6998 to 6 replicas
2025-11-10 21:54:07 - [SUCCESS] Scaled db-1551 to 6 replicas
2025-11-10 21:54:08 - [SUCCESS] Scaled cache-6998 to 8 replicas
2025-11-10 21:54:11 - [SUCCESS] Scaled api-7206 to 4 replicas
2025-11-10 21:54:11 - [SUCCESS] Scaled cache-6998 to 5 replicas
2025-11-10 21:54:16 - [SUCCESS] Scaled cache-6998 to 2 replicas
2025-11-10 21:54:17 - [SUCCESS] Scaled web-5031 to 6 replicas
2025-11-10 21:54:30 - [SUCCESS] Scaled api-2321 to 5 replicas
2025-11-10 21:54:33 - [SUCCESS] Scaled api-8695 to 2 replicas
2025-11-10 21:54:38 - [SUCCESS] Deployed worker-5212 with image rabbitmq:latest (3 replicas)
2025-11-10 21:54:41 - [SUCCESS] Scaled web-2528 to 6 replicas
2025-11-10 21:54:44 - [SUCCESS] Deployed api-7982 with image nginx:latest (2 replicas)
2025-11-10 21:54:52 - [SUCCESS] Scaled cache-8292 to 3 replicas
2025-11-10 21:54:53 - [SUCCESS] Deployed web-3481 with image nginx:latest (4 replicas)
2025-11-10 21:55:04 - [SUCCESS] Scaled db-3001 to 4 replicas
2025-11-10 21:55:05 - [SUCCESS] Scaled web-6527 to 6 replicas
2025-11-10 21:55:16 - [SUCCESS] Scaled db-6189 to 3 replicas
2025-11-10 21:55:18 - [SUCCESS] Deployed db-3533 with image mysql:latest (3 replicas)
2025-11-10 21:55:21 - [SUCCESS] Scaled db-6189 to 6 replicas
2025-11-10 21:55:25 - [SUCCESS] Scaled db-6189 to 8 replicas
2025-11-10 21:55:30 - [SUCCESS] Scaled db-6189 to 5 replicas
2025-11-10 21:55:32 - [SUCCESS] Scaled db-6189 to 2 replicas
2025-11-10 21:55:38 - [SUCCESS] Scaled db-3313 to 7 replicas
2025-11-10 21:55:46 - [SUCCESS] Scaled web-1419 to 3 replicas
2025-11-10 21:55:47 - [SUCCESS] Scaled worker-2423 to 3 replicas
2025-11-10 21:55:50 - [SUCCESS] Scaled worker-2423 to 6 replicas
2025-11-10 21:55:53 - [SUCCESS] Scaled api-7682 to 5 replicas
2025-11-10 21:55:56 - [SUCCESS] Scaled worker-2423 to 8 replicas
2025-11-10 21:55:59 - [SUCCESS] Scaled worker-2423 to 5 replicas
2025-11-10 21:56:00 - [SUCCESS] Scaled cache-3521 to 6 replicas
2025-11-10 21:56:03 - [SUCCESS] Scaled worker-2423 to 2 replicas
2025-11-10 21:56:05 - [SUCCESS] Deployed worker-9412 with image rabbitmq:latest (3 replicas)
2025-11-10 21:56:12 - [SUCCESS] Scaled db-2294 to 3 replicas
2025-11-10 21:56:16 - [SUCCESS] Scaled db-1316 to 8 replicas
2025-11-10 21:56:18 - [SUCCESS] Scaled api-9601 to 6 replicas
2025-11-10 21:56:22 - [SUCCESS] Scaled api-5735 to 6 replicas
2025-11-10 21:56:29 - [SUCCESS] Scaled web-4805 to 2 replicas
2025-11-10 21:56:29 - [SUCCESS] Scaled cache-1518 to 3 replicas
2025-11-10 21:56:32 - [SUCCESS] Scaled cache-1518 to 6 replicas
2025-11-10 21:56:36 - [SUCCESS] Scaled cache-1518 to 8 replicas
2025-11-10 21:56:36 - [SUCCESS] Scaled api-6328 to 4 replicas
2025-11-10 21:56:39 - [SUCCESS] Scaled cache-1518 to 5 replicas
2025-11-10 21:56:42 - [SUCCESS] Deployed cache-3513 with image memcached:latest (2 replicas)
2025-11-10 21:56:43 - [SUCCESS] Scaled cache-1518 to 2 replicas
2025-11-10 21:57:00 - [SUCCESS] Scaled worker-8341 to 1 replicas
2025-11-10 21:57:04 - [SUCCESS] Scaled worker-7778 to 6 replicas
2025-11-10 21:57:06 - [SUCCESS] Scaled api-4904 to 3 replicas
2025-11-10 21:57:10 - [SUCCESS] Scaled api-4904 to 6 replicas
2025-11-10 21:57:11 - [SUCCESS] Deployed web-5170 with image nginx:latest (1 replicas)
2025-11-10 21:57:12 - [SUCCESS] Scaled api-4904 to 8 replicas
2025-11-10 21:57:15 - [SUCCESS] Scaled worker-7146 to 6 replicas
2025-11-10 21:57:16 - [SUCCESS] Scaled api-4904 to 5 replicas
2025-11-10 21:57:19 - [SUCCESS] Scaled cache-1490 to 2 replicas
2025-11-10 21:57:21 - [SUCCESS] Scaled api-4904 to 2 replicas
2025-11-10 21:57:23 - [SUCCESS] Scaled cache-3559 to 2 replicas
2025-11-10 21:57:29 - [SUCCESS] Scaled cache-3521 to 3 replicas
2025-11-10 21:57:34 - [SUCCESS] Scaled cache-7244 to 4 replicas
2025-11-10 21:57:34 - [SUCCESS] Scaled cache-3521 to 6 replicas
2025-11-10 21:57:37 - [SUCCESS] Scaled cache-3521 to 8 replicas
2025-11-10 21:57:42 - [SUCCESS] Scaled cache-3521 to 5 replicas
2025-11-10 21:57:46 - [SUCCESS] Scaled cache-3521 to 2 replicas
2025-11-10 21:57:47 - [SUCCESS] Scaled api-2057 to 1 replicas
2025-11-10 21:57:57 - [SUCCESS] Scaled web-1146 to 7 replicas
2025-11-10 21:57:59 - [SUCCESS] Scaled worker-5813 to 3 replicas
2025-11-10 21:58:09 - [SUCCESS] Scaled web-7009 to 4 replicas
2025-11-10 21:58:10 - [SUCCESS] Deployed cache-1954 with image memcached:latest (3 replicas)
2025-11-10 21:58:22 - [SUCCESS] Scaled db-9224 to 3 replicas
2025-11-10 21:58:22 - [SUCCESS] Deployed worker-7868 with image redis:latest (6 replicas)
2025-11-10 21:58:25 - [SUCCESS] Scaled db-9224 to 6 replicas
2025-11-10 21:58:28 - [SUCCESS] Scaled db-9224 to 8 replicas
2025-11-10 21:58:32 - [SUCCESS] Scaled db-9224 to 5 replicas
2025-11-10 21:58:34 - [SUCCESS] Scaled api-4904 to 3 replicas
2025-11-10 21:58:36 - [SUCCESS] Scaled db-9224 to 2 replicas
2025-11-10 21:58:37 - [SUCCESS] Scaled api-4904 to 6 replicas
2025-11-10 21:58:41 - [SUCCESS] Scaled api-4904 to 8 replicas
2025-11-10 21:58:45 - [SUCCESS] Scaled api-4904 to 5 replicas
2025-11-10 21:58:48 - [SUCCESS] Scaled api-4904 to 2 replicas
2025-11-10 21:58:50 - [SUCCESS] Scaled api-3371 to 5 replicas
2025-11-10 21:58:59 - [SUCCESS] Scaled api-8665 to 4 replicas
2025-11-10 21:59:02 - [SUCCESS] Scaled web-3983 to 6 replicas
2025-11-10 21:59:03 - [SUCCESS] Scaled api-8367 to 3 replicas
2025-11-10 21:59:05 - [SUCCESS] Scaled api-8367 to 6 replicas
2025-11-10 21:59:08 - [SUCCESS] Scaled web-6635 to 8 replicas
2025-11-10 21:59:09 - [SUCCESS] Scaled api-8367 to 8 replicas
2025-11-10 21:59:11 - [SUCCESS] Scaled cache-8929 to 3 replicas
2025-11-10 21:59:13 - [SUCCESS] Scaled api-8367 to 5 replicas
2025-11-10 21:59:17 - [SUCCESS] Scaled api-8367 to 2 replicas
2025-11-10 21:59:17 - [SUCCESS] Scaled worker-6401 to 3 replicas
2025-11-10 21:59:21 - [SUCCESS] Scaled worker-6401 to 6 replicas
2025-11-10 21:59:23 - [SUCCESS] Scaled worker-6401 to 8 replicas
2025-11-10 21:59:28 - [SUCCESS] Scaled worker-6401 to 5 replicas
2025-11-10 21:59:28 - [SUCCESS] Scaled api-9789 to 3 replicas
2025-11-10 21:59:30 - [SUCCESS] Scaled worker-6401 to 2 replicas
2025-11-10 21:59:38 - [SUCCESS] Scaled db-5343 to 3 replicas
2025-11-10 21:59:40 - [SUCCESS] Scaled db-5343 to 6 replicas
2025-11-10 21:59:43 - [SUCCESS] Scaled api-2177 to 4 replicas
2025-11-10 21:59:43 - [SUCCESS] Scaled db-5343 to 8 replicas
2025-11-10 21:59:46 - [SUCCESS] Scaled db-5343 to 5 replicas
2025-11-10 21:59:49 - [SUCCESS] Scaled db-5343 to 2 replicas
2025-11-10 21:59:53 - [SUCCESS] Scaled cache-7520 to 4 replicas
2025-11-10 22:00:04 - [SUCCESS] Scaled cache-3933 to 2 replicas
2025-11-10 22:00:11 - [SUCCESS] Scaled worker-8908 to 8 replicas
2025-11-10 22:00:11 - [SUCCESS] Scaled db-6918 to 3 replicas
2025-11-10 22:00:15 - [SUCCESS] Scaled db-6918 to 6 replicas
2025-11-10 22:00:18 - [SUCCESS] Scaled db-6918 to 8 replicas
2025-11-10 22:00:20 - [SUCCESS] Scaled db-6918 to 5 replicas
2025-11-10 22:00:22 - [SUCCESS] Scaled db-8381 to 2 replicas
2025-11-10 22:00:24 - [SUCCESS] Scaled db-6918 to 2 replicas
2025-11-10 22:00:29 - [SUCCESS] Scaled api-7982 to 6 replicas
2025-11-10 22:00:40 - [SUCCESS] Scaled db-4473 to 1 replicas
2025-11-10 22:00:42 - [SUCCESS] Scaled cache-6336 to 3 replicas
2025-11-10 22:00:46 - [SUCCESS] Scaled worker-4517 to 3 replicas
2025-11-10 22:00:46 - [SUCCESS] Scaled cache-6336 to 6 replicas
2025-11-10 22:00:49 - [SUCCESS] Scaled worker-4517 to 6 replicas
2025-11-10 22:00:50 - [SUCCESS] Scaled cache-6336 to 8 replicas
2025-11-10 22:00:52 - [SUCCESS] Scaled worker-4517 to 8 replicas
2025-11-10 22:00:54 - [SUCCESS] Scaled cache-6336 to 5 replicas
2025-11-10 22:00:56 - [SUCCESS] Scaled worker-4517 to 5 replicas
2025-11-10 22:00:57 - [SUCCESS] Scaled cache-6336 to 2 replicas
2025-11-10 22:00:59 - [SUCCESS] Scaled worker-4517 to 2 replicas
2025-11-10 22:01:06 - [SUCCESS] Scaled api-7624 to 3 replicas
2025-11-10 22:01:06 - [SUCCESS] Deployed db-3212 with image mysql:latest (1 replicas)
2025-11-10 22:01:10 - [SUCCESS] Scaled api-7624 to 6 replicas
2025-11-10 22:01:11 - [SUCCESS] Deployed api-6514 with image nginx:latest (3 replicas)
2025-11-10 22:01:12 - [SUCCESS] Scaled api-7624 to 8 replicas
2025-11-10 22:01:16 - [SUCCESS] Scaled worker-7058 to 3 replicas
2025-11-10 22:01:17 - [SUCCESS] Scaled api-7624 to 5 replicas
2025-11-10 22:01:19 - [SUCCESS] Scaled api-7624 to 2 replicas
2025-11-10 22:01:20 - [SUCCESS] Scaled worker-7058 to 6 replicas
2025-11-10 22:01:22 - [SUCCESS] Scaled worker-7058 to 8 replicas
2025-11-10 22:01:26 - [SUCCESS] Scaled worker-7058 to 5 replicas
2025-11-10 22:01:28 - [SUCCESS] Scaled worker-7058 to 2 replicas
2025-11-10 22:01:37 - [SUCCESS] Scaled cache-3431 to 4 replicas
2025-11-10 22:01:43 - [SUCCESS] Scaled web-5250 to 2 replicas
2025-11-10 22:01:47 - [SUCCESS] Scaled cache-2866 to 3 replicas
2025-11-10 22:01:50 - [SUCCESS] Scaled api-5008 to 8 replicas
2025-11-10 22:01:53 - [SUCCESS] Scaled api-7107 to 3 replicas
2025-11-10 22:01:55 - [SUCCESS] Scaled api-6963 to 7 replicas
2025-11-10 22:01:56 - [SUCCESS] Scaled api-7107 to 6 replicas
2025-11-10 22:02:01 - [SUCCESS] Scaled api-7107 to 8 replicas
2025-11-10 22:02:03 - [SUCCESS] Scaled api-7107 to 5 replicas
2025-11-10 22:02:03 - [SUCCESS] Deployed api-7436 with image nginx:latest (2 replicas)
2025-11-10 22:02:05 - [SUCCESS] Scaled api-7107 to 2 replicas
2025-11-10 22:02:08 - [SUCCESS] Scaled web-7428 to 6 replicas
2025-11-10 22:02:12 - [SUCCESS] Deployed api-2786 with image nginx:latest (2 replicas)
2025-11-10 22:02:16 - [SUCCESS] Scaled web-4589 to 3 replicas
2025-11-10 22:02:19 - [SUCCESS] Scaled web-4589 to 6 replicas
2025-11-10 22:02:20 - [SUCCESS] Scaled db-3295 to 2 replicas
2025-11-10 22:02:22 - [SUCCESS] Scaled web-4589 to 8 replicas
2025-11-10 22:02:24 - [SUCCESS] Scaled web-4589 to 5 replicas
2025-11-10 22:02:26 - [SUCCESS] Scaled db-7990 to 3 replicas
2025-11-10 22:02:29 - [SUCCESS] Scaled web-4589 to 2 replicas
2025-11-10 22:02:29 - [SUCCESS] Scaled db-7990 to 6 replicas
2025-11-10 22:02:33 - [SUCCESS] Scaled db-7990 to 8 replicas
2025-11-10 22:02:36 - [SUCCESS] Scaled db-7990 to 5 replicas
2025-11-10 22:02:40 - [SUCCESS] Scaled db-7990 to 2 replicas
2025-11-10 22:02:42 - [SUCCESS] Scaled db-3292 to 1 replicas
2025-11-10 22:02:49 - [SUCCESS] Deployed worker-4009 with image redis:latest (4 replicas)
2025-11-10 22:02:51 - [SUCCESS] Scaled web-5555 to 4 replicas
2025-11-10 22:02:59 - [SUCCESS] Scaled web-1339 to 3 replicas
2025-11-10 22:03:14 - [SUCCESS] Scaled db-9810 to 2 replicas
2025-11-10 22:03:18 - [SUCCESS] Scaled worker-1465 to 1 replicas
2025-11-10 22:03:23 - [SUCCESS] Scaled api-7982 to 4 replicas
2025-11-10 22:03:29 - [SUCCESS] Scaled cache-4152 to 2 replicas
2025-11-10 22:03:31 - [SUCCESS] Deployed web-3364 with image httpd:latest (2 replicas)
2025-11-10 22:03:40 - [SUCCESS] Scaled db-2982 to 6 replicas
2025-11-10 22:03:45 - [SUCCESS] Scaled worker-6737 to 3 replicas
2025-11-10 22:03:46 - [SUCCESS] Scaled worker-2748 to 3 replicas
2025-11-10 22:03:48 - [SUCCESS] Scaled worker-6737 to 6 replicas
2025-11-10 22:03:48 - [SUCCESS] Scaled worker-2748 to 6 replicas
2025-11-10 22:03:51 - [SUCCESS] Scaled worker-6737 to 8 replicas
2025-11-10 22:03:52 - [SUCCESS] Scaled worker-2748 to 8 replicas
2025-11-10 22:03:54 - [SUCCESS] Scaled worker-2748 to 5 replicas
2025-11-10 22:03:55 - [SUCCESS] Scaled worker-6737 to 5 replicas
2025-11-10 22:03:57 - [SUCCESS] Scaled worker-2748 to 2 replicas
2025-11-10 22:03:59 - [SUCCESS] Scaled worker-6737 to 2 replicas
2025-11-10 22:04:05 - [SUCCESS] Scaled db-4331 to 4 replicas
2025-11-10 22:04:10 - [SUCCESS] Scaled db-3295 to 6 replicas
2025-11-10 22:04:19 - [SUCCESS] Scaled web-2480 to 4 replicas
2025-11-10 22:04:25 - [SUCCESS] Scaled worker-3448 to 6 replicas
2025-11-10 22:04:38 - [SUCCESS] Scaled cache-8936 to 5 replicas
2025-11-10 22:04:53 - [SUCCESS] Scaled db-6216 to 2 replicas
2025-11-10 22:04:59 - [SUCCESS] Scaled cache-5113 to 3 replicas
2025-11-10 22:05:02 - [SUCCESS] Scaled api-9058 to 2 replicas
2025-11-10 22:05:03 - [SUCCESS] Scaled cache-5113 to 6 replicas
2025-11-10 22:05:06 - [SUCCESS] Scaled cache-5113 to 8 replicas
2025-11-10 22:05:10 - [SUCCESS] Scaled cache-5113 to 5 replicas
2025-11-10 22:05:10 - [SUCCESS] Scaled web-7708 to 3 replicas
2025-11-10 22:05:14 - [SUCCESS] Scaled cache-5113 to 2 replicas
2025-11-10 22:05:15 - [SUCCESS] Scaled web-7708 to 6 replicas
2025-11-10 22:05:18 - [SUCCESS] Scaled web-7708 to 8 replicas
2025-11-10 22:05:22 - [SUCCESS] Scaled web-7708 to 5 replicas
2025-11-10 22:05:26 - [SUCCESS] Scaled web-7708 to 2 replicas
2025-11-10 22:05:29 - [SUCCESS] Scaled worker-4568 to 3 replicas
2025-11-10 22:05:32 - [SUCCESS] Scaled worker-4568 to 6 replicas
2025-11-10 22:05:34 - [SUCCESS] Scaled worker-4568 to 8 replicas
2025-11-10 22:05:36 - [SUCCESS] Scaled worker-8908 to 3 replicas
2025-11-10 22:05:37 - [SUCCESS] Scaled worker-4568 to 5 replicas
2025-11-10 22:05:39 - [SUCCESS] Scaled worker-8908 to 6 replicas
2025-11-10 22:05:41 - [SUCCESS] Scaled worker-4568 to 2 replicas
2025-11-10 22:05:43 - [SUCCESS] Scaled worker-8908 to 8 replicas
2025-11-10 22:05:46 - [SUCCESS] Scaled worker-8908 to 5 replicas
2025-11-10 22:05:48 - [SUCCESS] Scaled worker-8908 to 2 replicas
2025-11-10 22:05:50 - [SUCCESS] Deployed worker-8357 with image redis:latest (1 replicas)
2025-11-10 22:06:02 - [SUCCESS] Scaled cache-4475 to 2 replicas
2025-11-10 22:06:06 - [SUCCESS] Scaled cache-6667 to 3 replicas
2025-11-10 22:06:09 - [SUCCESS] Scaled worker-9900 to 6 replicas
2025-11-10 22:06:10 - [SUCCESS] Scaled cache-6667 to 6 replicas
2025-11-10 22:06:12 - [SUCCESS] Scaled cache-6667 to 8 replicas
2025-11-10 22:06:16 - [SUCCESS] Scaled cache-6667 to 5 replicas
2025-11-10 22:06:21 - [SUCCESS] Scaled cache-4027 to 3 replicas
2025-11-10 22:06:21 - [SUCCESS] Scaled cache-6667 to 2 replicas
2025-11-10 22:06:24 - [SUCCESS] Scaled cache-4027 to 6 replicas
2025-11-10 22:06:27 - [SUCCESS] Scaled cache-4027 to 8 replicas
2025-11-10 22:06:31 - [SUCCESS] Scaled cache-4027 to 5 replicas
2025-11-10 22:06:35 - [SUCCESS] Scaled cache-4027 to 2 replicas
2025-11-10 22:06:39 - [SUCCESS] Scaled db-5423 to 2 replicas
2025-11-10 22:06:51 - [SUCCESS] Scaled cache-4152 to 5 replicas
2025-11-10 22:07:05 - [SUCCESS] Scaled cache-5356 to 1 replicas
2025-11-10 22:07:06 - [SUCCESS] Deployed web-1127 with image httpd:latest (4 replicas)
2025-11-10 22:07:16 - [SUCCESS] Scaled worker-6358 to 1 replicas
2025-11-10 22:07:25 - [SUCCESS] Scaled db-2343 to 3 replicas
2025-11-10 22:07:30 - [SUCCESS] Scaled db-2343 to 6 replicas
2025-11-10 22:07:31 - [SUCCESS] Deployed worker-7176 with image rabbitmq:latest (4 replicas)
2025-11-10 22:07:33 - [SUCCESS] Scaled db-2343 to 8 replicas
2025-11-10 22:07:38 - [SUCCESS] Scaled db-2343 to 5 replicas
2025-11-10 22:07:39 - [SUCCESS] Scaled cache-8056 to 8 replicas
2025-11-10 22:07:41 - [SUCCESS] Scaled db-2343 to 2 replicas
2025-11-10 22:07:43 - [FAILED] Stopped application api-5008
2025-11-10 22:07:43 - [FAILED] Stopped application worker-1317
2025-11-10 22:07:43 - [FAILED] Stopped application cache-2366
2025-11-10 22:07:43 - [FAILED] Stopped application web-1146
2025-11-10 22:07:43 - [FAILED] Stopped application web-9122
2025-11-10 22:07:43 - [FAILED] Stopped application web-2086
2025-11-10 22:07:43 - [FAILED] Stopped application worker-2423
2025-11-10 22:07:43 - [FAILED] Stopped application db-5572
2025-11-10 22:07:43 - [FAILED] Stopped application worker-3969
2025-11-10 22:07:43 - [FAILED] Stopped application cache-4740
2025-11-10 22:07:43 - [FAILED] Stopped application api-2610
2025-11-10 22:07:43 - [FAILED] Stopped application cache-4350
2025-11-10 22:07:43 - [FAILED] Stopped application cache-4899
2025-11-10 22:07:43 - [FAILED] Stopped application db-3313
2025-11-10 22:07:43 - [FAILED] Stopped application cache-4153
2025-11-10 22:07:43 - [FAILED] Stopped application api-8367
2025-11-10 22:07:43 - [FAILED] Stopped application cache-3521
2025-11-10 22:07:43 - [FAILED] Stopped application db-7829
2025-11-10 22:07:43 - [FAILED] Stopped application cache-6667
2025-11-10 22:07:44 - [FAILED] Stopped application cache-8857
2025-11-10 22:07:44 - [FAILED] Stopped application worker-2494
2025-11-10 22:07:44 - [FAILED] Stopped application cache-7636
2025-11-10 22:07:44 - [FAILED] Stopped application web-9919
2025-11-10 22:07:44 - [FAILED] Stopped application db-4473
2025-11-10 22:07:44 - [FAILED] Stopped application worker-2561
2025-11-10 22:07:44 - [FAILED] Stopped application cache-6488
2025-11-10 22:07:44 - [FAILED] Stopped application cache-9359
2025-11-10 22:07:44 - [FAILED] Stopped application api-6852
2025-11-10 22:07:44 - [FAILED] Stopped application api-9601
2025-11-10 22:07:44 - [FAILED] Stopped application cache-8056
2025-11-10 22:07:44 - [FAILED] Stopped application db-3420
2025-11-10 22:07:44 - [FAILED] Stopped application worker-2748
2025-11-10 22:07:44 - [FAILED] Stopped application db-4423
2025-11-10 22:07:44 - [FAILED] Stopped application db-6918
2025-11-10 22:07:44 - [FAILED] Stopped application web-1077
2025-11-10 22:07:44 - [FAILED] Stopped application cache-5020
2025-11-10 22:07:44 - [FAILED] Stopped application cache-5056
2025-11-10 22:07:44 - [FAILED] Stopped application db-4203
2025-11-10 22:07:44 - [FAILED] Stopped application db-5433
2025-11-10 22:07:44 - [FAILED] Stopped application api-2321
2025-11-10 22:07:44 - [FAILED] Stopped application worker-6945
2025-11-10 22:07:44 - [FAILED] Stopped application db-3885
2025-11-10 22:07:44 - [FAILED] Stopped application cache-1733
2025-11-10 22:07:44 - [FAILED] Stopped application db-7729
2025-11-10 22:07:44 - [FAILED] Stopped application cache-6336
2025-11-10 22:07:44 - [FAILED] Stopped application cache-2151
2025-11-10 22:07:44 - [FAILED] Stopped application api-3800
2025-11-10 22:07:44 - [FAILED] Stopped application web-7344
2025-11-10 22:07:44 - [FAILED] Stopped application api-2057
2025-11-10 22:07:44 - [FAILED] Stopped application db-2455
2025-11-10 22:07:44 - [FAILED] Stopped application db-8501
2025-11-10 22:07:44 - [FAILED] Stopped application worker-8416
2025-11-10 22:07:44 - [FAILED] Stopped application web-7131
2025-11-10 22:07:44 - [FAILED] Stopped application db-6901
2025-11-10 22:07:44 - [FAILED] Stopped application db-9686
2025-11-10 22:07:44 - [FAILED] Stopped application web-7708
2025-11-10 22:07:44 - [FAILED] Stopped application db-3878
2025-11-10 22:07:44 - [FAILED] Stopped application cache-2178
2025-11-10 22:07:44 - [FAILED] Stopped application worker-7778
2025-11-10 22:07:44 - [SUCCESS] Scaled db-5247 to 6 replicas
2025-11-10 22:07:44 - [FAILED] Stopped application web-2480
2025-11-10 22:07:44 - [FAILED] Stopped application db-6182
2025-11-10 22:07:44 - [FAILED] Stopped application cache-6581
2025-11-10 22:07:48 - [SUCCESS] Deployed db-9711 with image mongo:latest (3 replicas)
2025-11-10 22:07:53 - [SUCCESS] Scaled web-9122 to 6 replicas
2025-11-10 22:08:08 - [SUCCESS] Scaled api-7982 to 2 replicas
2025-11-10 22:08:08 - [SUCCESS] Scaled cache-8292 to 2 replicas
2025-11-10 22:08:12 - [SUCCESS] Scaled db-9828 to 2 replicas
2025-11-10 22:08:14 - [SUCCESS] Scaled web-9671 to 6 replicas
2025-11-10 22:08:19 - [SUCCESS] Scaled db-8583 to 2 replicas
2025-11-10 22:08:24 - [SUCCESS] Deployed web-2767 with image nginx:latest (3 replicas)
2025-11-10 22:08:24 - [SUCCESS] Scaled web-5250 to 4 replicas
2025-11-10 22:08:33 - [SUCCESS] Deployed web-2502 with image httpd:latest (2 replicas)
2025-11-10 22:08:39 - [SUCCESS] Scaled api-9291 to 3 replicas
2025-11-10 22:08:42 - [SUCCESS] Scaled api-9291 to 6 replicas
2025-11-10 22:08:45 - [SUCCESS] Scaled api-9291 to 8 replicas
2025-11-10 22:08:45 - [SUCCESS] Deployed api-7894 with image httpd:latest (2 replicas)
2025-11-10 22:08:48 - [SUCCESS] Scaled api-9291 to 5 replicas
2025-11-10 22:08:53 - [SUCCESS] Scaled api-9291 to 2 replicas
2025-11-10 22:09:04 - [SUCCESS] Scaled db-9224 to 1 replicas
2025-11-10 22:09:05 - [SUCCESS] Scaled web-4834 to 4 replicas
2025-11-10 22:09:19 - [SUCCESS] Scaled db-4423 to 3 replicas
2025-11-10 22:09:28 - [SUCCESS] Scaled cache-4350 to 4 replicas
2025-11-10 22:09:34 - [SUCCESS] Scaled worker-2877 to 6 replicas
2025-11-10 22:09:43 - [SUCCESS] Scaled api-3709 to 2 replicas
2025-11-10 22:09:54 - [SUCCESS] Scaled db-4203 to 8 replicas
2025-11-10 22:09:55 - [SUCCESS] Scaled cache-1212 to 2 replicas
2025-11-10 22:10:08 - [SUCCESS] Scaled api-9789 to 5 replicas
2025-11-10 22:10:09 - [SUCCESS] Scaled db-6182 to 5 replicas
2025-11-10 22:10:14 - [SUCCESS] Scaled cache-1088 to 2 replicas
2025-11-10 22:10:15 - [SUCCESS] Scaled db-4852 to 4 replicas
2025-11-10 22:10:20 - [SUCCESS] Scaled web-2175 to 8 replicas
2025-11-10 22:10:24 - [SUCCESS] Scaled db-2680 to 1 replicas
2025-11-10 22:10:27 - [SUCCESS] Scaled db-6995 to 7 replicas
2025-11-10 22:10:34 - [SUCCESS] Scaled web-5405 to 4 replicas
2025-11-10 22:10:38 - [SUCCESS] Scaled cache-7636 to 3 replicas
2025-11-10 22:10:39 - [SUCCESS] Deployed db-4455 with image postgres:latest (4 replicas)
2025-11-10 22:10:42 - [SUCCESS] Scaled cache-7636 to 6 replicas
2025-11-10 22:10:45 - [SUCCESS] Scaled db-7409 to 3 replicas
2025-11-10 22:10:47 - [SUCCESS] Scaled cache-7636 to 8 replicas
2025-11-10 22:10:49 - [SUCCESS] Scaled db-7409 to 6 replicas
2025-11-10 22:10:49 - [SUCCESS] Scaled cache-7636 to 5 replicas
2025-11-10 22:10:51 - [SUCCESS] Scaled db-7409 to 8 replicas
2025-11-10 22:10:52 - [SUCCESS] Scaled cache-7636 to 2 replicas
2025-11-10 22:10:53 - [SUCCESS] Scaled db-7409 to 5 replicas
2025-11-10 22:10:58 - [SUCCESS] Scaled db-7409 to 2 replicas
2025-11-10 22:11:01 - [SUCCESS] Scaled web-2086 to 2 replicas
2025-11-10 22:11:05 - [SUCCESS] Deployed worker-5257 with image redis:latest (3 replicas)
2025-11-10 22:11:11 - [SUCCESS] Scaled db-3533 to 1 replicas
2025-11-10 22:11:12 - [SUCCESS] Scaled web-2175 to 6 replicas
2025-11-10 22:11:17 - [SUCCESS] Scaled cache-4079 to 3 replicas
2025-11-10 22:11:20 - [SUCCESS] Scaled cache-4079 to 6 replicas
2025-11-10 22:11:24 - [SUCCESS] Scaled cache-4079 to 8 replicas
2025-11-10 22:11:25 - [SUCCESS] Deployed cache-2709 with image redis:latest (3 replicas)
2025-11-10 22:11:28 - [SUCCESS] Scaled cache-4079 to 5 replicas
2025-11-10 22:11:30 - [SUCCESS] Scaled cache-4079 to 2 replicas
2025-11-10 22:11:32 - [SUCCESS] Scaled cache-4378 to 3 replicas
2025-11-10 22:11:37 - [SUCCESS] Scaled cache-4378 to 6 replicas
2025-11-10 22:11:39 - [SUCCESS] Scaled web-8855 to 5 replicas
2025-11-10 22:11:42 - [SUCCESS] Scaled cache-4378 to 8 replicas
2025-11-10 22:11:45 - [SUCCESS] Scaled cache-4378 to 5 replicas
2025-11-10 22:11:47 - [SUCCESS] Scaled web-5250 to 5 replicas
2025-11-10 22:11:49 - [SUCCESS] Scaled cache-4378 to 2 replicas
2025-11-10 22:11:54 - [SUCCESS] Scaled worker-7176 to 4 replicas
2025-11-10 22:11:55 - [SUCCESS] Scaled worker-1396 to 3 replicas
2025-11-10 22:12:01 - [SUCCESS] Scaled db-7829 to 8 replicas
2025-11-10 22:12:02 - [SUCCESS] Scaled cache-4378 to 3 replicas
2025-11-10 22:12:10 - [SUCCESS] Scaled api-8274 to 3 replicas
2025-11-10 22:12:15 - [SUCCESS] Scaled api-8274 to 6 replicas
2025-11-10 22:12:20 - [SUCCESS] Scaled api-8274 to 8 replicas
2025-11-10 22:12:22 - [SUCCESS] Scaled api-8274 to 5 replicas
2025-11-10 22:12:24 - [SUCCESS] Scaled api-9601 to 4 replicas
2025-11-10 22:12:26 - [SUCCESS] Scaled api-8274 to 2 replicas
2025-11-10 22:12:31 - [SUCCESS] Scaled db-5433 to 4 replicas
2025-11-10 22:12:35 - [SUCCESS] Scaled cache-3933 to 5 replicas
2025-11-10 22:12:40 - [SUCCESS] Scaled web-7049 to 5 replicas
2025-11-10 22:12:51 - [SUCCESS] Scaled cache-1490 to 5 replicas
2025-11-10 22:12:59 - [SUCCESS] Scaled cache-5056 to 2 replicas
2025-11-10 22:13:08 - [SUCCESS] Scaled web-4262 to 3 replicas
2025-11-10 22:13:10 - [SUCCESS] Scaled api-3006 to 3 replicas
2025-11-10 22:13:13 - [SUCCESS] Scaled api-3006 to 6 replicas
2025-11-10 22:13:17 - [SUCCESS] Scaled api-3006 to 8 replicas
2025-11-10 22:13:17 - [SUCCESS] Scaled db-6918 to 3 replicas
2025-11-10 22:13:19 - [SUCCESS] Scaled api-3006 to 5 replicas
2025-11-10 22:13:21 - [SUCCESS] Scaled db-6918 to 6 replicas
2025-11-10 22:13:22 - [SUCCESS] Scaled api-3006 to 2 replicas
2025-11-10 22:13:23 - [SUCCESS] Scaled db-6918 to 8 replicas
2025-11-10 22:13:26 - [SUCCESS] Scaled db-6918 to 5 replicas
2025-11-10 22:13:28 - [SUCCESS] Scaled db-6918 to 2 replicas
2025-11-10 22:13:32 - [SUCCESS] Scaled db-4735 to 5 replicas
2025-11-10 22:13:45 - [SUCCESS] Scaled db-2612 to 3 replicas
2025-11-10 22:13:50 - [SUCCESS] Scaled api-9789 to 3 replicas
2025-11-10 22:13:54 - [SUCCESS] Scaled db-1858 to 4 replicas
2025-11-10 22:13:57 - [SUCCESS] Deployed db-8363 with image mysql:latest (4 replicas)
2025-11-10 22:14:04 - [SUCCESS] Scaled web-8744 to 5 replicas
2025-11-10 22:14:04 - [SUCCESS] Scaled db-1639 to 1 replicas
2025-11-10 22:14:18 - [SUCCESS] Scaled api-5184 to 3 replicas
2025-11-10 22:14:22 - [SUCCESS] Scaled api-5184 to 6 replicas
2025-11-10 22:14:26 - [SUCCESS] Scaled api-5184 to 8 replicas
2025-11-10 22:14:28 - [SUCCESS] Scaled api-5184 to 5 replicas
2025-11-10 22:14:33 - [SUCCESS] Scaled api-5184 to 2 replicas
2025-11-10 22:14:34 - [SUCCESS] Deployed worker-2382 with image rabbitmq:latest (1 replicas)
2025-11-10 22:14:39 - [SUCCESS] Scaled web-9750 to 7 replicas
2025-11-10 22:14:48 - [SUCCESS] Scaled api-7107 to 4 replicas
2025-11-10 22:14:54 - [SUCCESS] Scaled worker-3530 to 3 replicas
2025-11-10 22:14:58 - [SUCCESS] Scaled worker-3530 to 6 replicas
2025-11-10 22:15:01 - [SUCCESS] Scaled web-5170 to 3 replicas
2025-11-10 22:15:02 - [SUCCESS] Scaled worker-3530 to 8 replicas
2025-11-10 22:15:06 - [SUCCESS] Scaled web-5170 to 6 replicas
2025-11-10 22:15:06 - [SUCCESS] Scaled worker-3530 to 5 replicas
2025-11-10 22:15:10 - [SUCCESS] Scaled web-5170 to 8 replicas
2025-11-10 22:15:11 - [SUCCESS] Scaled worker-3530 to 2 replicas
2025-11-10 22:15:15 - [SUCCESS] Scaled web-5170 to 5 replicas
2025-11-10 22:15:17 - [SUCCESS] Scaled web-5170 to 2 replicas
2025-11-10 22:15:24 - [SUCCESS] Scaled cache-4899 to 6 replicas
2025-11-10 22:15:27 - [SUCCESS] Deployed cache-6660 with image memcached:latest (2 replicas)
2025-11-10 22:15:34 - [SUCCESS] Deployed cache-9541 with image memcached:latest (1 replicas)
2025-11-10 22:15:35 - [SUCCESS] Scaled worker-3709 to 3 replicas
2025-11-10 22:15:49 - [SUCCESS] Scaled api-7206 to 4 replicas
2025-11-10 22:15:51 - [SUCCESS] Deployed db-9814 with image mongo:latest (3 replicas)
2025-11-10 22:15:59 - [SUCCESS] Scaled db-2680 to 8 replicas
2025-11-10 22:16:00 - [SUCCESS] Scaled worker-1396 to 3 replicas
2025-11-10 22:16:05 - [SUCCESS] Scaled worker-1396 to 6 replicas
2025-11-10 22:16:05 - [SUCCESS] Scaled cache-7636 to 8 replicas
2025-11-10 22:16:08 - [SUCCESS] Scaled worker-1396 to 8 replicas
2025-11-10 22:16:13 - [SUCCESS] Scaled worker-1396 to 5 replicas
2025-11-10 22:16:13 - [SUCCESS] Deployed worker-3581 with image rabbitmq:latest (1 replicas)
2025-11-10 22:16:17 - [SUCCESS] Scaled worker-1396 to 2 replicas
2025-11-10 22:16:29 - [SUCCESS] Scaled cache-3513 to 3 replicas
2025-11-10 22:16:31 - [SUCCESS] Scaled cache-4079 to 1 replicas
2025-11-10 22:16:36 - [SUCCESS] Scaled db-3533 to 4 replicas
2025-11-10 22:16:38 - [SUCCESS] Deployed web-4850 with image httpd:latest (2 replicas)
2025-11-10 22:16:43 - [SUCCESS] Scaled api-7206 to 1 replicas
2025-11-10 22:16:44 - [SUCCESS] Scaled web-7131 to 7 replicas
2025-11-10 22:16:55 - [SUCCESS] Scaled web-1536 to 4 replicas
2025-11-10 22:16:57 - [SUCCESS] Scaled worker-6002 to 3 replicas
2025-11-10 22:16:59 - [SUCCESS] Scaled worker-6002 to 6 replicas
2025-11-10 22:17:02 - [SUCCESS] Scaled db-6736 to 7 replicas
2025-11-10 22:17:02 - [SUCCESS] Scaled worker-6002 to 8 replicas
2025-11-10 22:17:07 - [SUCCESS] Scaled worker-6002 to 5 replicas
2025-11-10 22:17:09 - [SUCCESS] Scaled cache-7520 to 3 replicas
2025-11-10 22:17:10 - [SUCCESS] Scaled worker-6002 to 2 replicas
2025-11-10 22:17:13 - [SUCCESS] Scaled cache-7520 to 6 replicas
2025-11-10 22:17:17 - [SUCCESS] Scaled cache-7520 to 8 replicas
2025-11-10 22:17:19 - [SUCCESS] Scaled worker-7176 to 6 replicas
2025-11-10 22:17:21 - [SUCCESS] Scaled cache-7520 to 5 replicas
2025-11-10 22:17:26 - [SUCCESS] Scaled cache-7520 to 2 replicas
2025-11-10 22:17:33 - [SUCCESS] Scaled db-2982 to 4 replicas
2025-11-10 22:17:41 - [SUCCESS] Scaled api-3709 to 5 replicas
2025-11-10 22:17:45 - [SUCCESS] Scaled api-3006 to 4 replicas
2025-11-10 22:17:47 - [SUCCESS] Scaled web-2789 to 6 replicas
2025-11-10 22:18:01 - [SUCCESS] Scaled cache-8564 to 5 replicas
2025-11-10 22:18:14 - [SUCCESS] Scaled worker-6401 to 3 replicas
2025-11-10 22:18:15 - [SUCCESS] Scaled api-6408 to 5 replicas
2025-11-10 22:18:19 - [SUCCESS] Scaled worker-6401 to 6 replicas
2025-11-10 22:18:21 - [SUCCESS] Scaled worker-6401 to 8 replicas
2025-11-10 22:18:24 - [SUCCESS] Scaled worker-6401 to 5 replicas
2025-11-10 22:18:26 - [SUCCESS] Scaled web-2767 to 3 replicas
2025-11-10 22:18:29 - [SUCCESS] Scaled worker-6401 to 2 replicas
2025-11-10 22:18:30 - [SUCCESS] Scaled web-2767 to 6 replicas
2025-11-10 22:18:32 - [SUCCESS] Scaled web-2767 to 8 replicas
2025-11-10 22:18:36 - [SUCCESS] Scaled web-2767 to 5 replicas
2025-11-10 22:18:38 - [SUCCESS] Scaled web-2767 to 2 replicas
2025-11-10 22:18:39 - [SUCCESS] Deployed api-8144 with image httpd:latest (3 replicas)
2025-11-10 22:18:43 - [SUCCESS] Scaled cache-8857 to 2 replicas
2025-11-10 22:18:51 - [SUCCESS] Scaled db-2294 to 3 replicas
2025-11-10 22:18:55 - [SUCCESS] Scaled db-2294 to 6 replicas
2025-11-10 22:18:56 - [SUCCESS] Scaled db-5153 to 5 replicas
2025-11-10 22:18:59 - [SUCCESS] Scaled db-2294 to 8 replicas
2025-11-10 22:19:04 - [SUCCESS] Scaled db-2294 to 5 replicas
2025-11-10 22:19:07 - [SUCCESS] Scaled api-7624 to 4 replicas
2025-11-10 22:19:08 - [SUCCESS] Scaled db-2294 to 2 replicas
2025-11-10 22:19:12 - [SUCCESS] Deployed db-5288 with image mysql:latest (2 replicas)
2025-11-10 22:19:18 - [SUCCESS] Scaled worker-5988 to 4 replicas
2025-11-10 22:19:22 - [SUCCESS] Scaled web-1890 to 1 replicas
2025-11-10 22:19:25 - [SUCCESS] Scaled worker-5241 to 7 replicas
2025-11-10 22:19:32 - [SUCCESS] Scaled cache-1217 to 3 replicas
2025-11-10 22:19:33 - [SUCCESS] Scaled worker-2748 to 5 replicas
2025-11-10 22:19:36 - [SUCCESS] Scaled cache-1217 to 6 replicas
2025-11-10 22:19:38 - [SUCCESS] Scaled cache-1217 to 8 replicas
2025-11-10 22:19:42 - [SUCCESS] Scaled cache-1217 to 5 replicas
2025-11-10 22:19:45 - [SUCCESS] Scaled cache-1217 to 2 replicas
2025-11-10 22:19:47 - [SUCCESS] Scaled api-8831 to 2 replicas
2025-11-10 22:19:54 - [SUCCESS] Scaled cache-4475 to 3 replicas
2025-11-10 22:19:54 - [SUCCESS] Scaled api-6414 to 2 replicas
2025-11-10 22:19:57 - [SUCCESS] Scaled cache-4475 to 6 replicas
2025-11-10 22:19:59 - [SUCCESS] Scaled cache-4475 to 8 replicas
2025-11-10 22:20:02 - [SUCCESS] Scaled cache-4475 to 5 replicas
2025-11-10 22:20:04 - [SUCCESS] Scaled cache-4475 to 2 replicas
2025-11-10 22:20:09 - [SUCCESS] Scaled db-1551 to 3 replicas
2025-11-10 22:20:14 - [SUCCESS] Scaled cache-1212 to 3 replicas
2025-11-10 22:20:21 - [SUCCESS] Scaled web-5260 to 1 replicas
2025-11-10 22:20:28 - [SUCCESS] Scaled cache-2759 to 3 replicas
2025-11-10 22:20:33 - [SUCCESS] Scaled cache-2759 to 6 replicas
2025-11-10 22:20:35 - [SUCCESS] Deployed cache-8079 with image redis:latest (1 replicas)
2025-11-10 22:20:37 - [SUCCESS] Scaled cache-2759 to 8 replicas
2025-11-10 22:20:39 - [SUCCESS] Scaled cache-4899 to 3 replicas
2025-11-10 22:20:41 - [SUCCESS] Scaled cache-4899 to 6 replicas
2025-11-10 22:20:42 - [SUCCESS] Scaled cache-2759 to 5 replicas
2025-11-10 22:20:44 - [SUCCESS] Scaled cache-2759 to 2 replicas
2025-11-10 22:20:46 - [SUCCESS] Scaled cache-4899 to 8 replicas
2025-11-10 22:20:49 - [SUCCESS] Scaled cache-4899 to 5 replicas
2025-11-10 22:20:53 - [SUCCESS] Scaled cache-4899 to 2 replicas
2025-11-10 22:21:01 - [SUCCESS] Scaled api-6498 to 6 replicas
2025-11-10 22:21:10 - [SUCCESS] Scaled cache-4899 to 2 replicas
2025-11-10 22:21:15 - [SUCCESS] Scaled api-5184 to 7 replicas
2025-11-10 22:21:25 - [SUCCESS] Scaled db-9765 to 3 replicas
2025-11-10 22:21:28 - [SUCCESS] Scaled db-9765 to 6 replicas
2025-11-10 22:21:28 - [SUCCESS] Scaled web-8855 to 6 replicas
2025-11-10 22:21:31 - [SUCCESS] Scaled db-9765 to 8 replicas
2025-11-10 22:21:33 - [SUCCESS] Scaled db-9765 to 5 replicas
2025-11-10 22:21:36 - [SUCCESS] Scaled db-9765 to 2 replicas
2025-11-10 22:21:37 - [SUCCESS] Deployed web-6438 with image httpd:latest (3 replicas)
2025-11-10 22:21:42 - [SUCCESS] Scaled db-7011 to 2 replicas
2025-11-10 22:21:50 - [SUCCESS] Deployed cache-8465 with image redis:latest (3 replicas)
2025-11-10 22:21:50 - [SUCCESS] Scaled db-7011 to 4 replicas
2025-11-10 22:22:00 - [SUCCESS] Scaled api-3279 to 3 replicas
2025-11-10 22:22:02 - [SUCCESS] Scaled api-7107 to 3 replicas
2025-11-10 22:22:03 - [SUCCESS] Scaled api-3279 to 6 replicas
2025-11-10 22:22:05 - [SUCCESS] Scaled api-3279 to 8 replicas
2025-11-10 22:22:06 - [SUCCESS] Scaled api-7107 to 6 replicas
2025-11-10 22:22:09 - [SUCCESS] Scaled api-7107 to 8 replicas
2025-11-10 22:22:09 - [SUCCESS] Scaled api-3279 to 5 replicas
2025-11-10 22:22:13 - [SUCCESS] Scaled api-3279 to 2 replicas
2025-11-10 22:22:13 - [SUCCESS] Scaled api-7107 to 5 replicas
2025-11-10 22:22:16 - [SUCCESS] Scaled api-7107 to 2 replicas
2025-11-10 22:22:23 - [SUCCESS] Scaled cache-4453 to 4 replicas
2025-11-10 22:22:32 - [SUCCESS] Scaled worker-6565 to 2 replicas
2025-11-10 22:22:38 - [SUCCESS] Scaled web-4081 to 3 replicas
2025-11-10 22:22:41 - [SUCCESS] Scaled cache-7028 to 3 replicas
2025-11-10 22:22:42 - [SUCCESS] Deployed worker-8464 with image rabbitmq:latest (2 replicas)
2025-11-10 22:22:44 - [SUCCESS] Scaled cache-7028 to 6 replicas
2025-11-10 22:22:47 - [SUCCESS] Scaled cache-7028 to 8 replicas
2025-11-10 22:22:51 - [SUCCESS] Scaled cache-7028 to 5 replicas
2025-11-10 22:22:52 - [SUCCESS] Scaled db-8583 to 8 replicas
2025-11-10 22:22:55 - [SUCCESS] Scaled cache-7028 to 2 replicas
2025-11-10 22:22:56 - [SUCCESS] Deployed worker-3853 with image redis:latest (2 replicas)
2025-11-10 22:23:04 - [SUCCESS] Scaled api-3006 to 3 replicas
2025-11-10 22:23:09 - [SUCCESS] Scaled api-3006 to 6 replicas
2025-11-10 22:23:12 - [SUCCESS] Scaled worker-2423 to 6 replicas
2025-11-10 22:23:14 - [SUCCESS] Scaled api-3006 to 8 replicas
2025-11-10 22:23:16 - [SUCCESS] Scaled api-4510 to 4 replicas
2025-11-10 22:23:18 - [SUCCESS] Scaled api-3006 to 5 replicas
2025-11-10 22:23:22 - [SUCCESS] Scaled api-3006 to 2 replicas
2025-11-10 22:23:24 - [SUCCESS] Scaled web-6810 to 4 replicas
2025-11-10 22:23:27 - [SUCCESS] Scaled web-8113 to 7 replicas
2025-11-10 22:23:34 - [SUCCESS] Scaled db-3001 to 2 replicas
2025-11-10 22:23:41 - [SUCCESS] Scaled web-1419 to 6 replicas
2025-11-10 22:23:48 - [SUCCESS] Scaled cache-5113 to 4 replicas
2025-11-10 22:23:56 - [SUCCESS] Scaled worker-1972 to 6 replicas
2025-11-10 22:23:57 - [SUCCESS] Scaled worker-6565 to 1 replicas
2025-11-10 22:24:03 - [SUCCESS] Scaled api-2786 to 6 replicas
2025-11-10 22:24:14 - [SUCCESS] Deployed api-7586 with image nginx:latest (2 replicas)
2025-11-10 22:24:14 - [SUCCESS] Scaled api-7586 to 3 replicas
2025-11-10 22:24:17 - [SUCCESS] Scaled api-7586 to 6 replicas
2025-11-10 22:24:18 - [SUCCESS] Scaled web-2480 to 3 replicas
2025-11-10 22:24:20 - [SUCCESS] Scaled api-7586 to 8 replicas
2025-11-10 22:24:22 - [SUCCESS] Scaled web-2480 to 6 replicas
2025-11-10 22:24:25 - [SUCCESS] Scaled api-7586 to 5 replicas
2025-11-10 22:24:27 - [SUCCESS] Scaled web-2480 to 8 replicas
2025-11-10 22:24:29 - [SUCCESS] Scaled api-7586 to 2 replicas
2025-11-10 22:24:31 - [SUCCESS] Scaled web-2480 to 5 replicas
2025-11-10 22:24:36 - [SUCCESS] Scaled web-2480 to 2 replicas
2025-11-10 22:24:38 - [SUCCESS] Scaled api-2574 to 5 replicas
2025-11-10 22:24:47 - [SUCCESS] Scaled web-4805 to 1 replicas
2025-11-10 22:24:54 - [SUCCESS] Scaled worker-1840 to 3 replicas
2025-11-10 22:24:58 - [SUCCESS] Scaled worker-1840 to 6 replicas
2025-11-10 22:25:00 - [SUCCESS] Scaled worker-1840 to 8 replicas
2025-11-10 22:25:01 - [SUCCESS] Deployed worker-3667 with image redis:latest (2 replicas)
2025-11-10 22:25:03 - [SUCCESS] Scaled worker-1840 to 5 replicas
2025-11-10 22:25:05 - [SUCCESS] Scaled db-4331 to 8 replicas
2025-11-10 22:25:06 - [SUCCESS] Scaled worker-1840 to 2 replicas
2025-11-10 22:25:16 - [SUCCESS] Scaled api-3371 to 8 replicas
2025-11-10 22:25:18 - [SUCCESS] Scaled web-8102 to 3 replicas
2025-11-10 22:25:22 - [SUCCESS] Scaled web-8102 to 6 replicas
2025-11-10 22:25:22 - [SUCCESS] Deployed api-1778 with image nginx:latest (4 replicas)
2025-11-10 22:25:24 - [SUCCESS] Scaled web-8102 to 8 replicas
2025-11-10 22:25:29 - [SUCCESS] Scaled web-8102 to 5 replicas
2025-11-10 22:25:30 - [SUCCESS] Scaled web-5134 to 5 replicas
2025-11-10 22:25:31 - [SUCCESS] Scaled web-8102 to 2 replicas
2025-11-10 22:25:36 - [SUCCESS] Scaled web-7131 to 7 replicas
2025-11-10 22:25:49 - [SUCCESS] Scaled cache-2183 to 6 replicas
2025-11-10 22:25:50 - [SUCCESS] Scaled worker-8615 to 7 replicas
2025-11-10 22:25:54 - [SUCCESS] Scaled worker-5813 to 4 replicas
2025-11-10 22:25:55 - [SUCCESS] Scaled worker-7824 to 3 replicas
2025-11-10 22:25:59 - [SUCCESS] Scaled worker-7824 to 6 replicas
2025-11-10 22:26:02 - [SUCCESS] Scaled worker-7824 to 8 replicas
2025-11-10 22:26:07 - [SUCCESS] Scaled worker-7824 to 5 replicas
2025-11-10 22:26:10 - [SUCCESS] Scaled worker-7824 to 2 replicas
2025-11-10 22:26:10 - [SUCCESS] Scaled api-7436 to 3 replicas
2025-11-10 22:26:13 - [SUCCESS] Scaled api-7436 to 6 replicas
2025-11-10 22:26:17 - [SUCCESS] Scaled api-7436 to 8 replicas
2025-11-10 22:26:20 - [SUCCESS] Scaled api-7436 to 5 replicas
2025-11-10 22:26:22 - [SUCCESS] Scaled api-7436 to 2 replicas
2025-11-10 22:26:25 - [SUCCESS] Scaled api-2057 to 3 replicas
2025-11-10 22:26:29 - [SUCCESS] Scaled api-2057 to 6 replicas
2025-11-10 22:26:32 - [SUCCESS] Scaled api-2057 to 8 replicas
2025-11-10 22:26:37 - [SUCCESS] Deployed cache-1656 with image memcached:latest (2 replicas)
2025-11-10 22:26:37 - [SUCCESS] Scaled api-2057 to 5 replicas
2025-11-10 22:26:42 - [SUCCESS] Deployed worker-3451 with image rabbitmq:latest (2 replicas)
2025-11-10 22:26:42 - [SUCCESS] Scaled api-2057 to 2 replicas
2025-11-10 22:26:48 - [SUCCESS] Scaled cache-2101 to 3 replicas
2025-11-10 22:26:51 - [SUCCESS] Scaled cache-2101 to 6 replicas
2025-11-10 22:26:54 - [SUCCESS] Scaled cache-2101 to 8 replicas
2025-11-10 22:26:57 - [SUCCESS] Scaled cache-2101 to 5 replicas
2025-11-10 22:26:58 - [SUCCESS] Scaled api-2393 to 3 replicas
2025-11-10 22:27:02 - [SUCCESS] Scaled cache-2101 to 2 replicas
2025-11-10 22:27:13 - [SUCCESS] Scaled api-7158 to 6 replicas
2025-11-10 22:27:25 - [SUCCESS] Scaled web-8738 to 6 replicas
2025-11-10 22:27:28 - [SUCCESS] Scaled worker-8836 to 8 replicas
2025-11-10 22:27:38 - [SUCCESS] Scaled web-1536 to 3 replicas
2025-11-10 22:27:41 - [SUCCESS] Scaled db-3787 to 2 replicas
2025-11-10 22:27:41 - [SUCCESS] Scaled web-1536 to 6 replicas
2025-11-10 22:27:43 - [SUCCESS] Scaled web-1536 to 8 replicas
2025-11-10 22:27:46 - [SUCCESS] Scaled web-1536 to 5 replicas
2025-11-10 22:27:48 - [SUCCESS] Scaled web-1339 to 5 replicas
2025-11-10 22:27:50 - [SUCCESS] Scaled web-1536 to 2 replicas
2025-11-10 22:28:02 - [SUCCESS] Scaled cache-4027 to 8 replicas
2025-11-10 22:28:03 - [SUCCESS] Scaled api-3511 to 3 replicas
2025-11-10 22:28:06 - [SUCCESS] Scaled api-3511 to 6 replicas
2025-11-10 22:28:09 - [SUCCESS] Scaled db-3295 to 5 replicas
2025-11-10 22:28:09 - [SUCCESS] Scaled api-3511 to 8 replicas
2025-11-10 22:28:12 - [SUCCESS] Scaled api-3511 to 5 replicas
2025-11-10 22:28:17 - [SUCCESS] Scaled db-8381 to 5 replicas
2025-11-10 22:28:17 - [SUCCESS] Scaled api-3511 to 2 replicas
2025-11-10 22:28:22 - [SUCCESS] Scaled db-5343 to 3 replicas
2025-11-10 22:28:27 - [SUCCESS] Scaled worker-4763 to 4 replicas
2025-11-10 22:28:33 - [SUCCESS] Deployed web-7813 with image httpd:latest (3 replicas)
2025-11-10 22:28:36 - [SUCCESS] Scaled cache-8027 to 3 replicas
2025-11-10 22:28:38 - [SUCCESS] Scaled cache-8027 to 6 replicas
2025-11-10 22:28:41 - [SUCCESS] Scaled cache-8027 to 8 replicas
2025-11-10 22:28:41 - [SUCCESS] Scaled worker-4009 to 7 replicas
2025-11-10 22:28:44 - [SUCCESS] Scaled cache-8027 to 5 replicas
2025-11-10 22:28:47 - [SUCCESS] Scaled cache-8027 to 2 replicas
2025-11-10 22:29:05 - [SUCCESS] Scaled worker-7778 to 6 replicas
2025-11-10 22:29:06 - [SUCCESS] Scaled db-4936 to 3 replicas
2025-11-10 22:29:09 - [SUCCESS] Scaled db-4936 to 6 replicas
2025-11-10 22:29:13 - [SUCCESS] Scaled db-4936 to 8 replicas
2025-11-10 22:29:16 - [SUCCESS] Scaled db-4936 to 5 replicas
2025-11-10 22:29:17 - [SUCCESS] Deployed api-2373 with image nginx:latest (1 replicas)
2025-11-10 22:29:19 - [SUCCESS] Scaled db-4936 to 2 replicas
2025-11-10 22:29:24 - [SUCCESS] Scaled worker-6358 to 7 replicas
2025-11-10 22:29:31 - [SUCCESS] Deployed cache-1767 with image redis:latest (2 replicas)
2025-11-10 22:29:32 - [SUCCESS] Scaled worker-4568 to 5 replicas
2025-11-10 22:29:37 - [SUCCESS] Deployed api-7064 with image nginx:latest (2 replicas)
2025-11-10 22:29:41 - [SUCCESS] Scaled db-2294 to 2 replicas
2025-11-10 22:29:46 - [SUCCESS] Scaled worker-7176 to 2 replicas
2025-11-10 22:29:52 - [SUCCESS] Scaled api-3486 to 5 replicas
2025-11-10 22:29:58 - [SUCCESS] Deployed cache-3415 with image redis:latest (3 replicas)
2025-11-10 22:30:00 - [SUCCESS] Scaled db-2294 to 4 replicas
2025-11-10 22:30:06 - [SUCCESS] Scaled cache-4350 to 2 replicas
2025-11-10 22:30:07 - [SUCCESS] Scaled api-4074 to 3 replicas
2025-11-10 22:30:17 - [SUCCESS] Deployed web-5515 with image httpd:latest (2 replicas)
2025-11-10 22:30:21 - [SUCCESS] Scaled api-2610 to 5 replicas
2025-11-10 22:30:32 - [SUCCESS] Scaled cache-1490 to 6 replicas
2025-11-10 22:30:40 - [SUCCESS] Scaled db-5084 to 5 replicas
2025-11-10 22:30:43 - [SUCCESS] Scaled cache-2366 to 3 replicas
2025-11-10 22:30:44 - [SUCCESS] Scaled cache-3988 to 8 replicas
2025-11-10 22:30:47 - [SUCCESS] Scaled cache-2366 to 6 replicas
2025-11-10 22:30:50 - [SUCCESS] Scaled cache-2366 to 8 replicas
2025-11-10 22:30:53 - [SUCCESS] Scaled db-8806 to 1 replicas
2025-11-10 22:30:53 - [SUCCESS] Scaled cache-2366 to 5 replicas
2025-11-10 22:30:57 - [SUCCESS] Scaled cache-2366 to 2 replicas
2025-11-10 22:31:01 - [SUCCESS] Deployed worker-7620 with image rabbitmq:latest (2 replicas)
2025-11-10 22:31:06 - [SUCCESS] Scaled db-1639 to 2 replicas
2025-11-10 22:31:10 - [SUCCESS] Deployed cache-1677 with image memcached:latest (4 replicas)
2025-11-10 22:31:12 - [SUCCESS] Scaled cache-8056 to 2 replicas
2025-11-10 22:31:26 - [SUCCESS] Deployed api-4858 with image nginx:latest (4 replicas)
2025-11-10 22:31:27 - [SUCCESS] Scaled db-3295 to 3 replicas
2025-11-10 22:31:30 - [SUCCESS] Scaled db-3295 to 6 replicas
2025-11-10 22:31:35 - [SUCCESS] Scaled db-3295 to 8 replicas
2025-11-10 22:31:36 - [SUCCESS] Deployed cache-9649 with image memcached:latest (3 replicas)
2025-11-10 22:31:37 - [SUCCESS] Scaled db-3295 to 5 replicas
2025-11-10 22:31:40 - [SUCCESS] Deployed cache-1087 with image redis:latest (2 replicas)
2025-11-10 22:31:41 - [SUCCESS] Scaled db-3295 to 2 replicas
2025-11-10 22:31:44 - [SUCCESS] Deployed web-2200 with image httpd:latest (3 replicas)
2025-11-10 22:31:52 - [SUCCESS] Scaled cache-4153 to 3 replicas
2025-11-10 22:31:56 - [SUCCESS] Scaled cache-4153 to 6 replicas
2025-11-10 22:31:58 - [SUCCESS] Scaled cache-4153 to 8 replicas
2025-11-10 22:32:01 - [SUCCESS] Scaled cache-4153 to 5 replicas
2025-11-10 22:32:05 - [SUCCESS] Scaled cache-4153 to 2 replicas
2025-11-10 22:32:06 - [SUCCESS] Deployed cache-8220 with image redis:latest (3 replicas)
2025-11-10 22:32:15 - [SUCCESS] Scaled web-6992 to 3 replicas
2025-11-10 22:32:19 - [SUCCESS] Scaled web-6992 to 6 replicas
2025-11-10 22:32:21 - [SUCCESS] Scaled web-6992 to 8 replicas
2025-11-10 22:32:25 - [SUCCESS] Scaled db-7729 to 3 replicas
2025-11-10 22:32:25 - [SUCCESS] Scaled web-6992 to 5 replicas
2025-11-10 22:32:28 - [SUCCESS] Scaled db-7729 to 6 replicas
2025-11-10 22:32:30 - [SUCCESS] Scaled web-6992 to 2 replicas
2025-11-10 22:32:33 - [SUCCESS] Scaled db-7729 to 8 replicas
2025-11-10 22:32:36 - [SUCCESS] Scaled db-7729 to 5 replicas
2025-11-10 22:32:39 - [SUCCESS] Scaled db-7729 to 2 replicas
2025-11-10 22:32:42 - [SUCCESS] Scaled api-9671 to 4 replicas
2025-11-10 22:32:48 - [SUCCESS] Scaled db-2680 to 7 replicas
2025-11-10 22:32:54 - [SUCCESS] Scaled api-7436 to 1 replicas
2025-11-10 22:32:55 - [SUCCESS] Scaled cache-1212 to 3 replicas
2025-11-10 22:33:00 - [SUCCESS] Scaled api-9209 to 8 replicas
2025-11-10 22:33:05 - [SUCCESS] Scaled cache-6998 to 3 replicas
2025-11-10 22:33:09 - [SUCCESS] Scaled cache-6998 to 6 replicas
2025-11-10 22:33:13 - [SUCCESS] Deployed cache-7048 with image redis:latest (2 replicas)
2025-11-10 22:33:14 - [SUCCESS] Scaled cache-6998 to 8 replicas
2025-11-10 22:33:17 - [SUCCESS] Scaled cache-6998 to 5 replicas
2025-11-10 22:33:20 - [SUCCESS] Scaled worker-5257 to 6 replicas
2025-11-10 22:33:21 - [SUCCESS] Scaled cache-6998 to 2 replicas
2025-11-10 22:33:26 - [SUCCESS] Scaled db-9765 to 3 replicas
2025-11-10 22:33:30 - [SUCCESS] Scaled db-9765 to 6 replicas
2025-11-10 22:33:33 - [SUCCESS] Scaled db-9765 to 8 replicas
2025-11-10 22:33:37 - [SUCCESS] Scaled db-9765 to 5 replicas
2025-11-10 22:33:37 - [SUCCESS] Scaled db-3533 to 2 replicas
2025-11-10 22:33:40 - [SUCCESS] Scaled db-9765 to 2 replicas
2025-11-10 22:33:50 - [SUCCESS] Scaled web-3481 to 3 replicas
2025-11-10 22:33:51 - [SUCCESS] Deployed cache-3929 with image memcached:latest (2 replicas)
2025-11-10 22:33:59 - [SUCCESS] Scaled cache-3929 to 3 replicas
2025-11-10 22:34:12 - [SUCCESS] Scaled worker-5813 to 3 replicas
2025-11-10 22:34:14 - [SUCCESS] Scaled worker-5813 to 6 replicas
2025-11-10 22:34:19 - [SUCCESS] Scaled worker-5813 to 8 replicas
2025-11-10 22:34:23 - [SUCCESS] Scaled worker-3853 to 3 replicas
2025-11-10 22:34:23 - [SUCCESS] Scaled worker-5813 to 5 replicas
2025-11-10 22:34:27 - [SUCCESS] Scaled worker-5813 to 2 replicas
2025-11-10 22:34:27 - [SUCCESS] Scaled worker-3853 to 6 replicas
2025-11-10 22:34:30 - [SUCCESS] Scaled worker-3853 to 8 replicas
2025-11-10 22:34:34 - [SUCCESS] Scaled worker-3853 to 5 replicas
2025-11-10 22:34:37 - [SUCCESS] Scaled web-1890 to 1 replicas
2025-11-10 22:34:37 - [SUCCESS] Scaled worker-3853 to 2 replicas
2025-11-10 22:34:43 - [SUCCESS] Scaled db-5702 to 6 replicas
2025-11-10 22:34:50 - [SUCCESS] Scaled api-5184 to 7 replicas
2025-11-10 22:34:54 - [SUCCESS] Scaled worker-2471 to 3 replicas
2025-11-10 22:34:57 - [SUCCESS] Scaled worker-2471 to 6 replicas
2025-11-10 22:35:01 - [SUCCESS] Scaled worker-2471 to 8 replicas
2025-11-10 22:35:04 - [SUCCESS] Scaled worker-2471 to 5 replicas
2025-11-10 22:35:09 - [SUCCESS] Scaled worker-2471 to 2 replicas
2025-11-10 22:35:20 - [SUCCESS] Scaled web-2274 to 1 replicas
2025-11-10 22:35:32 - [SUCCESS] Scaled web-5250 to 3 replicas
2025-11-10 22:35:33 - [SUCCESS] Scaled api-7201 to 2 replicas
2025-11-10 22:35:37 - [SUCCESS] Scaled web-5250 to 6 replicas
2025-11-10 22:35:39 - [SUCCESS] Scaled web-5250 to 8 replicas
2025-11-10 22:35:42 - [SUCCESS] Deployed web-1555 with image nginx:latest (1 replicas)
2025-11-10 22:35:43 - [SUCCESS] Scaled web-5250 to 5 replicas
2025-11-10 22:35:47 - [SUCCESS] Scaled web-5250 to 2 replicas
2025-11-10 22:35:48 - [SUCCESS] Scaled db-7990 to 3 replicas
2025-11-10 22:35:51 - [SUCCESS] Scaled db-7990 to 6 replicas
2025-11-10 22:35:54 - [SUCCESS] Scaled db-7990 to 8 replicas
2025-11-10 22:35:57 - [SUCCESS] Scaled db-7990 to 5 replicas
2025-11-10 22:35:59 - [SUCCESS] Scaled db-7990 to 2 replicas
2025-11-10 22:35:59 - [SUCCESS] Scaled worker-3709 to 3 replicas
2025-11-10 22:36:12 - [SUCCESS] Scaled api-8062 to 5 replicas
2025-11-10 22:36:14 - [SUCCESS] Scaled cache-1677 to 3 replicas
2025-11-10 22:36:18 - [SUCCESS] Scaled cache-1677 to 6 replicas
2025-11-10 22:36:21 - [SUCCESS] Scaled web-2200 to 3 replicas
2025-11-10 22:36:22 - [SUCCESS] Scaled cache-1677 to 8 replicas
2025-11-10 22:36:24 - [SUCCESS] Scaled web-2200 to 6 replicas
2025-11-10 22:36:25 - [SUCCESS] Scaled cache-1677 to 5 replicas
2025-11-10 22:36:27 - [SUCCESS] Scaled web-2200 to 8 replicas
2025-11-10 22:36:28 - [SUCCESS] Scaled cache-1677 to 2 replicas
2025-11-10 22:36:29 - [SUCCESS] Scaled web-2200 to 5 replicas
2025-11-10 22:36:32 - [SUCCESS] Scaled web-2200 to 2 replicas
2025-11-10 22:36:49 - [SUCCESS] Scaled web-6501 to 5 replicas
2025-11-10 22:36:56 - [SUCCESS] Scaled db-3212 to 3 replicas
2025-11-10 22:36:59 - [SUCCESS] Scaled web-1536 to 8 replicas
2025-11-10 22:37:03 - [SUCCESS] Scaled api-8274 to 3 replicas
2025-11-10 22:37:08 - [SUCCESS] Scaled api-1839 to 5 replicas
2025-11-10 22:37:18 - [SUCCESS] Scaled web-5424 to 5 replicas
2025-11-10 22:37:18 - [SUCCESS] Scaled api-6498 to 4 replicas
2025-11-10 22:37:31 - [SUCCESS] Scaled api-6738 to 3 replicas
2025-11-10 22:37:31 - [SUCCESS] Scaled cache-3933 to 3 replicas
2025-11-10 22:37:36 - [SUCCESS] Scaled api-6738 to 6 replicas
2025-11-10 22:37:38 - [SUCCESS] Scaled api-6738 to 8 replicas
2025-11-10 22:37:39 - [SUCCESS] Scaled api-6963 to 3 replicas
2025-11-10 22:37:41 - [SUCCESS] Scaled api-6738 to 5 replicas
2025-11-10 22:37:45 - [FAILED] Stopped application api-5008
2025-11-10 22:37:45 - [FAILED] Stopped application db-5423
2025-11-10 22:37:45 - [SUCCESS] Scaled api-6738 to 2 replicas
2025-11-10 22:37:45 - [FAILED] Stopped application worker-1317
2025-11-10 22:37:45 - [FAILED] Stopped application cache-2366
2025-11-10 22:37:45 - [FAILED] Stopped application db-3001
2025-11-10 22:37:45 - [FAILED] Stopped application db-3774
2025-11-10 22:37:45 - [FAILED] Stopped application db-2680
2025-11-10 22:37:45 - [FAILED] Stopped application cache-7520
2025-11-10 22:37:45 - [FAILED] Stopped application worker-2877
2025-11-10 22:37:45 - [FAILED] Stopped application api-2574
2025-11-10 22:37:45 - [FAILED] Stopped application web-2086
2025-11-10 22:37:45 - [FAILED] Stopped application api-9209
2025-11-10 22:37:45 - [FAILED] Stopped application worker-3511
2025-11-10 22:37:45 - [FAILED] Stopped application worker-7146
2025-11-10 22:37:45 - [FAILED] Stopped application worker-3969
2025-11-10 22:37:45 - [FAILED] Stopped application api-6328
2025-11-10 22:37:45 - [FAILED] Stopped application db-9224
2025-11-10 22:37:45 - [FAILED] Stopped application cache-4350
2025-11-10 22:37:45 - [FAILED] Stopped application api-7201
2025-11-10 22:37:46 - [FAILED] Stopped application cache-6667
2025-11-10 22:37:46 - [FAILED] Stopped application db-9961
2025-11-10 22:37:46 - [FAILED] Stopped application api-2192
2025-11-10 22:37:46 - [FAILED] Stopped application cache-8857
2025-11-10 22:37:46 - [FAILED] Stopped application web-3516
2025-11-10 22:37:46 - [FAILED] Stopped application worker-4804
2025-11-10 22:37:46 - [FAILED] Stopped application db-7409
2025-11-10 22:37:46 - [FAILED] Stopped application worker-3448
2025-11-10 22:37:46 - [FAILED] Stopped application db-6918
2025-11-10 22:37:46 - [FAILED] Stopped application web-1077
2025-11-10 22:37:46 - [FAILED] Stopped application web-4371
2025-11-10 22:37:46 - [FAILED] Stopped application web-3077
2025-11-10 22:37:46 - [FAILED] Stopped application cache-5056
2025-11-10 22:37:46 - [FAILED] Stopped application db-4203
2025-11-10 22:37:46 - [FAILED] Stopped application db-8583
2025-11-10 22:37:46 - [FAILED] Stopped application worker-5780
2025-11-10 22:37:46 - [FAILED] Stopped application web-5911
2025-11-10 22:37:46 - [FAILED] Stopped application worker-3938
2025-11-10 22:37:46 - [FAILED] Stopped application worker-3459
2025-11-10 22:37:46 - [FAILED] Stopped application worker-4517
2025-11-10 22:37:46 - [FAILED] Stopped application api-7628
2025-11-10 22:37:46 - [FAILED] Stopped application web-1536
2025-11-10 22:37:46 - [FAILED] Stopped application web-5424
2025-11-10 22:37:46 - [FAILED] Stopped application worker-5088
2025-11-10 22:37:46 - [FAILED] Stopped application db-9810
2025-11-10 22:37:46 - [FAILED] Stopped application cache-2387
2025-11-10 22:37:46 - [FAILED] Stopped application cache-2151
2025-11-10 22:37:46 - [FAILED] Stopped application api-3800
2025-11-10 22:37:46 - [FAILED] Stopped application api-3486
2025-11-10 22:37:46 - [FAILED] Stopped application api-3245
2025-11-10 22:37:46 - [FAILED] Stopped application cache-8172
2025-11-10 22:37:46 - [FAILED] Stopped application worker-8908
2025-11-10 22:37:46 - [FAILED] Stopped application web-7344
2025-11-10 22:37:46 - [FAILED] Stopped application cache-3933
2025-11-10 22:37:46 - [FAILED] Stopped application db-3282
2025-11-10 22:37:46 - [FAILED] Stopped application web-9396
2025-11-10 22:37:46 - [FAILED] Stopped application db-8367
2025-11-10 22:37:46 - [FAILED] Stopped application worker-5796
2025-11-10 22:37:46 - [FAILED] Stopped application db-8501
2025-11-10 22:37:46 - [FAILED] Stopped application db-6928
2025-11-10 22:37:46 - [FAILED] Stopped application api-6738
2025-11-10 22:37:46 - [FAILED] Stopped application worker-2616
2025-11-10 22:37:46 - [FAILED] Stopped application db-9828
2025-11-10 22:37:46 - [FAILED] Stopped application web-7131
2025-11-10 22:37:47 - [FAILED] Stopped application worker-1000
2025-11-10 22:37:47 - [FAILED] Stopped application api-8205
2025-11-10 22:37:47 - [FAILED] Stopped application web-1339
2025-11-10 22:37:47 - [FAILED] Stopped application cache-7785
2025-11-10 22:37:47 - [FAILED] Stopped application worker-3539
2025-11-10 22:37:47 - [FAILED] Stopped application db-3859
2025-11-10 22:37:47 - [FAILED] Stopped application cache-6819
2025-11-10 22:37:47 - [FAILED] Stopped application cache-8564
2025-11-10 22:37:47 - [FAILED] Stopped application cache-5597
2025-11-10 22:37:47 - [FAILED] Stopped application web-6992
2025-11-10 22:37:47 - [FAILED] Stopped application db-6995
2025-11-10 22:37:47 - [FAILED] Stopped application db-7011
2025-11-10 22:37:47 - [FAILED] Stopped application db-4650
2025-11-10 22:37:47 - [FAILED] Stopped application db-9018
2025-11-10 22:37:47 - [FAILED] Stopped application db-7555
2025-11-10 22:37:47 - [FAILED] Stopped application worker-6737
2025-11-10 22:37:47 - [FAILED] Stopped application api-7107
2025-11-10 22:37:47 - [FAILED] Stopped application api-8695
2025-11-10 22:37:47 - [FAILED] Stopped application web-7428
2025-11-10 22:37:47 - [FAILED] Stopped application db-9822
2025-11-10 22:37:47 - [FAILED] Stopped application web-2988
2025-11-10 22:37:47 - [FAILED] Stopped application worker-1280
2025-11-10 22:37:53 - [SUCCESS] Deployed cache-1770 with image memcached:latest (2 replicas)
2025-11-10 22:37:55 - [SUCCESS] Scaled worker-7023 to 2 replicas
2025-11-10 22:38:01 - [SUCCESS] Scaled db-2455 to 4 replicas
2025-11-10 22:38:09 - [SUCCESS] Scaled api-8865 to 3 replicas
2025-11-10 22:38:10 - [SUCCESS] Scaled db-3597 to 4 replicas
2025-11-10 22:38:13 - [SUCCESS] Scaled api-8865 to 6 replicas
2025-11-10 22:38:16 - [SUCCESS] Scaled api-8865 to 8 replicas
2025-11-10 22:38:19 - [SUCCESS] Scaled api-8865 to 5 replicas
2025-11-10 22:38:22 - [SUCCESS] Scaled api-8865 to 2 replicas
2025-11-10 22:38:38 - [SUCCESS] Scaled worker-3451 to 6 replicas
2025-11-10 22:38:44 - [SUCCESS] Scaled db-9686 to 3 replicas
2025-11-10 22:38:46 - [SUCCESS] Scaled db-9686 to 6 replicas
2025-11-10 22:38:47 - [SUCCESS] Deployed web-4834 with image httpd:latest (1 replicas)
2025-11-10 22:38:48 - [SUCCESS] Scaled db-9686 to 8 replicas
2025-11-10 22:38:52 - [SUCCESS] Scaled db-9686 to 5 replicas
2025-11-10 22:38:56 - [SUCCESS] Scaled db-9686 to 2 replicas
2025-11-10 22:38:59 - [SUCCESS] Scaled web-5056 to 3 replicas
2025-11-10 22:39:04 - [SUCCESS] Scaled web-5056 to 6 replicas
2025-11-10 22:39:06 - [SUCCESS] Scaled web-5056 to 8 replicas
2025-11-10 22:39:08 - [SUCCESS] Scaled api-1839 to 6 replicas
2025-11-10 22:39:10 - [SUCCESS] Scaled web-5056 to 5 replicas
2025-11-10 22:39:12 - [SUCCESS] Scaled web-5056 to 2 replicas
2025-11-10 22:39:17 - [SUCCESS] Scaled api-7283 to 6 replicas
2025-11-10 22:39:26 - [SUCCESS] Scaled api-8865 to 3 replicas
2025-11-10 22:39:29 - [SUCCESS] Scaled api-8865 to 6 replicas
2025-11-10 22:39:31 - [SUCCESS] Scaled api-7639 to 2 replicas
2025-11-10 22:39:33 - [SUCCESS] Scaled api-8865 to 8 replicas
2025-11-10 22:39:36 - [SUCCESS] Scaled api-8865 to 5 replicas
2025-11-10 22:39:41 - [SUCCESS] Scaled api-8865 to 2 replicas
2025-11-10 22:39:43 - [SUCCESS] Scaled api-6169 to 3 replicas
2025-11-10 22:39:46 - [SUCCESS] Scaled api-6169 to 6 replicas
2025-11-10 22:39:48 - [SUCCESS] Deployed worker-7929 with image rabbitmq:latest (4 replicas)
2025-11-10 22:39:51 - [SUCCESS] Scaled api-6169 to 8 replicas
2025-11-10 22:39:55 - [SUCCESS] Scaled api-6169 to 5 replicas
2025-11-10 22:39:56 - [SUCCESS] Scaled cache-4484 to 3 replicas
2025-11-10 22:39:57 - [SUCCESS] Scaled api-6169 to 2 replicas
2025-11-10 22:40:01 - [SUCCESS] Scaled cache-4484 to 6 replicas
2025-11-10 22:40:03 - [SUCCESS] Scaled cache-4484 to 8 replicas
2025-11-10 22:40:06 - [SUCCESS] Scaled cache-4484 to 5 replicas
2025-11-10 22:40:09 - [SUCCESS] Scaled cache-4484 to 2 replicas
2025-11-10 22:40:14 - [SUCCESS] Scaled api-4510 to 2 replicas
2025-11-10 22:40:19 - [SUCCESS] Scaled db-7409 to 6 replicas
2025-11-10 22:40:22 - [SUCCESS] Scaled db-7555 to 3 replicas
2025-11-10 22:40:24 - [SUCCESS] Scaled db-7555 to 6 replicas
2025-11-10 22:40:26 - [SUCCESS] Scaled db-7555 to 8 replicas
2025-11-10 22:40:29 - [SUCCESS] Scaled db-7555 to 5 replicas
2025-11-10 22:40:33 - [SUCCESS] Scaled api-8875 to 3 replicas
2025-11-10 22:40:33 - [SUCCESS] Scaled db-7555 to 2 replicas
2025-11-10 22:40:36 - [SUCCESS] Scaled api-8875 to 6 replicas
2025-11-10 22:40:41 - [SUCCESS] Scaled api-8875 to 8 replicas
2025-11-10 22:40:45 - [SUCCESS] Scaled api-8875 to 5 replicas
2025-11-10 22:40:48 - [SUCCESS] Scaled api-8875 to 2 replicas
2025-11-10 22:40:54 - [SUCCESS] Scaled api-8347 to 2 replicas
2025-11-10 22:41:01 - [SUCCESS] Scaled worker-3120 to 3 replicas
2025-11-10 22:41:01 - [SUCCESS] Scaled api-8274 to 4 replicas
2025-11-10 22:41:05 - [SUCCESS] Deployed worker-7301 with image redis:latest (1 replicas)
2025-11-10 22:41:12 - [SUCCESS] Scaled db-9822 to 1 replicas
2025-11-10 22:41:22 - [SUCCESS] Scaled web-1419 to 4 replicas
2025-11-10 22:41:27 - [SUCCESS] Scaled db-8133 to 3 replicas
2025-11-10 22:41:31 - [SUCCESS] Scaled db-8133 to 6 replicas
2025-11-10 22:41:37 - [SUCCESS] Scaled db-8133 to 8 replicas
2025-11-10 22:41:37 - [SUCCESS] Scaled worker-4763 to 5 replicas
2025-11-10 22:41:40 - [SUCCESS] Scaled db-8133 to 5 replicas
2025-11-10 22:41:42 - [SUCCESS] Scaled db-8133 to 2 replicas
2025-11-10 22:41:51 - [SUCCESS] Scaled db-1012 to 1 replicas
2025-11-10 22:42:00 - [SUCCESS] Scaled db-4597 to 2 replicas
2025-11-10 22:42:02 - [SUCCESS] Scaled worker-3539 to 4 replicas
2025-11-10 22:42:16 - [SUCCESS] Scaled db-5433 to 3 replicas
2025-11-10 22:42:17 - [SUCCESS] Scaled api-3279 to 4 replicas
2025-11-10 22:42:28 - [SUCCESS] Scaled cache-6667 to 5 replicas
2025-11-10 22:42:39 - [SUCCESS] Scaled db-7990 to 5 replicas
2025-11-10 22:42:43 - [SUCCESS] Scaled cache-3559 to 3 replicas
2025-11-10 22:42:50 - [SUCCESS] Scaled api-8695 to 1 replicas
2025-11-10 22:42:55 - [SUCCESS] Scaled cache-5356 to 4 replicas
2025-11-10 22:43:01 - [SUCCESS] Scaled api-8217 to 4 replicas
2025-11-10 22:43:06 - [SUCCESS] Deployed worker-6298 with image redis:latest (1 replicas)
2025-11-10 22:43:09 - [SUCCESS] Deployed api-2679 with image httpd:latest (6 replicas)
2025-11-10 22:43:10 - [SUCCESS] Scaled web-6501 to 3 replicas
2025-11-10 22:43:14 - [SUCCESS] Scaled web-6501 to 6 replicas
2025-11-10 22:43:19 - [SUCCESS] Scaled web-6501 to 8 replicas
2025-11-10 22:43:22 - [SUCCESS] Deployed worker-7030 with image redis:latest (3 replicas)
2025-11-10 22:43:23 - [SUCCESS] Scaled web-6501 to 5 replicas
2025-11-10 22:43:26 - [SUCCESS] Scaled web-6501 to 2 replicas
2025-11-10 22:43:29 - [SUCCESS] Scaled web-4787 to 1 replicas
2025-11-10 22:43:33 - [SUCCESS] Scaled cache-3933 to 6 replicas
2025-11-10 22:43:39 - [SUCCESS] Scaled worker-8615 to 7 replicas
2025-11-10 22:43:39 - [SUCCESS] Scaled db-1875 to 3 replicas
2025-11-10 22:43:44 - [SUCCESS] Scaled db-1875 to 6 replicas
2025-11-10 22:43:47 - [SUCCESS] Scaled db-1875 to 8 replicas
2025-11-10 22:43:51 - [SUCCESS] Deployed db-5805 with image postgres:latest (4 replicas)
2025-11-10 22:43:52 - [SUCCESS] Scaled db-1875 to 5 replicas
2025-11-10 22:43:55 - [SUCCESS] Scaled db-1875 to 2 replicas
2025-11-10 22:44:08 - [SUCCESS] Scaled worker-2616 to 3 replicas
2025-11-10 22:44:09 - [SUCCESS] Scaled web-3364 to 7 replicas
2025-11-10 22:44:11 - [SUCCESS] Scaled worker-2616 to 6 replicas
2025-11-10 22:44:16 - [SUCCESS] Scaled worker-2616 to 8 replicas
2025-11-10 22:44:19 - [SUCCESS] Scaled worker-2616 to 5 replicas
2025-11-10 22:44:22 - [SUCCESS] Deployed web-7712 with image nginx:latest (2 replicas)
2025-11-10 22:44:24 - [SUCCESS] Scaled worker-2616 to 2 replicas
2025-11-10 22:44:35 - [SUCCESS] Deployed db-2006 with image mongo:latest (1 replicas)
2025-11-10 22:44:39 - [SUCCESS] Scaled db-6736 to 6 replicas
2025-11-10 22:44:40 - [SUCCESS] Scaled cache-3513 to 7 replicas
2025-11-10 22:44:48 - [SUCCESS] Deployed api-5468 with image nginx:latest (2 replicas)
2025-11-10 22:44:52 - [SUCCESS] Scaled db-1012 to 4 replicas
2025-11-10 22:44:56 - [SUCCESS] Deployed db-4222 with image postgres:latest (2 replicas)
2025-11-10 22:45:00 - [SUCCESS] Scaled db-5702 to 6 replicas
2025-11-10 22:45:03 - [SUCCESS] Deployed web-8404 with image httpd:latest (2 replicas)
2025-11-10 22:45:08 - [SUCCESS] Scaled web-2086 to 3 replicas
2025-11-10 22:45:08 - [SUCCESS] Scaled db-3295 to 6 replicas
2025-11-10 22:45:12 - [SUCCESS] Scaled web-2086 to 6 replicas
2025-11-10 22:45:14 - [SUCCESS] Scaled web-3364 to 6 replicas
2025-11-10 22:45:15 - [SUCCESS] Scaled web-2086 to 8 replicas
2025-11-10 22:45:19 - [SUCCESS] Scaled web-2086 to 5 replicas
2025-11-10 22:45:23 - [SUCCESS] Scaled web-2086 to 2 replicas
2025-11-10 22:45:25 - [SUCCESS] Scaled api-7201 to 1 replicas
2025-11-10 22:45:34 - [SUCCESS] Scaled worker-5088 to 2 replicas
2025-11-10 22:45:37 - [SUCCESS] Scaled worker-9900 to 3 replicas
2025-11-10 22:45:39 - [SUCCESS] Scaled api-8367 to 1 replicas
2025-11-10 22:45:40 - [SUCCESS] Scaled worker-9900 to 6 replicas
2025-11-10 22:45:42 - [SUCCESS] Scaled worker-9900 to 8 replicas
2025-11-10 22:45:46 - [SUCCESS] Scaled worker-9900 to 5 replicas
2025-11-10 22:45:50 - [SUCCESS] Scaled web-9919 to 3 replicas
2025-11-10 22:45:51 - [SUCCESS] Scaled worker-9900 to 2 replicas
2025-11-10 22:45:55 - [SUCCESS] Scaled cache-4153 to 3 replicas
2025-11-10 22:45:57 - [SUCCESS] Scaled cache-4153 to 6 replicas
2025-11-10 22:46:01 - [SUCCESS] Scaled cache-4153 to 8 replicas
2025-11-10 22:46:04 - [SUCCESS] Scaled cache-4153 to 5 replicas
2025-11-10 22:46:07 - [SUCCESS] Scaled db-7011 to 2 replicas
2025-11-10 22:46:07 - [SUCCESS] Scaled cache-4153 to 2 replicas
2025-11-10 22:46:16 - [SUCCESS] Scaled web-1433 to 3 replicas
2025-11-10 22:46:19 - [SUCCESS] Scaled web-1433 to 6 replicas
2025-11-10 22:46:21 - [SUCCESS] Scaled worker-4009 to 2 replicas
2025-11-10 22:46:22 - [SUCCESS] Scaled web-1433 to 8 replicas
2025-11-10 22:46:26 - [SUCCESS] Scaled cache-6336 to 1 replicas
2025-11-10 22:46:26 - [SUCCESS] Scaled web-1433 to 5 replicas
2025-11-10 22:46:30 - [SUCCESS] Scaled web-1433 to 2 replicas
2025-11-10 22:46:32 - [SUCCESS] Deployed worker-5148 with image redis:latest (4 replicas)
2025-11-10 22:46:36 - [SUCCESS] Scaled cache-3107 to 4 replicas
2025-11-10 22:46:43 - [SUCCESS] Scaled cache-6819 to 3 replicas
2025-11-10 22:46:48 - [SUCCESS] Scaled cache-3934 to 3 replicas
2025-11-10 22:46:52 - [SUCCESS] Scaled cache-3934 to 6 replicas
2025-11-10 22:46:55 - [SUCCESS] Scaled cache-3934 to 8 replicas
2025-11-10 22:46:56 - [SUCCESS] Scaled web-4262 to 3 replicas
2025-11-10 22:46:59 - [SUCCESS] Scaled cache-3934 to 5 replicas
2025-11-10 22:47:02 - [SUCCESS] Scaled web-5031 to 4 replicas
2025-11-10 22:47:03 - [SUCCESS] Scaled cache-3934 to 2 replicas
2025-11-10 22:47:10 - [SUCCESS] Scaled worker-6565 to 3 replicas
2025-11-10 22:47:14 - [SUCCESS] Scaled worker-6565 to 6 replicas
2025-11-10 22:47:18 - [SUCCESS] Scaled worker-6565 to 8 replicas
2025-11-10 22:47:18 - [SUCCESS] Scaled web-4850 to 1 replicas
2025-11-10 22:47:21 - [SUCCESS] Scaled worker-6565 to 5 replicas
2025-11-10 22:47:24 - [SUCCESS] Scaled worker-6565 to 2 replicas
2025-11-10 22:47:29 - [SUCCESS] Scaled cache-1087 to 3 replicas
2025-11-10 22:47:32 - [SUCCESS] Scaled cache-1087 to 6 replicas
2025-11-10 22:47:37 - [SUCCESS] Scaled cache-1087 to 8 replicas
2025-11-10 22:47:39 - [SUCCESS] Scaled web-5134 to 1 replicas
2025-11-10 22:47:40 - [SUCCESS] Scaled cache-1087 to 5 replicas
2025-11-10 22:47:44 - [SUCCESS] Scaled cache-1087 to 2 replicas
2025-11-10 22:47:53 - [SUCCESS] Deployed db-4521 with image postgres:latest (2 replicas)
2025-11-10 22:47:58 - [SUCCESS] Scaled api-3245 to 4 replicas
2025-11-10 22:47:59 - [SUCCESS] Scaled cache-6834 to 1 replicas
2025-11-10 22:48:05 - [SUCCESS] Scaled db-5702 to 8 replicas
2025-11-10 22:48:06 - [SUCCESS] Scaled api-8875 to 3 replicas
2025-11-10 22:48:09 - [SUCCESS] Scaled api-8875 to 6 replicas
2025-11-10 22:48:12 - [SUCCESS] Deployed db-5884 with image mysql:latest (3 replicas)
2025-11-10 22:48:13 - [SUCCESS] Scaled api-8875 to 8 replicas
2025-11-10 22:48:17 - [SUCCESS] Scaled api-8875 to 5 replicas
2025-11-10 22:48:20 - [SUCCESS] Deployed web-5684 with image httpd:latest (3 replicas)
2025-11-10 22:48:21 - [SUCCESS] Scaled api-8875 to 2 replicas
2025-11-10 22:48:24 - [SUCCESS] Scaled web-5260 to 8 replicas
2025-11-10 22:48:32 - [SUCCESS] Scaled api-5184 to 7 replicas
2025-11-10 22:48:34 - [SUCCESS] Scaled api-8210 to 3 replicas
2025-11-10 22:48:39 - [SUCCESS] Scaled api-8210 to 6 replicas
2025-11-10 22:48:39 - [SUCCESS] Deployed api-2630 with image httpd:latest (3 replicas)
2025-11-10 22:48:44 - [SUCCESS] Scaled api-8210 to 8 replicas
2025-11-10 22:48:46 - [SUCCESS] Scaled web-1077 to 4 replicas
2025-11-10 22:48:48 - [SUCCESS] Scaled api-8210 to 5 replicas
2025-11-10 22:48:52 - [SUCCESS] Scaled api-8210 to 2 replicas
2025-11-10 22:49:00 - [SUCCESS] Scaled cache-6336 to 4 replicas
2025-11-10 22:49:07 - [SUCCESS] Scaled worker-5988 to 3 replicas
2025-11-10 22:49:07 - [SUCCESS] Scaled worker-3969 to 3 replicas
2025-11-10 22:49:10 - [SUCCESS] Scaled worker-5988 to 6 replicas
2025-11-10 22:49:11 - [SUCCESS] Scaled worker-3969 to 6 replicas
2025-11-10 22:49:14 - [SUCCESS] Scaled worker-5988 to 8 replicas
2025-11-10 22:49:14 - [SUCCESS] Scaled worker-3969 to 8 replicas
2025-11-10 22:49:18 - [SUCCESS] Scaled worker-3969 to 5 replicas
2025-11-10 22:49:18 - [SUCCESS] Scaled worker-5988 to 5 replicas
2025-11-10 22:49:21 - [SUCCESS] Scaled worker-5988 to 2 replicas
2025-11-10 22:49:22 - [SUCCESS] Scaled worker-3969 to 2 replicas
2025-11-10 22:49:33 - [SUCCESS] Deployed cache-9702 with image memcached:latest (2 replicas)
2025-11-10 22:49:38 - [SUCCESS] Scaled web-1339 to 2 replicas
2025-11-10 22:49:41 - [SUCCESS] Deployed worker-3138 with image rabbitmq:latest (4 replicas)
2025-11-10 22:49:48 - [SUCCESS] Deployed worker-1153 with image redis:latest (3 replicas)
2025-11-10 22:49:48 - [SUCCESS] Scaled api-2373 to 1 replicas
2025-11-10 22:49:56 - [SUCCESS] Scaled db-1551 to 3 replicas
2025-11-10 22:49:58 - [SUCCESS] Scaled worker-6505 to 5 replicas
2025-11-10 22:49:59 - [SUCCESS] Scaled db-1551 to 6 replicas
2025-11-10 22:50:02 - [SUCCESS] Scaled db-1551 to 8 replicas
2025-11-10 22:50:04 - [SUCCESS] Scaled db-1551 to 5 replicas
2025-11-10 22:50:07 - [SUCCESS] Scaled db-1551 to 2 replicas
2025-11-10 22:50:12 - [SUCCESS] Scaled web-1127 to 3 replicas
2025-11-10 22:50:15 - [SUCCESS] Scaled web-1127 to 6 replicas
2025-11-10 22:50:18 - [SUCCESS] Scaled web-1127 to 8 replicas
2025-11-10 22:50:23 - [SUCCESS] Scaled web-1127 to 5 replicas
2025-11-10 22:50:26 - [SUCCESS] Scaled web-1127 to 2 replicas
2025-11-10 22:50:37 - [SUCCESS] Deployed api-8198 with image httpd:latest (4 replicas)
2025-11-10 22:50:39 - [SUCCESS] Scaled cache-5889 to 1 replicas
2025-11-10 22:50:43 - [SUCCESS] Scaled worker-7953 to 1 replicas
2025-11-10 22:50:46 - [SUCCESS] Scaled worker-4804 to 4 replicas
2025-11-10 22:50:55 - [SUCCESS] Deployed db-6479 with image mysql:latest (1 replicas)
2025-11-10 22:50:59 - [SUCCESS] Scaled cache-5356 to 3 replicas
2025-11-10 22:50:59 - [SUCCESS] Scaled db-8133 to 3 replicas
2025-11-10 22:51:03 - [SUCCESS] Scaled db-8133 to 6 replicas
2025-11-10 22:51:05 - [SUCCESS] Scaled worker-3511 to 4 replicas
2025-11-10 22:51:06 - [SUCCESS] Scaled db-8133 to 8 replicas
2025-11-10 22:51:08 - [SUCCESS] Scaled db-8133 to 5 replicas
2025-11-10 22:51:12 - [SUCCESS] Scaled db-9668 to 3 replicas
2025-11-10 22:51:13 - [SUCCESS] Scaled db-8133 to 2 replicas
2025-11-10 22:51:16 - [SUCCESS] Scaled db-9668 to 6 replicas
2025-11-10 22:51:18 - [SUCCESS] Scaled db-9668 to 8 replicas
2025-11-10 22:51:23 - [SUCCESS] Scaled db-9668 to 5 replicas
2025-11-10 22:51:28 - [SUCCESS] Scaled db-9668 to 2 replicas
2025-11-10 22:51:28 - [SUCCESS] Scaled api-7436 to 6 replicas
2025-11-10 22:51:38 - [SUCCESS] Scaled web-4850 to 2 replicas
2025-11-10 22:51:48 - [SUCCESS] Deployed web-4996 with image nginx:latest (4 replicas)
2025-11-10 22:51:51 - [SUCCESS] Scaled db-3369 to 3 replicas
2025-11-10 22:51:56 - [SUCCESS] Scaled api-9988 to 3 replicas
2025-11-10 22:52:01 - [SUCCESS] Scaled api-9988 to 6 replicas
2025-11-10 22:52:02 - [SUCCESS] Scaled web-1419 to 4 replicas
2025-11-10 22:52:05 - [SUCCESS] Scaled api-9988 to 8 replicas
2025-11-10 22:52:08 - [SUCCESS] Scaled api-9988 to 5 replicas
2025-11-10 22:52:09 - [SUCCESS] Scaled worker-4804 to 3 replicas
2025-11-10 22:52:12 - [SUCCESS] Scaled api-9988 to 2 replicas
2025-11-10 22:52:13 - [SUCCESS] Scaled worker-4804 to 6 replicas
2025-11-10 22:52:17 - [SUCCESS] Scaled worker-4804 to 8 replicas
2025-11-10 22:52:20 - [SUCCESS] Scaled web-3077 to 3 replicas
2025-11-10 22:52:20 - [SUCCESS] Scaled worker-4804 to 5 replicas
2025-11-10 22:52:24 - [SUCCESS] Scaled worker-4804 to 2 replicas
2025-11-10 22:52:25 - [SUCCESS] Scaled web-3077 to 6 replicas
2025-11-10 22:52:27 - [SUCCESS] Scaled web-3077 to 8 replicas
2025-11-10 22:52:31 - [SUCCESS] Scaled web-3077 to 5 replicas
2025-11-10 22:52:34 - [SUCCESS] Scaled worker-4804 to 5 replicas
2025-11-10 22:52:35 - [SUCCESS] Scaled web-3077 to 2 replicas
2025-11-10 22:52:40 - [SUCCESS] Scaled worker-7929 to 3 replicas
2025-11-10 22:52:43 - [SUCCESS] Scaled worker-7929 to 6 replicas
2025-11-10 22:52:46 - [SUCCESS] Scaled worker-7929 to 8 replicas
2025-11-10 22:52:46 - [SUCCESS] Deployed api-5902 with image nginx:latest (4 replicas)
2025-11-10 22:52:48 - [SUCCESS] Scaled worker-7929 to 5 replicas
2025-11-10 22:52:49 - [SUCCESS] Deployed cache-7626 with image memcached:latest (4 replicas)
2025-11-10 22:52:53 - [SUCCESS] Scaled worker-7929 to 2 replicas
2025-11-10 22:52:56 - [SUCCESS] Scaled db-4331 to 4 replicas
2025-11-10 22:53:01 - [SUCCESS] Deployed db-1038 with image mysql:latest (2 replicas)
2025-11-10 22:53:05 - [SUCCESS] Scaled worker-2494 to 8 replicas
2025-11-10 22:53:09 - [SUCCESS] Scaled worker-4009 to 3 replicas
2025-11-10 22:53:11 - [SUCCESS] Deployed cache-3030 with image redis:latest (1 replicas)
2025-11-10 22:53:13 - [SUCCESS] Scaled worker-4009 to 6 replicas
2025-11-10 22:53:15 - [SUCCESS] Scaled worker-4009 to 8 replicas
2025-11-10 22:53:15 - [SUCCESS] Scaled worker-3667 to 7 replicas
2025-11-10 22:53:18 - [SUCCESS] Scaled worker-4009 to 5 replicas
2025-11-10 22:53:19 - [SUCCESS] Scaled db-2386 to 1 replicas
2025-11-10 22:53:20 - [SUCCESS] Scaled worker-4009 to 2 replicas
2025-11-10 22:53:23 - [SUCCESS] Deployed cache-1626 with image redis:latest (4 replicas)
2025-11-10 22:53:35 - [SUCCESS] Scaled api-5088 to 4 replicas
2025-11-10 22:53:39 - [SUCCESS] Deployed api-1421 with image nginx:latest (2 replicas)
2025-11-10 22:53:41 - [SUCCESS] Scaled db-8363 to 4 replicas
2025-11-10 22:53:43 - [SUCCESS] Scaled worker-9780 to 6 replicas
2025-11-10 22:53:52 - [SUCCESS] Scaled web-8855 to 2 replicas
2025-11-10 22:53:53 - [SUCCESS] Scaled api-3195 to 3 replicas
2025-11-10 22:53:56 - [SUCCESS] Scaled api-3195 to 6 replicas
2025-11-10 22:54:00 - [SUCCESS] Scaled api-3195 to 8 replicas
2025-11-10 22:54:00 - [SUCCESS] Scaled db-9668 to 3 replicas
2025-11-10 22:54:03 - [SUCCESS] Scaled db-9668 to 6 replicas
2025-11-10 22:54:05 - [SUCCESS] Scaled api-3195 to 5 replicas
2025-11-10 22:54:06 - [SUCCESS] Scaled db-9668 to 8 replicas
2025-11-10 22:54:09 - [SUCCESS] Scaled api-3195 to 2 replicas
2025-11-10 22:54:10 - [SUCCESS] Scaled db-9668 to 5 replicas
2025-11-10 22:54:14 - [SUCCESS] Scaled db-9668 to 2 replicas
2025-11-10 22:54:21 - [SUCCESS] Scaled worker-3511 to 3 replicas
2025-11-10 22:54:21 - [SUCCESS] Scaled web-2480 to 2 replicas
2025-11-10 22:54:25 - [SUCCESS] Scaled worker-3511 to 6 replicas
2025-11-10 22:54:27 - [SUCCESS] Scaled worker-3511 to 8 replicas
2025-11-10 22:54:31 - [SUCCESS] Scaled worker-3511 to 5 replicas
2025-11-10 22:54:33 - [SUCCESS] Scaled api-7283 to 6 replicas
2025-11-10 22:54:34 - [SUCCESS] Scaled worker-3511 to 2 replicas
2025-11-10 22:54:48 - [SUCCESS] Scaled db-9668 to 2 replicas
2025-11-10 22:54:48 - [SUCCESS] Scaled worker-1840 to 2 replicas
2025-11-10 22:54:52 - [SUCCESS] Scaled cache-6660 to 3 replicas
2025-11-10 22:54:55 - [SUCCESS] Scaled db-9018 to 4 replicas
2025-11-10 22:54:56 - [SUCCESS] Scaled cache-6660 to 6 replicas
2025-11-10 22:55:00 - [SUCCESS] Scaled cache-6660 to 8 replicas
2025-11-10 22:55:01 - [SUCCESS] Scaled web-1890 to 2 replicas
2025-11-10 22:55:04 - [SUCCESS] Scaled cache-6660 to 5 replicas
2025-11-10 22:55:09 - [SUCCESS] Scaled cache-6660 to 2 replicas
2025-11-10 22:55:10 - [SUCCESS] Scaled db-9810 to 3 replicas
2025-11-10 22:55:18 - [SUCCESS] Scaled worker-5241 to 1 replicas
2025-11-10 22:55:23 - [SUCCESS] Scaled cache-7626 to 8 replicas
2025-11-10 22:55:23 - [SUCCESS] Scaled worker-1280 to 3 replicas
2025-11-10 22:55:26 - [SUCCESS] Scaled worker-1280 to 6 replicas
2025-11-10 22:55:28 - [SUCCESS] Deployed cache-3918 with image memcached:latest (3 replicas)
2025-11-10 22:55:29 - [SUCCESS] Scaled worker-1280 to 8 replicas
2025-11-10 22:55:32 - [SUCCESS] Scaled worker-1280 to 5 replicas
2025-11-10 22:55:35 - [SUCCESS] Scaled worker-1280 to 2 replicas
2025-11-10 22:55:36 - [SUCCESS] Scaled db-4650 to 6 replicas
2025-11-10 22:55:42 - [SUCCESS] Deployed db-7514 with image postgres:latest (3 replicas)
2025-11-10 22:55:47 - [SUCCESS] Scaled web-7009 to 3 replicas
2025-11-10 22:55:50 - [SUCCESS] Scaled api-7158 to 3 replicas
2025-11-10 22:55:51 - [SUCCESS] Scaled web-7009 to 6 replicas
2025-11-10 22:55:53 - [SUCCESS] Scaled api-7158 to 6 replicas
2025-11-10 22:55:54 - [SUCCESS] Scaled web-7009 to 8 replicas
2025-11-10 22:55:57 - [SUCCESS] Scaled api-7158 to 8 replicas
2025-11-10 22:55:57 - [SUCCESS] Scaled web-7009 to 5 replicas
2025-11-10 22:56:01 - [SUCCESS] Scaled api-7158 to 5 replicas
2025-11-10 22:56:01 - [SUCCESS] Scaled web-7009 to 2 replicas
2025-11-10 22:56:03 - [SUCCESS] Scaled api-7158 to 2 replicas
2025-11-10 22:56:12 - [SUCCESS] Scaled web-6635 to 5 replicas
2025-11-10 22:56:17 - [SUCCESS] Scaled web-9671 to 3 replicas
2025-11-10 22:56:20 - [SUCCESS] Deployed db-4845 with image mongo:latest (3 replicas)
2025-11-10 22:56:22 - [SUCCESS] Scaled web-9671 to 6 replicas
2025-11-10 22:56:25 - [SUCCESS] Deployed cache-9985 with image redis:latest (2 replicas)
2025-11-10 22:56:26 - [SUCCESS] Scaled web-9671 to 8 replicas
2025-11-10 22:56:28 - [SUCCESS] Scaled web-9671 to 5 replicas
2025-11-10 22:56:31 - [SUCCESS] Scaled web-9671 to 2 replicas
2025-11-10 22:56:39 - [SUCCESS] Scaled worker-7929 to 1 replicas
2025-11-10 22:56:43 - [SUCCESS] Deployed cache-9604 with image memcached:latest (2 replicas)
2025-11-10 22:56:45 - [SUCCESS] Scaled web-6501 to 5 replicas
2025-11-10 22:56:58 - [SUCCESS] Scaled web-1555 to 3 replicas
2025-11-10 22:57:01 - [SUCCESS] Deployed api-2084 with image httpd:latest (4 replicas)
2025-11-10 22:57:06 - [SUCCESS] Deployed api-5799 with image httpd:latest (4 replicas)
2025-11-10 22:57:11 - [SUCCESS] Scaled web-4429 to 1 replicas
2025-11-10 22:57:13 - [SUCCESS] Scaled api-8205 to 3 replicas
2025-11-10 22:57:15 - [SUCCESS] Scaled worker-5212 to 1 replicas
2025-11-10 22:57:16 - [SUCCESS] Scaled api-8205 to 6 replicas
2025-11-10 22:57:21 - [SUCCESS] Scaled api-8205 to 8 replicas
2025-11-10 22:57:23 - [SUCCESS] Deployed api-1997 with image nginx:latest (1 replicas)
2025-11-10 22:57:24 - [SUCCESS] Scaled api-8205 to 5 replicas
2025-11-10 22:57:28 - [SUCCESS] Scaled api-8205 to 2 replicas
2025-11-10 22:57:34 - [SUCCESS] Scaled api-2679 to 1 replicas
2025-11-10 22:57:41 - [SUCCESS] Scaled api-6510 to 6 replicas
2025-11-10 22:57:49 - [SUCCESS] Scaled worker-3879 to 3 replicas
2025-11-10 22:57:51 - [SUCCESS] Scaled worker-3879 to 6 replicas
2025-11-10 22:57:55 - [SUCCESS] Scaled worker-3879 to 8 replicas
2025-11-10 22:58:00 - [SUCCESS] Scaled worker-3879 to 5 replicas
2025-11-10 22:58:01 - [SUCCESS] Deployed cache-9527 with image memcached:latest (3 replicas)
2025-11-10 22:58:03 - [SUCCESS] Scaled worker-3879 to 2 replicas
2025-11-10 22:58:14 - [SUCCESS] Deployed cache-5704 with image memcached:latest (2 replicas)
2025-11-10 22:58:17 - [SUCCESS] Scaled db-9593 to 4 replicas
2025-11-10 22:58:19 - [SUCCESS] Scaled web-1146 to 4 replicas
2025-11-10 22:58:24 - [SUCCESS] Scaled web-6635 to 5 replicas
2025-11-10 22:58:27 - [SUCCESS] Scaled cache-4153 to 3 replicas
2025-11-10 22:58:31 - [SUCCESS] Scaled api-7206 to 5 replicas
2025-11-10 22:58:37 - [SUCCESS] Scaled worker-6565 to 1 replicas
2025-11-10 22:58:41 - [SUCCESS] Deployed cache-5897 with image memcached:latest (4 replicas)
2025-11-10 22:58:43 - [SUCCESS] Scaled db-6901 to 4 replicas
2025-11-10 22:58:54 - [SUCCESS] Scaled cache-2866 to 3 replicas
2025-11-10 22:58:56 - [SUCCESS] Scaled db-5288 to 6 replicas
2025-11-10 22:58:58 - [SUCCESS] Scaled cache-2866 to 6 replicas
2025-11-10 22:59:02 - [SUCCESS] Scaled cache-2866 to 8 replicas
2025-11-10 22:59:05 - [SUCCESS] Scaled cache-2866 to 5 replicas
2025-11-10 22:59:10 - [SUCCESS] Scaled cache-2866 to 2 replicas
2025-11-10 22:59:10 - [SUCCESS] Scaled web-1526 to 3 replicas
2025-11-10 22:59:15 - [SUCCESS] Scaled web-1526 to 6 replicas
2025-11-10 22:59:19 - [SUCCESS] Scaled web-1526 to 8 replicas
2025-11-10 22:59:22 - [SUCCESS] Scaled web-1526 to 5 replicas
2025-11-10 22:59:25 - [SUCCESS] Scaled db-4455 to 7 replicas
2025-11-10 22:59:26 - [SUCCESS] Scaled web-1526 to 2 replicas
2025-11-10 22:59:36 - [SUCCESS] Deployed worker-7731 with image redis:latest (4 replicas)
2025-11-10 22:59:39 - [SUCCESS] Scaled worker-7146 to 4 replicas
2025-11-10 22:59:50 - [SUCCESS] Scaled cache-5889 to 2 replicas
2025-11-10 23:00:02 - [SUCCESS] Scaled web-4262 to 4 replicas
2025-11-10 23:00:11 - [SUCCESS] Scaled cache-8564 to 3 replicas
2025-11-10 23:00:15 - [SUCCESS] Scaled cache-8564 to 6 replicas
2025-11-10 23:00:18 - [SUCCESS] Scaled cache-8564 to 8 replicas
2025-11-10 23:00:21 - [SUCCESS] Deployed db-3187 with image mongo:latest (1 replicas)
2025-11-10 23:00:22 - [SUCCESS] Scaled cache-8564 to 5 replicas
2025-11-10 23:00:25 - [SUCCESS] Scaled cache-8564 to 2 replicas
2025-11-10 23:00:33 - [SUCCESS] Scaled worker-7146 to 3 replicas
2025-11-10 23:00:36 - [SUCCESS] Scaled worker-7146 to 6 replicas
2025-11-10 23:00:41 - [SUCCESS] Scaled worker-7146 to 8 replicas
2025-11-10 23:00:44 - [SUCCESS] Scaled worker-7146 to 5 replicas
2025-11-10 23:00:46 - [SUCCESS] Scaled db-9810 to 2 replicas
2025-11-10 23:00:49 - [SUCCESS] Scaled worker-7146 to 2 replicas
2025-11-10 23:00:58 - [SUCCESS] Scaled api-2192 to 4 replicas
2025-11-10 23:01:10 - [SUCCESS] Scaled api-8347 to 3 replicas
2025-11-10 23:01:12 - [SUCCESS] Scaled api-8347 to 6 replicas
2025-11-10 23:01:16 - [SUCCESS] Scaled api-8347 to 8 replicas
2025-11-10 23:01:20 - [SUCCESS] Scaled api-8347 to 5 replicas
2025-11-10 23:01:24 - [SUCCESS] Scaled api-8347 to 2 replicas
2025-11-10 23:01:32 - [SUCCESS] Scaled cache-4484 to 3 replicas
2025-11-10 23:01:35 - [SUCCESS] Scaled cache-4484 to 6 replicas
2025-11-10 23:01:38 - [SUCCESS] Scaled cache-4484 to 8 replicas
2025-11-10 23:01:43 - [SUCCESS] Scaled cache-4484 to 5 replicas
2025-11-10 23:01:47 - [SUCCESS] Scaled cache-4484 to 2 replicas
2025-11-10 23:01:58 - [SUCCESS] Deployed web-3735 with image nginx:latest (3 replicas)
2025-11-10 23:02:04 - [SUCCESS] Scaled worker-7301 to 3 replicas
2025-11-10 23:02:06 - [SUCCESS] Scaled worker-7301 to 6 replicas
2025-11-10 23:02:10 - [SUCCESS] Scaled worker-7301 to 8 replicas
2025-11-10 23:02:15 - [SUCCESS] Scaled worker-7301 to 5 replicas
2025-11-10 23:02:19 - [SUCCESS] Scaled worker-7301 to 2 replicas
2025-11-10 23:02:33 - [SUCCESS] Scaled api-2767 to 4 replicas
2025-11-10 23:02:40 - [SUCCESS] Scaled web-5555 to 5 replicas
2025-11-10 23:02:54 - [SUCCESS] Scaled api-7283 to 3 replicas
2025-11-10 23:02:56 - [SUCCESS] Scaled api-7283 to 6 replicas
2025-11-10 23:03:00 - [SUCCESS] Scaled api-7283 to 8 replicas
2025-11-10 23:03:04 - [SUCCESS] Scaled api-7283 to 5 replicas
2025-11-10 23:03:07 - [SUCCESS] Scaled api-7283 to 2 replicas
2025-11-10 23:03:07 - [SUCCESS] Scaled cache-4475 to 5 replicas
2025-11-10 23:03:21 - [SUCCESS] Scaled worker-7030 to 5 replicas
2025-11-10 23:03:29 - [SUCCESS] Scaled db-8133 to 3 replicas
2025-11-10 23:03:31 - [SUCCESS] Scaled db-8133 to 6 replicas
2025-11-10 23:03:35 - [SUCCESS] Scaled db-8133 to 8 replicas
2025-11-10 23:03:38 - [SUCCESS] Scaled db-8133 to 5 replicas
2025-11-10 23:03:42 - [SUCCESS] Scaled db-8133 to 2 replicas
2025-11-10 23:03:52 - [SUCCESS] Scaled db-1551 to 3 replicas
2025-11-10 23:04:01 - [SUCCESS] Scaled web-4371 to 4 replicas
2025-11-10 23:04:15 - [SUCCESS] Scaled worker-6298 to 6 replicas
2025-11-10 23:04:20 - [SUCCESS] Scaled db-2343 to 3 replicas
2025-11-10 23:04:22 - [SUCCESS] Scaled db-2343 to 6 replicas
2025-11-10 23:04:26 - [SUCCESS] Scaled db-2343 to 8 replicas
2025-11-10 23:04:30 - [SUCCESS] Scaled cache-3521 to 4 replicas
2025-11-10 23:04:31 - [SUCCESS] Scaled db-2343 to 5 replicas
2025-11-10 23:04:34 - [SUCCESS] Scaled db-2343 to 2 replicas
2025-11-10 23:04:44 - [SUCCESS] Scaled db-4521 to 3 replicas
2025-11-10 23:04:49 - [SUCCESS] Scaled db-9224 to 2 replicas
2025-11-10 23:05:01 - [SUCCESS] Scaled api-9149 to 3 replicas
2025-11-10 23:05:05 - [SUCCESS] Scaled api-9149 to 6 replicas
2025-11-10 23:05:07 - [SUCCESS] Scaled db-2006 to 7 replicas
2025-11-10 23:05:10 - [SUCCESS] Scaled api-9149 to 8 replicas
2025-11-10 23:05:14 - [SUCCESS] Scaled api-9149 to 5 replicas
2025-11-10 23:05:18 - [SUCCESS] Scaled api-9149 to 2 replicas
2025-11-10 23:05:27 - [SUCCESS] Scaled cache-3431 to 8 replicas
2025-11-10 23:05:37 - [SUCCESS] Scaled worker-2876 to 2 replicas
2025-11-10 23:05:47 - [SUCCESS] Scaled db-4521 to 4 replicas
2025-11-10 23:05:52 - [SUCCESS] Scaled api-2393 to 4 replicas
2025-11-10 23:05:57 - [SUCCESS] Scaled db-8913 to 3 replicas
2025-11-10 23:05:59 - [SUCCESS] Scaled db-8913 to 6 replicas
2025-11-10 23:06:02 - [SUCCESS] Scaled db-8913 to 8 replicas
2025-11-10 23:06:04 - [SUCCESS] Scaled db-8913 to 5 replicas
2025-11-10 23:06:07 - [SUCCESS] Scaled db-8913 to 2 replicas
2025-11-10 23:06:21 - [SUCCESS] Scaled db-6736 to 5 replicas
2025-11-10 23:06:28 - [SUCCESS] Scaled worker-3581 to 6 replicas
2025-11-10 23:06:36 - [SUCCESS] Scaled api-2679 to 4 replicas
2025-11-10 23:06:50 - [SUCCESS] Scaled web-1526 to 3 replicas
2025-11-10 23:06:55 - [SUCCESS] Scaled web-1526 to 6 replicas
2025-11-10 23:06:59 - [SUCCESS] Scaled web-1526 to 8 replicas
2025-11-10 23:07:02 - [SUCCESS] Scaled web-1526 to 5 replicas
2025-11-10 23:07:06 - [SUCCESS] Scaled web-1526 to 2 replicas
2025-11-10 23:07:17 - [SUCCESS] Scaled web-2086 to 1 replicas
2025-11-10 23:07:29 - [SUCCESS] Scaled worker-5988 to 5 replicas
2025-11-10 23:07:39 - [SUCCESS] Scaled api-7064 to 2 replicas
2025-11-10 23:07:47 - [FAILED] Stopped application cache-3559
2025-11-10 23:07:47 - [FAILED] Stopped application cache-1518
2025-11-10 23:07:47 - [FAILED] Stopped application web-2086
2025-11-10 23:07:47 - [FAILED] Stopped application api-9209
2025-11-10 23:07:47 - [FAILED] Stopped application cache-3988
2025-11-10 23:07:47 - [FAILED] Stopped application worker-3511
2025-11-10 23:07:47 - [FAILED] Stopped application cache-1490
2025-11-10 23:07:47 - [FAILED] Stopped application db-9224
2025-11-10 23:07:47 - [FAILED] Stopped application api-2610
2025-11-10 23:07:47 - [FAILED] Stopped application cache-5708
2025-11-10 23:07:47 - [FAILED] Stopped application cache-4899
2025-11-10 23:07:47 - [FAILED] Stopped application cache-4475
2025-11-10 23:07:47 - [FAILED] Stopped application db-8233
2025-11-10 23:07:47 - [FAILED] Stopped application worker-4763
2025-11-10 23:07:47 - [FAILED] Stopped application db-5648
2025-11-10 23:07:47 - [FAILED] Stopped application web-1526
2025-11-10 23:07:47 - [FAILED] Stopped application web-3516
2025-11-10 23:07:47 - [FAILED] Stopped application worker-2494
2025-11-10 23:07:47 - [FAILED] Stopped application worker-3680
2025-11-10 23:07:47 - [FAILED] Stopped application db-4473
2025-11-10 23:07:47 - [FAILED] Stopped application worker-4804
2025-11-10 23:07:47 - [FAILED] Stopped application worker-9780
2025-11-10 23:07:47 - [FAILED] Stopped application api-8347
2025-11-10 23:07:47 - [FAILED] Stopped application api-6852
2025-11-10 23:07:47 - [FAILED] Stopped application web-9010
2025-11-10 23:07:48 - [FAILED] Stopped application worker-3448
2025-11-10 23:07:48 - [FAILED] Stopped application cache-8056
2025-11-10 23:07:48 - [FAILED] Stopped application web-4589
2025-11-10 23:07:48 - [FAILED] Stopped application api-8210
2025-11-10 23:07:48 - [FAILED] Stopped application db-1012
2025-11-10 23:07:48 - [FAILED] Stopped application db-8806
2025-11-10 23:07:48 - [FAILED] Stopped application api-9058
2025-11-10 23:07:48 - [FAILED] Stopped application db-4852
2025-11-10 23:07:48 - [FAILED] Stopped application api-6192
2025-11-10 23:07:48 - [FAILED] Stopped application worker-8838
2025-11-10 23:07:48 - [FAILED] Stopped application api-2321
2025-11-10 23:07:48 - [FAILED] Stopped application web-5911
2025-11-10 23:07:48 - [FAILED] Stopped application worker-3459
2025-11-10 23:07:48 - [FAILED] Stopped application api-3006
2025-11-10 23:07:48 - [FAILED] Stopped application worker-4758
2025-11-10 23:07:48 - [FAILED] Stopped application db-6216
2025-11-10 23:07:48 - [FAILED] Stopped application web-5424
2025-11-10 23:07:48 - [FAILED] Stopped application cache-1733
2025-11-10 23:07:48 - [FAILED] Stopped application db-9810
2025-11-10 23:07:48 - [FAILED] Stopped application db-7788
2025-11-10 23:07:48 - [FAILED] Stopped application db-2455
2025-11-10 23:07:48 - [FAILED] Stopped application db-3282
2025-11-10 23:07:48 - [FAILED] Stopped application cache-8936
2025-11-10 23:07:48 - [FAILED] Stopped application db-1606
2025-11-10 23:07:48 - [FAILED] Stopped application db-4331
2025-11-10 23:07:48 - [FAILED] Stopped application worker-5796
2025-11-10 23:07:48 - [FAILED] Stopped application worker-2616
2025-11-10 23:07:48 - [FAILED] Stopped application worker-4568
2025-11-10 23:07:48 - [FAILED] Stopped application web-7131
2025-11-10 23:07:48 - [FAILED] Stopped application db-6901
2025-11-10 23:07:48 - [FAILED] Stopped application worker-7023
2025-11-10 23:07:48 - [FAILED] Stopped application db-3292
2025-11-10 23:07:48 - [FAILED] Stopped application cache-8929
2025-11-10 23:07:48 - [FAILED] Stopped application api-8205
2025-11-10 23:07:48 - [FAILED] Stopped application db-9686
2025-11-10 23:07:48 - [FAILED] Stopped application cache-2101
2025-11-10 23:07:48 - [FAILED] Stopped application db-6182
2025-11-10 23:07:48 - [FAILED] Stopped application db-3859
2025-11-10 23:07:48 - [FAILED] Stopped application web-5405
2025-11-10 23:07:48 - [FAILED] Stopped application cache-3107
2025-11-10 23:07:48 - [FAILED] Stopped application db-3972
2025-11-10 23:07:48 - [FAILED] Stopped application db-6736
2025-11-10 23:07:48 - [FAILED] Stopped application api-1726
2025-11-10 23:07:48 - [FAILED] Stopped application db-1551
2025-11-10 23:07:48 - [FAILED] Stopped application web-6992
2025-11-10 23:07:48 - [FAILED] Stopped application db-9991
2025-11-10 23:07:48 - [FAILED] Stopped application web-1890
2025-11-10 23:07:48 - [FAILED] Stopped application worker-8836
2025-11-10 23:07:48 - [FAILED] Stopped application worker-7557
2025-11-10 23:07:48 - [FAILED] Stopped application worker-3140
2025-11-10 23:07:48 - [FAILED] Stopped application api-4074
2025-11-10 23:07:48 - [FAILED] Stopped application web-9138
2025-11-10 23:07:48 - [FAILED] Stopped application worker-5813
2025-11-10 23:07:48 - [FAILED] Stopped application api-2767
2025-11-10 23:07:48 - [FAILED] Stopped application web-4377
2025-11-10 23:07:48 - [FAILED] Stopped application db-3597
2025-11-10 23:07:49 - [FAILED] Stopped application web-2988
2025-11-10 23:07:49 - [FAILED] Stopped application worker-1280
2025-11-10 23:07:49 - [FAILED] Stopped application api-3195
2025-11-10 23:07:49 - [FAILED] Stopped application api-3511
2025-11-10 23:07:49 - [FAILED] Stopped application api-5088
2025-11-10 23:07:49 - [FAILED] Stopped application api-8217
2025-11-10 23:07:49 - [FAILED] Stopped application web-6076
2025-11-10 23:07:49 - [FAILED] Stopped application web-2789
2025-11-10 23:07:49 - [FAILED] Stopped application db-1761
2025-11-10 23:07:49 - [FAILED] Stopped application worker-3879
2025-11-10 23:07:49 - [FAILED] Stopped application worker-6358
2025-11-10 23:07:49 - [FAILED] Stopped application db-4597
2025-11-10 23:07:49 - [FAILED] Stopped application web-4429
2025-11-10 23:07:52 - [SUCCESS] Scaled worker-6059 to 6 replicas
2025-11-10 23:08:04 - [SUCCESS] Scaled api-9502 to 6 replicas
2025-11-10 23:08:14 - [SUCCESS] Scaled web-1419 to 2 replicas
2025-11-10 23:08:23 - [SUCCESS] Scaled cache-1626 to 5 replicas
2025-11-10 23:08:38 - [SUCCESS] Scaled cache-9301 to 6 replicas
2025-11-10 23:08:39 - [SUCCESS] Scaled cache-5897 to 1 replicas
2025-11-10 23:08:46 - [SUCCESS] Scaled web-5684 to 2 replicas
2025-11-10 23:08:54 - [SUCCESS] Scaled api-6738 to 6 replicas
2025-11-10 23:09:02 - [SUCCESS] Scaled cache-1954 to 3 replicas
2025-11-10 23:09:12 - [SUCCESS] Scaled worker-4758 to 1 replicas
2025-11-10 23:09:23 - [SUCCESS] Scaled web-7428 to 4 replicas
2025-11-10 23:09:29 - [SUCCESS] Deployed api-7984 with image nginx:latest (4 replicas)
2025-11-10 23:09:36 - [SUCCESS] Scaled web-1146 to 3 replicas
2025-11-10 23:09:49 - [SUCCESS] Scaled cache-2756 to 3 replicas
2025-11-10 23:09:56 - [SUCCESS] Scaled cache-3431 to 6 replicas
2025-11-10 23:09:58 - [SUCCESS] Scaled web-1419 to 3 replicas
2025-11-10 23:10:02 - [SUCCESS] Scaled web-1419 to 6 replicas
2025-11-10 23:10:07 - [SUCCESS] Scaled web-1419 to 8 replicas
2025-11-10 23:10:11 - [SUCCESS] Scaled web-1419 to 5 replicas
2025-11-10 23:10:14 - [SUCCESS] Scaled web-1419 to 2 replicas
2025-11-10 23:10:29 - [SUCCESS] Scaled api-1421 to 3 replicas
2025-11-10 23:10:43 - [SUCCESS] Scaled api-7436 to 1 replicas
2025-11-10 23:10:56 - [SUCCESS] Scaled cache-1824 to 4 replicas
2025-11-10 23:11:08 - [SUCCESS] Scaled cache-1088 to 3 replicas
2025-11-10 23:11:10 - [SUCCESS] Scaled cache-1088 to 6 replicas
2025-11-10 23:11:13 - [SUCCESS] Scaled cache-1088 to 8 replicas
2025-11-10 23:11:16 - [SUCCESS] Scaled cache-1088 to 5 replicas
2025-11-10 23:11:19 - [SUCCESS] Scaled cache-1088 to 2 replicas
2025-11-10 23:11:36 - [SUCCESS] Scaled db-7410 to 4 replicas
2025-11-10 23:11:45 - [SUCCESS] Scaled worker-5686 to 3 replicas
2025-11-10 23:11:49 - [SUCCESS] Scaled worker-5686 to 6 replicas
2025-11-10 23:11:52 - [SUCCESS] Scaled worker-5686 to 8 replicas
2025-11-10 23:11:54 - [SUCCESS] Scaled worker-5686 to 5 replicas
2025-11-10 23:11:57 - [SUCCESS] Scaled worker-5686 to 2 replicas
2025-11-10 23:12:08 - [SUCCESS] Scaled worker-7824 to 2 replicas
2025-11-10 23:12:08 - [SUCCESS] Scaled cache-1217 to 6 replicas
2025-11-10 23:12:20 - [SUCCESS] Scaled api-9149 to 2 replicas
2025-11-10 23:12:34 - [SUCCESS] Scaled worker-4568 to 3 replicas
2025-11-10 23:12:36 - [SUCCESS] Scaled worker-4568 to 6 replicas
2025-11-10 23:12:40 - [SUCCESS] Scaled worker-4568 to 8 replicas
2025-11-10 23:12:44 - [SUCCESS] Scaled worker-4568 to 5 replicas
2025-11-10 23:12:48 - [SUCCESS] Scaled worker-4568 to 2 replicas
2025-11-10 23:13:03 - [SUCCESS] Scaled web-2942 to 2 replicas
2025-11-10 23:13:15 - [SUCCESS] Scaled worker-1153 to 3 replicas
2025-11-10 23:13:17 - [SUCCESS] Scaled worker-1153 to 6 replicas
2025-11-10 23:13:20 - [SUCCESS] Scaled worker-1153 to 8 replicas
2025-11-10 23:13:22 - [SUCCESS] Scaled worker-1153 to 5 replicas
2025-11-10 23:13:27 - [SUCCESS] Scaled worker-1153 to 2 replicas
2025-11-10 23:13:36 - [SUCCESS] Scaled db-1761 to 3 replicas
2025-11-10 23:13:39 - [SUCCESS] Scaled db-1761 to 6 replicas
2025-11-10 23:13:41 - [SUCCESS] Scaled db-1761 to 8 replicas
2025-11-10 23:13:46 - [SUCCESS] Scaled db-1761 to 5 replicas
2025-11-10 23:13:49 - [SUCCESS] Scaled db-1761 to 2 replicas
2025-11-10 23:13:54 - [SUCCESS] Scaled cache-2101 to 7 replicas
2025-11-10 23:14:03 - [SUCCESS] Scaled cache-2366 to 2 replicas
2025-11-10 23:14:14 - [SUCCESS] Scaled web-4262 to 3 replicas
2025-11-10 23:14:19 - [SUCCESS] Scaled web-4262 to 6 replicas
2025-11-10 23:14:22 - [SUCCESS] Scaled web-4262 to 8 replicas
2025-11-10 23:14:25 - [SUCCESS] Scaled web-4262 to 5 replicas
2025-11-10 23:14:28 - [SUCCESS] Scaled web-4262 to 2 replicas
2025-11-10 23:14:43 - [SUCCESS] Scaled db-8363 to 5 replicas
2025-11-10 23:14:53 - [SUCCESS] Scaled web-6810 to 1 replicas
2025-11-10 23:14:56 - [SUCCESS] Scaled worker-3667 to 6 replicas
2025-11-10 23:15:04 - [SUCCESS] Scaled worker-4517 to 4 replicas
2025-11-10 23:15:10 - [SUCCESS] Scaled worker-6298 to 4 replicas
2025-11-10 23:15:22 - [SUCCESS] Scaled web-7009 to 4 replicas
2025-11-10 23:15:31 - [SUCCESS] Scaled api-2280 to 4 replicas
2025-11-10 23:15:41 - [SUCCESS] Scaled worker-8464 to 4 replicas
2025-11-10 23:15:50 - [SUCCESS] Scaled api-2280 to 6 replicas
2025-11-10 23:16:01 - [SUCCESS] Scaled cache-2104 to 6 replicas
2025-11-10 23:16:13 - [SUCCESS] Scaled api-8198 to 3 replicas
2025-11-10 23:16:16 - [SUCCESS] Scaled api-8198 to 6 replicas
2025-11-10 23:16:19 - [SUCCESS] Scaled api-8198 to 8 replicas
2025-11-10 23:16:21 - [SUCCESS] Deployed worker-4526 with image rabbitmq:latest (5 replicas)
2025-11-10 23:16:21 - [SUCCESS] Scaled api-8198 to 5 replicas
2025-11-10 23:16:26 - [SUCCESS] Scaled api-8198 to 2 replicas
2025-11-10 23:16:43 - [SUCCESS] Scaled api-3245 to 3 replicas
2025-11-10 23:16:47 - [SUCCESS] Scaled api-3245 to 6 replicas
2025-11-10 23:16:49 - [SUCCESS] Scaled api-3245 to 8 replicas
2025-11-10 23:16:54 - [SUCCESS] Scaled api-3245 to 5 replicas
2025-11-10 23:16:59 - [SUCCESS] Scaled api-3245 to 2 replicas
2025-11-10 23:17:14 - [SUCCESS] Scaled cache-3933 to 3 replicas
2025-11-10 23:17:18 - [SUCCESS] Scaled cache-3933 to 6 replicas
2025-11-10 23:17:21 - [SUCCESS] Scaled cache-3933 to 8 replicas
2025-11-10 23:17:23 - [SUCCESS] Deployed cache-9419 with image memcached:latest (3 replicas)
2025-11-10 23:17:23 - [SUCCESS] Scaled cache-3933 to 5 replicas
2025-11-10 23:17:27 - [SUCCESS] Scaled cache-3933 to 2 replicas
2025-11-10 23:17:42 - [SUCCESS] Scaled api-6283 to 3 replicas
2025-11-10 23:17:43 - [SUCCESS] Scaled db-3597 to 3 replicas
2025-11-10 23:17:45 - [SUCCESS] Scaled db-3597 to 6 replicas
2025-11-10 23:17:48 - [SUCCESS] Scaled db-3597 to 8 replicas
2025-11-10 23:17:51 - [SUCCESS] Scaled db-3597 to 5 replicas
2025-11-10 23:17:56 - [SUCCESS] Scaled worker-4758 to 1 replicas
2025-11-10 23:17:56 - [SUCCESS] Scaled db-3597 to 2 replicas
2025-11-10 23:18:01 - [SUCCESS] Scaled worker-8836 to 3 replicas
2025-11-10 23:18:04 - [SUCCESS] Scaled worker-8836 to 6 replicas
2025-11-10 23:18:07 - [SUCCESS] Scaled worker-8836 to 8 replicas
2025-11-10 23:18:11 - [SUCCESS] Scaled worker-8836 to 5 replicas
2025-11-10 23:18:15 - [SUCCESS] Scaled worker-8836 to 2 replicas
2025-11-10 23:18:30 - [SUCCESS] Scaled worker-6737 to 1 replicas
2025-11-10 23:18:39 - [SUCCESS] Scaled worker-3511 to 1 replicas
2025-11-10 23:18:45 - [SUCCESS] Scaled cache-4079 to 3 replicas
2025-11-10 23:18:56 - [SUCCESS] Scaled api-6915 to 2 replicas
2025-11-10 23:18:56 - [SUCCESS] Deployed api-5708 with image httpd:latest (1 replicas)
2025-11-10 23:19:06 - [SUCCESS] Scaled db-3420 to 3 replicas
2025-11-10 23:19:16 - [SUCCESS] Scaled worker-7824 to 7 replicas
2025-11-10 23:19:19 - [SUCCESS] Scaled cache-7626 to 1 replicas
2025-11-10 23:19:33 - [SUCCESS] Scaled db-5370 to 4 replicas
2025-11-10 23:19:41 - [SUCCESS] Scaled api-6852 to 3 replicas
2025-11-10 23:19:46 - [SUCCESS] Scaled api-6852 to 6 replicas
2025-11-10 23:19:47 - [SUCCESS] Deployed api-8464 with image httpd:latest (2 replicas)
2025-11-10 23:19:49 - [SUCCESS] Scaled api-6852 to 8 replicas
2025-11-10 23:19:54 - [SUCCESS] Scaled api-6852 to 5 replicas
2025-11-10 23:19:57 - [SUCCESS] Scaled api-6852 to 2 replicas
2025-11-10 23:20:09 - [SUCCESS] Scaled cache-7738 to 5 replicas
2025-11-10 23:20:21 - [SUCCESS] Scaled web-3077 to 3 replicas
2025-11-10 23:20:25 - [SUCCESS] Scaled web-3077 to 6 replicas
2025-11-10 23:20:27 - [SUCCESS] Scaled web-3077 to 8 replicas
2025-11-10 23:20:29 - [SUCCESS] Deployed web-1057 with image nginx:latest (6 replicas)
2025-11-10 23:20:31 - [SUCCESS] Scaled web-3077 to 5 replicas
2025-11-10 23:20:34 - [SUCCESS] Scaled web-3077 to 2 replicas
2025-11-10 23:20:49 - [SUCCESS] Scaled worker-3879 to 4 replicas
2025-11-10 23:20:58 - [SUCCESS] Scaled worker-8838 to 3 replicas
2025-11-10 23:21:03 - [SUCCESS] Scaled worker-8838 to 6 replicas
2025-11-10 23:21:08 - [SUCCESS] Scaled worker-8838 to 8 replicas
2025-11-10 23:21:11 - [SUCCESS] Scaled worker-8838 to 5 replicas
2025-11-10 23:21:15 - [SUCCESS] Scaled worker-8838 to 2 replicas
2025-11-10 23:21:30 - [SUCCESS] Scaled web-2200 to 3 replicas
2025-11-10 23:21:39 - [SUCCESS] Scaled db-2343 to 3 replicas
2025-11-10 23:21:44 - [SUCCESS] Scaled db-2343 to 6 replicas
2025-11-10 23:21:47 - [SUCCESS] Scaled db-2343 to 8 replicas
2025-11-10 23:21:51 - [SUCCESS] Scaled db-2343 to 5 replicas
2025-11-10 23:21:55 - [SUCCESS] Scaled db-2343 to 2 replicas
2025-11-10 23:22:12 - [SUCCESS] Scaled api-8217 to 3 replicas
2025-11-10 23:22:17 - [SUCCESS] Scaled api-3486 to 8 replicas
2025-11-10 23:22:26 - [SUCCESS] Scaled web-2175 to 1 replicas
2025-11-10 23:22:34 - [SUCCESS] Scaled web-3364 to 3 replicas
2025-11-10 23:22:36 - [SUCCESS] Scaled web-3364 to 6 replicas
2025-11-10 23:22:41 - [SUCCESS] Scaled web-3364 to 8 replicas
2025-11-10 23:22:45 - [SUCCESS] Scaled web-3364 to 5 replicas
2025-11-10 23:22:49 - [SUCCESS] Scaled web-3364 to 2 replicas
2025-11-10 23:22:57 - [SUCCESS] Scaled worker-6002 to 4 replicas
2025-11-10 23:23:10 - [SUCCESS] Scaled worker-8464 to 1 replicas
2025-11-10 23:23:19 - [SUCCESS] Deployed web-1344 with image httpd:latest (3 replicas)
2025-11-10 23:23:25 - [SUCCESS] Scaled cache-3078 to 4 replicas
2025-11-10 23:23:33 - [SUCCESS] Scaled web-4977 to 3 replicas
2025-11-10 23:23:36 - [SUCCESS] Scaled web-4977 to 6 replicas
2025-11-10 23:23:39 - [SUCCESS] Scaled web-4977 to 8 replicas
2025-11-10 23:23:44 - [SUCCESS] Scaled web-4977 to 5 replicas
2025-11-10 23:23:46 - [SUCCESS] Scaled web-4977 to 2 replicas
2025-11-10 23:23:57 - [SUCCESS] Scaled cache-1518 to 5 replicas
2025-11-10 23:24:08 - [SUCCESS] Scaled worker-8416 to 3 replicas
2025-11-10 23:24:13 - [SUCCESS] Scaled worker-8416 to 6 replicas
2025-11-10 23:24:16 - [SUCCESS] Scaled worker-8416 to 8 replicas
2025-11-10 23:24:21 - [SUCCESS] Scaled worker-8416 to 5 replicas
2025-11-10 23:24:23 - [SUCCESS] Scaled worker-8416 to 2 replicas
2025-11-10 23:24:40 - [SUCCESS] Scaled cache-5113 to 1 replicas
2025-11-10 23:24:51 - [SUCCESS] Scaled web-5134 to 6 replicas
2025-11-10 23:25:01 - [SUCCESS] Scaled api-2176 to 1 replicas
2025-11-10 23:25:02 - [SUCCESS] Scaled web-9938 to 2 replicas
2025-11-10 23:25:14 - [SUCCESS] Scaled api-9671 to 6 replicas
2025-11-10 23:25:28 - [SUCCESS] Scaled worker-4517 to 5 replicas
2025-11-10 23:25:33 - [SUCCESS] Scaled web-5911 to 3 replicas
2025-11-10 23:25:40 - [SUCCESS] Scaled worker-7477 to 3 replicas
2025-11-10 23:25:43 - [SUCCESS] Scaled worker-7477 to 6 replicas
2025-11-10 23:25:48 - [SUCCESS] Scaled worker-7477 to 8 replicas
2025-11-10 23:25:51 - [SUCCESS] Scaled worker-7477 to 5 replicas
2025-11-10 23:25:54 - [SUCCESS] Scaled worker-7477 to 2 replicas
2025-11-10 23:26:02 - [SUCCESS] Deployed api-1043 with image httpd:latest (3 replicas)
2025-11-10 23:26:03 - [SUCCESS] Scaled api-5902 to 3 replicas
2025-11-10 23:26:07 - [SUCCESS] Scaled api-5902 to 6 replicas
2025-11-10 23:26:11 - [SUCCESS] Scaled api-5902 to 8 replicas
2025-11-10 23:26:13 - [SUCCESS] Scaled db-3878 to 7 replicas
2025-11-10 23:26:14 - [SUCCESS] Scaled api-5902 to 5 replicas
2025-11-10 23:26:17 - [SUCCESS] Scaled api-5902 to 2 replicas
2025-11-10 23:26:30 - [SUCCESS] Scaled api-9258 to 7 replicas
2025-11-10 23:26:30 - [SUCCESS] Scaled cache-8564 to 3 replicas
2025-11-10 23:26:34 - [SUCCESS] Scaled cache-8564 to 6 replicas
2025-11-10 23:26:38 - [SUCCESS] Scaled cache-8564 to 8 replicas
2025-11-10 23:26:41 - [SUCCESS] Scaled cache-8564 to 5 replicas
2025-11-10 23:26:45 - [SUCCESS] Scaled cache-8564 to 2 replicas
2025-11-10 23:27:00 - [SUCCESS] Scaled worker-3969 to 5 replicas
2025-11-10 23:27:15 - [SUCCESS] Scaled web-1344 to 2 replicas
2025-11-10 23:27:21 - [SUCCESS] Scaled worker-3448 to 3 replicas
2025-11-10 23:27:25 - [SUCCESS] Scaled worker-3448 to 6 replicas
2025-11-10 23:27:25 - [SUCCESS] Scaled cache-8857 to 3 replicas
2025-11-10 23:27:27 - [SUCCESS] Scaled worker-3448 to 8 replicas
2025-11-10 23:27:29 - [SUCCESS] Scaled cache-8857 to 6 replicas
2025-11-10 23:27:30 - [SUCCESS] Scaled worker-3448 to 5 replicas
2025-11-10 23:27:33 - [SUCCESS] Scaled worker-3448 to 2 replicas
2025-11-10 23:27:34 - [SUCCESS] Scaled cache-8857 to 8 replicas
2025-11-10 23:27:37 - [SUCCESS] Scaled cache-8857 to 5 replicas
2025-11-10 23:27:41 - [SUCCESS] Scaled cache-8857 to 2 replicas
2025-11-10 23:27:44 - [SUCCESS] Scaled worker-6505 to 1 replicas
2025-11-10 23:27:51 - [SUCCESS] Scaled api-3486 to 3 replicas
2025-11-10 23:27:56 - [SUCCESS] Scaled api-3486 to 6 replicas
2025-11-10 23:27:58 - [SUCCESS] Scaled api-3486 to 8 replicas
2025-11-10 23:28:01 - [SUCCESS] Scaled api-3486 to 5 replicas
2025-11-10 23:28:06 - [SUCCESS] Scaled api-3486 to 2 replicas
2025-11-10 23:28:18 - [SUCCESS] Scaled web-1303 to 3 replicas
2025-11-10 23:28:21 - [SUCCESS] Scaled web-1303 to 6 replicas
2025-11-10 23:28:24 - [SUCCESS] Scaled web-7708 to 7 replicas
2025-11-10 23:28:26 - [SUCCESS] Scaled web-1303 to 8 replicas
2025-11-10 23:28:30 - [SUCCESS] Scaled web-1303 to 5 replicas
2025-11-10 23:28:34 - [SUCCESS] Scaled web-1303 to 2 replicas
2025-11-10 23:28:36 - [SUCCESS] Scaled worker-6298 to 4 replicas
2025-11-10 23:28:46 - [SUCCESS] Scaled worker-5813 to 3 replicas
2025-11-10 23:28:51 - [SUCCESS] Scaled api-9058 to 3 replicas
2025-11-10 23:28:53 - [SUCCESS] Scaled api-9058 to 6 replicas
2025-11-10 23:28:55 - [SUCCESS] Scaled db-9018 to 7 replicas
2025-11-10 23:28:56 - [SUCCESS] Scaled api-9058 to 8 replicas
2025-11-10 23:28:58 - [SUCCESS] Scaled api-9058 to 5 replicas
2025-11-10 23:29:01 - [SUCCESS] Scaled api-9058 to 2 replicas
2025-11-10 23:29:11 - [SUCCESS] Deployed web-6908 with image httpd:latest (2 replicas)
2025-11-10 23:29:21 - [SUCCESS] Scaled db-4455 to 6 replicas
2025-11-10 23:29:28 - [SUCCESS] Scaled cache-1490 to 3 replicas
2025-11-10 23:29:29 - [SUCCESS] Deployed db-8927 with image mysql:latest (2 replicas)
2025-11-10 23:29:32 - [SUCCESS] Scaled cache-1490 to 6 replicas
2025-11-10 23:29:35 - [SUCCESS] Scaled cache-1490 to 8 replicas
2025-11-10 23:29:38 - [SUCCESS] Scaled cache-1490 to 5 replicas
2025-11-10 23:29:42 - [SUCCESS] Scaled cache-1490 to 2 replicas
2025-11-10 23:29:46 - [SUCCESS] Scaled worker-8464 to 3 replicas
2025-11-10 23:29:57 - [SUCCESS] Scaled api-9748 to 3 replicas
2025-11-10 23:30:01 - [SUCCESS] Scaled api-9748 to 6 replicas
2025-11-10 23:30:04 - [SUCCESS] Scaled api-9748 to 8 replicas
2025-11-10 23:30:08 - [SUCCESS] Scaled api-9748 to 5 replicas
2025-11-10 23:30:10 - [SUCCESS] Scaled api-9748 to 2 replicas
2025-11-10 23:30:19 - [SUCCESS] Deployed db-3243 with image mongo:latest (4 replicas)
2025-11-10 23:30:26 - [SUCCESS] Scaled db-4852 to 3 replicas
2025-11-10 23:30:31 - [SUCCESS] Scaled db-4852 to 6 replicas
2025-11-10 23:30:36 - [SUCCESS] Scaled db-4852 to 8 replicas
2025-11-10 23:30:40 - [SUCCESS] Scaled db-4852 to 5 replicas
2025-11-10 23:30:41 - [SUCCESS] Deployed worker-2715 with image redis:latest (2 replicas)
2025-11-10 23:30:45 - [SUCCESS] Scaled db-4852 to 2 replicas
2025-11-10 23:30:57 - [SUCCESS] Scaled worker-9900 to 8 replicas
2025-11-10 23:31:05 - [SUCCESS] Scaled web-1419 to 3 replicas
2025-11-10 23:31:06 - [SUCCESS] Deployed web-4952 with image nginx:latest (3 replicas)
2025-11-10 23:31:09 - [SUCCESS] Scaled web-1419 to 6 replicas
2025-11-10 23:31:12 - [SUCCESS] Scaled web-1419 to 8 replicas
2025-11-10 23:31:15 - [SUCCESS] Scaled web-1419 to 5 replicas
2025-11-10 23:31:18 - [SUCCESS] Scaled web-1419 to 2 replicas
2025-11-10 23:31:33 - [SUCCESS] Scaled api-7984 to 1 replicas
2025-11-10 23:31:44 - [SUCCESS] Scaled web-1344 to 3 replicas
2025-11-10 23:31:48 - [SUCCESS] Scaled web-1344 to 6 replicas
2025-11-10 23:31:53 - [SUCCESS] Scaled web-1344 to 8 replicas
2025-11-10 23:31:55 - [SUCCESS] Scaled web-1344 to 5 replicas
2025-11-10 23:31:59 - [SUCCESS] Scaled web-1344 to 2 replicas
2025-11-10 23:32:16 - [SUCCESS] Scaled api-3511 to 5 replicas
2025-11-10 23:32:16 - [SUCCESS] Scaled cache-9419 to 5 replicas
2025-11-10 23:32:29 - [SUCCESS] Scaled api-3800 to 4 replicas
2025-11-10 23:32:40 - [SUCCESS] Scaled web-4977 to 3 replicas
2025-11-10 23:32:44 - [SUCCESS] Scaled web-4977 to 6 replicas
2025-11-10 23:32:49 - [SUCCESS] Scaled web-4977 to 8 replicas
2025-11-10 23:32:53 - [SUCCESS] Scaled web-4977 to 5 replicas
2025-11-10 23:32:56 - [SUCCESS] Scaled web-4977 to 2 replicas
2025-11-10 23:33:11 - [SUCCESS] Scaled worker-1000 to 4 replicas
2025-11-10 23:33:23 - [SUCCESS] Scaled db-9961 to 4 replicas
2025-11-10 23:33:30 - [SUCCESS] Scaled web-6743 to 3 replicas
2025-11-10 23:33:38 - [SUCCESS] Scaled db-3369 to 4 replicas
2025-11-10 23:33:43 - [SUCCESS] Scaled cache-9985 to 3 replicas
2025-11-10 23:33:46 - [SUCCESS] Scaled cache-8220 to 5 replicas
2025-11-10 23:33:47 - [SUCCESS] Scaled cache-9985 to 6 replicas
2025-11-10 23:33:51 - [SUCCESS] Scaled cache-9985 to 8 replicas
2025-11-10 23:33:56 - [SUCCESS] Scaled cache-9985 to 5 replicas
2025-11-10 23:33:59 - [SUCCESS] Scaled cache-9985 to 2 replicas
2025-11-10 23:34:01 - [SUCCESS] Scaled cache-8406 to 3 replicas
2025-11-10 23:34:03 - [SUCCESS] Scaled cache-8406 to 6 replicas
2025-11-10 23:34:06 - [SUCCESS] Scaled cache-8406 to 8 replicas
2025-11-10 23:34:10 - [SUCCESS] Scaled cache-8406 to 5 replicas
2025-11-10 23:34:14 - [SUCCESS] Scaled cache-8406 to 2 replicas
2025-11-10 23:34:24 - [SUCCESS] Scaled db-6736 to 3 replicas
2025-11-10 23:34:28 - [SUCCESS] Scaled db-6736 to 6 replicas
2025-11-10 23:34:31 - [SUCCESS] Scaled db-6736 to 8 replicas
2025-11-10 23:34:33 - [SUCCESS] Scaled db-6736 to 5 replicas
2025-11-10 23:34:36 - [SUCCESS] Scaled db-6736 to 2 replicas
2025-11-10 23:34:48 - [SUCCESS] Scaled web-5250 to 3 replicas
2025-11-10 23:34:56 - [SUCCESS] Scaled db-1038 to 3 replicas
2025-11-10 23:35:00 - [SUCCESS] Scaled db-1038 to 6 replicas
2025-11-10 23:35:01 - [SUCCESS] Scaled api-8144 to 3 replicas
2025-11-10 23:35:03 - [SUCCESS] Scaled db-1038 to 8 replicas
2025-11-10 23:35:05 - [SUCCESS] Scaled api-8144 to 6 replicas
2025-11-10 23:35:06 - [SUCCESS] Scaled db-1038 to 5 replicas
2025-11-10 23:35:09 - [SUCCESS] Scaled api-8144 to 8 replicas
2025-11-10 23:35:09 - [SUCCESS] Scaled db-1038 to 2 replicas
2025-11-10 23:35:13 - [SUCCESS] Scaled api-8144 to 5 replicas
2025-11-10 23:35:18 - [SUCCESS] Scaled api-8144 to 2 replicas
2025-11-10 23:35:27 - [SUCCESS] Scaled web-4371 to 5 replicas
2025-11-10 23:35:35 - [SUCCESS] Scaled db-9686 to 3 replicas
2025-11-10 23:35:38 - [SUCCESS] Scaled db-9686 to 6 replicas
2025-11-10 23:35:39 - [SUCCESS] Scaled cache-4378 to 5 replicas
2025-11-10 23:35:42 - [SUCCESS] Scaled db-9686 to 8 replicas
2025-11-10 23:35:45 - [SUCCESS] Scaled db-9686 to 5 replicas
2025-11-10 23:35:49 - [SUCCESS] Scaled db-9686 to 2 replicas
2025-11-10 23:35:59 - [SUCCESS] Scaled cache-5704 to 6 replicas
2025-11-10 23:36:07 - [SUCCESS] Scaled web-6388 to 5 replicas
2025-11-10 23:36:16 - [SUCCESS] Scaled cache-4484 to 1 replicas
2025-11-10 23:36:25 - [SUCCESS] Scaled cache-1677 to 7 replicas
2025-11-10 23:36:29 - [SUCCESS] Scaled worker-3667 to 5 replicas
2025-11-10 23:36:42 - [SUCCESS] Scaled web-9122 to 1 replicas
2025-11-10 23:36:51 - [SUCCESS] Scaled api-8875 to 4 replicas
2025-11-10 23:36:54 - [SUCCESS] Deployed api-6642 with image nginx:latest (2 replicas)
2025-11-10 23:36:58 - [SUCCESS] Scaled api-5008 to 3 replicas
2025-11-10 23:37:00 - [SUCCESS] Scaled api-5008 to 6 replicas
2025-11-10 23:37:05 - [SUCCESS] Scaled api-5008 to 8 replicas
2025-11-10 23:37:08 - [SUCCESS] Scaled api-5008 to 5 replicas
2025-11-10 23:37:12 - [SUCCESS] Scaled api-5008 to 2 replicas
2025-11-10 23:37:23 - [SUCCESS] Scaled web-1890 to 3 replicas
2025-11-10 23:37:26 - [SUCCESS] Scaled web-1890 to 6 replicas
2025-11-10 23:37:30 - [SUCCESS] Scaled web-1890 to 8 replicas
2025-11-10 23:37:34 - [SUCCESS] Scaled web-1890 to 5 replicas
2025-11-10 23:37:36 - [SUCCESS] Scaled web-1890 to 2 replicas
2025-11-10 23:37:38 - [SUCCESS] Scaled web-7009 to 3 replicas
2025-11-10 23:37:40 - [SUCCESS] Scaled web-7009 to 6 replicas
2025-11-10 23:37:45 - [SUCCESS] Scaled web-7009 to 8 replicas
2025-11-10 23:37:48 - [SUCCESS] Scaled web-7009 to 5 replicas
2025-11-10 23:37:49 - [FAILED] Stopped application web-4977
2025-11-10 23:37:49 - [FAILED] Stopped application api-7206
2025-11-10 23:37:49 - [FAILED] Stopped application cache-2366
2025-11-10 23:37:49 - [FAILED] Stopped application db-3001
2025-11-10 23:37:49 - [FAILED] Stopped application db-3774
2025-11-10 23:37:49 - [FAILED] Stopped application web-9122
2025-11-10 23:37:49 - [FAILED] Stopped application web-6388
2025-11-10 23:37:49 - [FAILED] Stopped application api-2280
2025-11-10 23:37:49 - [FAILED] Stopped application web-2086
2025-11-10 23:37:49 - [FAILED] Stopped application cache-3988
2025-11-10 23:37:49 - [FAILED] Stopped application db-5572
2025-11-10 23:37:49 - [FAILED] Stopped application worker-3511
2025-11-10 23:37:49 - [FAILED] Stopped application web-5555
2025-11-10 23:37:49 - [FAILED] Stopped application web-9671
2025-11-10 23:37:49 - [FAILED] Stopped application api-7201
2025-11-10 23:37:49 - [FAILED] Stopped application db-7829
2025-11-10 23:37:49 - [FAILED] Stopped application api-3709
2025-11-10 23:37:49 - [FAILED] Stopped application cache-8857
2025-11-10 23:37:49 - [FAILED] Stopped application web-3516
2025-11-10 23:37:49 - [FAILED] Stopped application worker-2494
2025-11-10 23:37:49 - [FAILED] Stopped application worker-6401
2025-11-10 23:37:49 - [FAILED] Stopped application cache-6488
2025-11-10 23:37:49 - [FAILED] Stopped application api-8347
2025-11-10 23:37:49 - [FAILED] Stopped application api-9058
2025-11-10 23:37:49 - [FAILED] Stopped application cache-7738
2025-11-10 23:37:49 - [FAILED] Stopped application worker-6505
2025-11-10 23:37:49 - [FAILED] Stopped application db-8583
2025-11-10 23:37:49 - [FAILED] Stopped application worker-5780
2025-11-10 23:37:49 - [FAILED] Stopped application api-2321
2025-11-10 23:37:49 - [FAILED] Stopped application api-9789
2025-11-10 23:37:49 - [FAILED] Stopped application cache-4453
2025-11-10 23:37:49 - [FAILED] Stopped application web-1536
2025-11-10 23:37:49 - [FAILED] Stopped application worker-4758
2025-11-10 23:37:49 - [FAILED] Stopped application db-6216
2025-11-10 23:37:49 - [FAILED] Stopped application worker-5088
2025-11-10 23:37:49 - [FAILED] Stopped application cache-1733
2025-11-10 23:37:49 - [FAILED] Stopped application worker-7477
2025-11-10 23:37:49 - [FAILED] Stopped application db-7729
2025-11-10 23:37:49 - [FAILED] Stopped application cache-2151
2025-11-10 23:37:49 - [FAILED] Stopped application api-3486
2025-11-10 23:37:49 - [FAILED] Stopped application api-8274
2025-11-10 23:37:49 - [FAILED] Stopped application api-8062
2025-11-10 23:37:50 - [FAILED] Stopped application web-7344
2025-11-10 23:37:50 - [FAILED] Stopped application db-3282
2025-11-10 23:37:50 - [FAILED] Stopped application web-9396
2025-11-10 23:37:50 - [FAILED] Stopped application worker-5796
2025-11-10 23:37:50 - [FAILED] Stopped application db-6928
2025-11-10 23:37:50 - [FAILED] Stopped application api-6169
2025-11-10 23:37:50 - [FAILED] Stopped application web-7131
2025-11-10 23:37:50 - [FAILED] Stopped application worker-2091
2025-11-10 23:37:50 - [FAILED] Stopped application worker-1000
2025-11-10 23:37:50 - [FAILED] Stopped application db-6901
2025-11-10 23:37:50 - [FAILED] Stopped application web-1339
2025-11-10 23:37:50 - [FAILED] Stopped application api-6283
2025-11-10 23:37:50 - [FAILED] Stopped application cache-3934
2025-11-10 23:37:50 - [FAILED] Stopped application db-3878
2025-11-10 23:37:50 - [FAILED] Stopped application db-6182
2025-11-10 23:37:50 - [FAILED] Stopped application cache-1088
2025-11-10 23:37:50 - [FAILED] Stopped application cache-6581
2025-11-10 23:37:50 - [FAILED] Stopped application api-6424
2025-11-10 23:37:50 - [FAILED] Stopped application cache-8564
2025-11-10 23:37:50 - [FAILED] Stopped application cache-5597
2025-11-10 23:37:50 - [FAILED] Stopped application db-6736
2025-11-10 23:37:50 - [FAILED] Stopped application api-8674
2025-11-10 23:37:50 - [FAILED] Stopped application web-2334
2025-11-10 23:37:50 - [FAILED] Stopped application api-6498
2025-11-10 23:37:50 - [FAILED] Stopped application db-6793
2025-11-10 23:37:50 - [FAILED] Stopped application web-6992
2025-11-10 23:37:50 - [FAILED] Stopped application db-9991
2025-11-10 23:37:50 - [FAILED] Stopped application web-1890
2025-11-10 23:37:50 - [FAILED] Stopped application api-4510
2025-11-10 23:37:50 - [FAILED] Stopped application db-7011
2025-11-10 23:37:50 - [FAILED] Stopped application api-9502
2025-11-10 23:37:50 - [FAILED] Stopped application worker-3140
2025-11-10 23:37:50 - [FAILED] Stopped application db-9018
2025-11-10 23:37:50 - [FAILED] Stopped application worker-6737
2025-11-10 23:37:50 - [FAILED] Stopped application api-8865
2025-11-10 23:37:50 - [FAILED] Stopped application web-4377
2025-11-10 23:37:50 - [FAILED] Stopped application cache-7028
2025-11-10 23:37:50 - [FAILED] Stopped application web-8102
2025-11-10 23:37:50 - [FAILED] Stopped application api-6915
2025-11-10 23:37:50 - [FAILED] Stopped application api-9748
2025-11-10 23:37:50 - [FAILED] Stopped application api-3511
2025-11-10 23:37:50 - [FAILED] Stopped application api-5088
2025-11-10 23:37:50 - [FAILED] Stopped application api-2177
2025-11-10 23:37:50 - [FAILED] Stopped application worker-6002
2025-11-10 23:37:50 - [FAILED] Stopped application worker-6565
2025-11-10 23:37:50 - [FAILED] Stopped application web-7049
2025-11-10 23:37:50 - [FAILED] Stopped application worker-6059
2025-11-10 23:37:50 - [FAILED] Stopped application web-6527
2025-11-10 23:37:50 - [SUCCESS] Scaled web-7009 to 2 replicas
2025-11-10 23:37:50 - [FAILED] Stopped application worker-1465
2025-11-10 23:37:50 - [FAILED] Stopped application worker-7058
2025-11-10 23:37:50 - [FAILED] Stopped application web-2789
2025-11-10 23:37:50 - [FAILED] Stopped application worker-3879
2025-11-10 23:37:51 - [FAILED] Stopped application cache-2104
2025-11-10 23:37:51 - [FAILED] Stopped application api-8875
2025-11-10 23:37:51 - [FAILED] Stopped application cache-8406
2025-11-10 23:37:51 - [FAILED] Stopped application web-8744
2025-11-10 23:37:51 - [FAILED] Stopped application web-1305
2025-11-10 23:37:51 - [FAILED] Stopped application db-2612
2025-11-10 23:37:51 - [FAILED] Stopped application cache-9301
2025-11-10 23:37:51 - [FAILED] Stopped application cache-1549
2025-11-10 23:37:51 - [FAILED] Stopped application db-3369
2025-11-10 23:37:51 - [FAILED] Stopped application db-6189
2025-11-10 23:37:51 - [FAILED] Stopped application cache-4079
2025-11-10 23:37:51 - [FAILED] Stopped application api-7170
2025-11-10 23:37:51 - [FAILED] Stopped application web-5250
2025-11-10 23:37:51 - [FAILED] Stopped application api-9988
2025-11-10 23:37:51 - [FAILED] Stopped application db-3787
2025-11-10 23:37:51 - [FAILED] Stopped application cache-7652
2025-11-10 23:37:51 - [FAILED] Stopped application db-7990
2025-11-10 23:37:51 - [FAILED] Stopped application db-5370
2025-11-10 23:37:51 - [FAILED] Stopped application db-3295
2025-11-10 23:37:53 - [SUCCESS] Scaled api-7628 to 3 replicas
2025-11-10 23:38:03 - [SUCCESS] Scaled web-6992 to 7 replicas
2025-11-10 23:38:07 - [SUCCESS] Scaled api-6192 to 4 replicas
2025-11-10 23:38:21 - [SUCCESS] Scaled worker-5796 to 4 replicas
2025-11-10 23:38:26 - [SUCCESS] Deployed web-2549 with image nginx:latest (1 replicas)
2025-11-10 23:38:27 - [SUCCESS] Scaled web-1344 to 1 replicas
2025-11-10 23:38:41 - [SUCCESS] Scaled api-5708 to 1 replicas
2025-11-10 23:38:51 - [SUCCESS] Scaled db-4852 to 3 replicas
2025-11-10 23:38:54 - [SUCCESS] Scaled db-4852 to 6 replicas
2025-11-10 23:38:57 - [SUCCESS] Scaled db-4852 to 8 replicas
2025-11-10 23:39:00 - [SUCCESS] Scaled db-4852 to 5 replicas
2025-11-10 23:39:02 - [SUCCESS] Scaled db-4852 to 2 replicas
2025-11-10 23:39:15 - [SUCCESS] Scaled cache-9985 to 1 replicas
2025-11-10 23:39:25 - [SUCCESS] Scaled db-7788 to 3 replicas
2025-11-10 23:39:30 - [SUCCESS] Scaled db-7788 to 6 replicas
2025-11-10 23:39:33 - [SUCCESS] Scaled db-7788 to 8 replicas
2025-11-10 23:39:35 - [SUCCESS] Scaled db-7788 to 5 replicas
2025-11-10 23:39:38 - [SUCCESS] Scaled db-7788 to 2 replicas
2025-11-10 23:39:48 - [SUCCESS] Scaled api-3006 to 4 replicas
2025-11-10 23:40:03 - [SUCCESS] Scaled api-8347 to 4 replicas
2025-11-10 23:40:15 - [SUCCESS] Scaled db-3369 to 1 replicas
2025-11-10 23:40:20 - [SUCCESS] Scaled worker-7759 to 3 replicas
2025-11-10 23:40:22 - [SUCCESS] Scaled web-6438 to 3 replicas
2025-11-10 23:40:24 - [SUCCESS] Scaled worker-7759 to 6 replicas
2025-11-10 23:40:25 - [SUCCESS] Scaled web-6438 to 6 replicas
2025-11-10 23:40:27 - [SUCCESS] Scaled worker-7759 to 8 replicas
2025-11-10 23:40:29 - [SUCCESS] Scaled web-6438 to 8 replicas
2025-11-10 23:40:31 - [SUCCESS] Scaled worker-7759 to 5 replicas
2025-11-10 23:40:33 - [SUCCESS] Scaled web-6438 to 5 replicas
2025-11-10 23:40:35 - [SUCCESS] Scaled worker-7759 to 2 replicas
2025-11-10 23:40:37 - [SUCCESS] Scaled web-6438 to 2 replicas
2025-11-10 23:40:48 - [SUCCESS] Scaled cache-2366 to 1 replicas
2025-11-10 23:40:51 - [SUCCESS] Scaled db-6189 to 3 replicas
2025-11-10 23:40:55 - [SUCCESS] Scaled cache-5101 to 4 replicas
2025-11-10 23:41:08 - [SUCCESS] Scaled db-3001 to 1 replicas
2025-11-10 23:41:23 - [SUCCESS] Scaled db-3774 to 3 replicas
2025-11-10 23:41:28 - [SUCCESS] Scaled db-3774 to 6 replicas
2025-11-10 23:41:32 - [SUCCESS] Scaled db-3774 to 8 replicas
2025-11-10 23:41:35 - [SUCCESS] Scaled db-3774 to 5 replicas
2025-11-10 23:41:37 - [SUCCESS] Scaled db-3774 to 2 replicas
2025-11-10 23:41:55 - [SUCCESS] Scaled db-8133 to 3 replicas
2025-11-10 23:42:02 - [SUCCESS] Scaled api-6192 to 3 replicas
2025-11-10 23:42:07 - [SUCCESS] Scaled api-6192 to 6 replicas
2025-11-10 23:42:10 - [SUCCESS] Scaled api-6192 to 8 replicas
2025-11-10 23:42:14 - [SUCCESS] Scaled api-6192 to 5 replicas
2025-11-10 23:42:18 - [SUCCESS] Scaled api-6192 to 2 replicas
2025-11-10 23:42:32 - [SUCCESS] Scaled worker-2471 to 3 replicas
2025-11-10 23:42:39 - [SUCCESS] Scaled worker-7301 to 5 replicas
2025-11-10 23:42:53 - [SUCCESS] Scaled worker-1712 to 6 replicas
2025-11-10 23:43:06 - [SUCCESS] Scaled worker-7868 to 3 replicas
2025-11-10 23:43:11 - [SUCCESS] Scaled worker-7868 to 6 replicas
2025-11-10 23:43:14 - [SUCCESS] Scaled worker-7868 to 8 replicas
2025-11-10 23:43:15 - [SUCCESS] Scaled cache-8406 to 1 replicas
2025-11-10 23:43:17 - [SUCCESS] Scaled worker-7868 to 5 replicas
2025-11-10 23:43:20 - [SUCCESS] Scaled worker-7868 to 2 replicas
2025-11-10 23:43:37 - [SUCCESS] Scaled api-2679 to 1 replicas
2025-11-10 23:43:45 - [SUCCESS] Scaled db-2680 to 3 replicas
2025-11-10 23:43:48 - [SUCCESS] Scaled db-2680 to 6 replicas
2025-11-10 23:43:50 - [SUCCESS] Deployed cache-4724 with image redis:latest (1 replicas)
2025-11-10 23:43:52 - [SUCCESS] Scaled db-2680 to 8 replicas
2025-11-10 23:43:56 - [SUCCESS] Scaled db-2680 to 5 replicas
2025-11-10 23:44:00 - [SUCCESS] Scaled db-2680 to 2 replicas
2025-11-10 23:44:12 - [SUCCESS] Scaled web-4371 to 6 replicas
2025-11-10 23:44:24 - [SUCCESS] Scaled cache-2183 to 3 replicas
2025-11-10 23:44:35 - [SUCCESS] Scaled worker-3539 to 6 replicas
2025-11-10 23:44:44 - [SUCCESS] Scaled cache-7520 to 3 replicas
2025-11-10 23:44:49 - [SUCCESS] Scaled cache-7520 to 6 replicas
2025-11-10 23:44:53 - [SUCCESS] Scaled cache-7520 to 8 replicas
2025-11-10 23:44:57 - [SUCCESS] Scaled cache-7520 to 5 replicas
2025-11-10 23:45:02 - [SUCCESS] Scaled cache-7520 to 2 replicas
2025-11-10 23:45:13 - [SUCCESS] Scaled cache-2178 to 3 replicas
2025-11-10 23:45:18 - [SUCCESS] Scaled cache-2178 to 6 replicas
2025-11-10 23:45:20 - [SUCCESS] Scaled cache-2104 to 3 replicas
2025-11-10 23:45:22 - [SUCCESS] Scaled cache-2178 to 8 replicas
2025-11-10 23:45:27 - [SUCCESS] Scaled cache-2178 to 5 replicas
2025-11-10 23:45:32 - [SUCCESS] Scaled cache-2178 to 2 replicas
2025-11-10 23:45:43 - [SUCCESS] Scaled web-5056 to 3 replicas
2025-11-10 23:45:54 - [SUCCESS] Scaled db-7729 to 3 replicas
2025-11-10 23:46:01 - [SUCCESS] Scaled api-9748 to 6 replicas
2025-11-10 23:46:01 - [SUCCESS] Scaled web-9138 to 3 replicas
2025-11-10 23:46:05 - [SUCCESS] Scaled web-9138 to 6 replicas
2025-11-10 23:46:07 - [SUCCESS] Scaled cache-7652 to 4 replicas
2025-11-10 23:46:08 - [SUCCESS] Scaled web-9138 to 8 replicas
2025-11-10 23:46:13 - [SUCCESS] Scaled web-9138 to 5 replicas
2025-11-10 23:46:18 - [SUCCESS] Scaled web-9138 to 2 replicas
2025-11-10 23:46:21 - [SUCCESS] Scaled api-6192 to 4 replicas
2025-11-10 23:46:33 - [SUCCESS] Scaled api-6738 to 5 replicas
2025-11-10 23:46:42 - [SUCCESS] Scaled db-3878 to 4 replicas
2025-11-10 23:46:53 - [SUCCESS] Scaled db-6928 to 1 replicas
2025-11-10 23:46:55 - [SUCCESS] Scaled web-2981 to 2 replicas
2025-11-10 23:47:03 - [SUCCESS] Scaled api-3195 to 6 replicas
2025-11-10 23:47:17 - [SUCCESS] Scaled cache-6581 to 3 replicas
2025-11-10 23:47:20 - [SUCCESS] Scaled api-3279 to 1 replicas
2025-11-10 23:47:20 - [SUCCESS] Scaled cache-6581 to 6 replicas
2025-11-10 23:47:22 - [SUCCESS] Scaled cache-6581 to 8 replicas
2025-11-10 23:47:27 - [SUCCESS] Scaled cache-6581 to 5 replicas
2025-11-10 23:47:31 - [SUCCESS] Scaled cache-6581 to 2 replicas
2025-11-10 23:47:45 - [SUCCESS] Scaled cache-4350 to 3 replicas
2025-11-10 23:47:54 - [SUCCESS] Scaled db-8913 to 1 replicas
2025-11-10 23:48:02 - [SUCCESS] Scaled web-6501 to 1 replicas
2025-11-10 23:48:16 - [SUCCESS] Scaled db-3878 to 3 replicas
2025-11-10 23:48:20 - [SUCCESS] Scaled db-3878 to 6 replicas
2025-11-10 23:48:23 - [SUCCESS] Scaled db-3878 to 8 replicas
2025-11-10 23:48:26 - [SUCCESS] Scaled db-3878 to 5 replicas
2025-11-10 23:48:31 - [SUCCESS] Scaled db-3878 to 2 replicas
2025-11-10 23:48:42 - [SUCCESS] Scaled cache-5356 to 1 replicas
2025-11-10 23:48:56 - [SUCCESS] Scaled api-5889 to 1 replicas
2025-11-10 23:49:07 - [SUCCESS] Scaled cache-2366 to 3 replicas
2025-11-10 23:49:11 - [SUCCESS] Scaled cache-2366 to 6 replicas
2025-11-10 23:49:16 - [SUCCESS] Scaled cache-2366 to 8 replicas
2025-11-10 23:49:19 - [SUCCESS] Scaled cache-2366 to 5 replicas
2025-11-10 23:49:24 - [SUCCESS] Scaled cache-2366 to 2 replicas
2025-11-10 23:49:36 - [SUCCESS] Scaled web-5056 to 5 replicas
2025-11-10 23:49:44 - [SUCCESS] Scaled worker-6358 to 1 replicas
2025-11-10 23:49:58 - [SUCCESS] Scaled db-3143 to 3 replicas
2025-11-10 23:50:01 - [SUCCESS] Scaled db-3143 to 6 replicas
2025-11-10 23:50:05 - [SUCCESS] Scaled db-3143 to 8 replicas
2025-11-10 23:50:09 - [SUCCESS] Scaled db-3143 to 5 replicas
2025-11-10 23:50:13 - [SUCCESS] Scaled db-3143 to 2 replicas
2025-11-10 23:50:32 - [SUCCESS] Scaled api-2679 to 5 replicas
2025-11-10 23:50:33 - [SUCCESS] Deployed db-2119 with image postgres:latest (4 replicas)
2025-11-10 23:50:45 - [SUCCESS] Scaled web-4081 to 4 replicas
2025-11-10 23:50:54 - [SUCCESS] Scaled api-5976 to 3 replicas
2025-11-10 23:50:57 - [SUCCESS] Scaled api-5976 to 6 replicas
2025-11-10 23:50:59 - [SUCCESS] Scaled api-5976 to 8 replicas
2025-11-10 23:51:03 - [SUCCESS] Scaled api-5976 to 5 replicas
2025-11-10 23:51:07 - [SUCCESS] Scaled api-5976 to 2 replicas
2025-11-10 23:51:22 - [SUCCESS] Scaled db-4203 to 6 replicas
2025-11-10 23:51:30 - [SUCCESS] Scaled web-6438 to 4 replicas
2025-11-10 23:51:39 - [SUCCESS] Scaled api-5735 to 1 replicas
2025-11-10 23:51:52 - [SUCCESS] Scaled cache-4153 to 3 replicas
2025-11-10 23:51:55 - [SUCCESS] Scaled cache-4153 to 6 replicas
2025-11-10 23:52:00 - [SUCCESS] Scaled cache-4153 to 8 replicas
2025-11-10 23:52:05 - [SUCCESS] Scaled cache-4153 to 5 replicas
2025-11-10 23:52:09 - [SUCCESS] Scaled cache-4153 to 2 replicas
2025-11-10 23:52:18 - [SUCCESS] Scaled api-9472 to 3 replicas
2025-11-10 23:52:23 - [SUCCESS] Scaled api-9472 to 6 replicas
2025-11-10 23:52:26 - [SUCCESS] Scaled api-9472 to 8 replicas
2025-11-10 23:52:29 - [SUCCESS] Scaled api-9472 to 5 replicas
2025-11-10 23:52:32 - [SUCCESS] Scaled api-9472 to 2 replicas
2025-11-10 23:52:40 - [SUCCESS] Scaled worker-1990 to 3 replicas
2025-11-10 23:52:43 - [SUCCESS] Scaled worker-1990 to 6 replicas
2025-11-10 23:52:46 - [SUCCESS] Scaled worker-1990 to 8 replicas
2025-11-10 23:52:49 - [SUCCESS] Scaled worker-1990 to 5 replicas
2025-11-10 23:52:53 - [SUCCESS] Scaled worker-1990 to 2 replicas
2025-11-10 23:52:57 - [SUCCESS] Scaled web-2981 to 3 replicas
2025-11-10 23:53:01 - [SUCCESS] Scaled web-2981 to 6 replicas
2025-11-10 23:53:04 - [SUCCESS] Scaled web-2981 to 8 replicas
2025-11-10 23:53:06 - [SUCCESS] Scaled web-2981 to 5 replicas
2025-11-10 23:53:08 - [SUCCESS] Scaled db-5423 to 3 replicas
2025-11-10 23:53:10 - [SUCCESS] Scaled web-2981 to 2 replicas
2025-11-10 23:53:10 - [SUCCESS] Scaled db-5423 to 6 replicas
2025-11-10 23:53:15 - [SUCCESS] Scaled db-5423 to 8 replicas
2025-11-10 23:53:20 - [SUCCESS] Scaled db-5423 to 5 replicas
2025-11-10 23:53:22 - [SUCCESS] Scaled db-5423 to 2 replicas
2025-11-10 23:53:35 - [SUCCESS] Scaled api-9258 to 2 replicas
2025-11-10 23:53:49 - [SUCCESS] Scaled web-4952 to 5 replicas
2025-11-10 23:54:02 - [SUCCESS] Scaled cache-9301 to 3 replicas
2025-11-10 23:54:06 - [SUCCESS] Scaled cache-9301 to 6 replicas
2025-11-10 23:54:09 - [SUCCESS] Scaled cache-9301 to 8 replicas
2025-11-10 23:54:14 - [SUCCESS] Scaled cache-9301 to 5 replicas
2025-11-10 23:54:16 - [SUCCESS] Scaled cache-9301 to 2 replicas
2025-11-10 23:54:26 - [SUCCESS] Scaled db-3878 to 4 replicas
2025-11-10 23:54:29 - [SUCCESS] Scaled db-9814 to 1 replicas
2025-11-10 23:54:37 - [SUCCESS] Scaled api-8210 to 1 replicas
2025-11-10 23:54:48 - [SUCCESS] Scaled web-2767 to 4 replicas
2025-11-10 23:55:00 - [SUCCESS] Scaled web-1303 to 2 replicas
2025-11-10 23:55:12 - [SUCCESS] Scaled db-3219 to 3 replicas
2025-11-10 23:55:16 - [SUCCESS] Scaled db-3219 to 6 replicas
2025-11-10 23:55:21 - [SUCCESS] Scaled db-3219 to 8 replicas
2025-11-10 23:55:25 - [SUCCESS] Scaled db-3219 to 5 replicas
2025-11-10 23:55:27 - [SUCCESS] Scaled db-3219 to 2 replicas
2025-11-10 23:55:43 - [SUCCESS] Scaled web-6908 to 5 replicas
2025-11-10 23:55:51 - [SUCCESS] Scaled cache-6660 to 2 replicas
2025-11-10 23:55:59 - [SUCCESS] Scaled cache-2866 to 1 replicas
2025-11-10 23:55:59 - [SUCCESS] Scaled web-1077 to 2 replicas
2025-11-10 23:56:08 - [SUCCESS] Scaled api-6510 to 3 replicas
2025-11-10 23:56:12 - [SUCCESS] Scaled api-6510 to 6 replicas
2025-11-10 23:56:13 - [SUCCESS] Scaled cache-9301 to 8 replicas
2025-11-10 23:56:15 - [SUCCESS] Scaled api-6510 to 8 replicas
2025-11-10 23:56:19 - [SUCCESS] Scaled api-6510 to 5 replicas
2025-11-10 23:56:22 - [SUCCESS] Scaled api-6510 to 2 replicas
2025-11-10 23:56:38 - [SUCCESS] Scaled api-7628 to 3 replicas
2025-11-10 23:56:42 - [SUCCESS] Scaled api-7628 to 6 replicas
2025-11-10 23:56:47 - [SUCCESS] Scaled api-7628 to 8 replicas
2025-11-10 23:56:51 - [SUCCESS] Scaled api-7628 to 5 replicas
2025-11-10 23:56:54 - [SUCCESS] Scaled api-7628 to 2 replicas
2025-11-10 23:57:11 - [SUCCESS] Scaled web-7049 to 3 replicas
2025-11-10 23:57:15 - [SUCCESS] Scaled web-7049 to 6 replicas
2025-11-10 23:57:18 - [SUCCESS] Scaled web-7049 to 8 replicas
2025-11-10 23:57:22 - [SUCCESS] Scaled web-7049 to 5 replicas
2025-11-10 23:57:27 - [SUCCESS] Scaled db-3774 to 1 replicas
2025-11-10 23:57:27 - [SUCCESS] Scaled web-7049 to 2 replicas
2025-11-10 23:57:35 - [SUCCESS] Scaled api-4510 to 3 replicas
2025-11-10 23:57:44 - [SUCCESS] Scaled api-4904 to 3 replicas
2025-11-10 23:57:56 - [SUCCESS] Scaled db-6216 to 2 replicas
2025-11-10 23:58:03 - [SUCCESS] Scaled worker-8416 to 6 replicas
2025-11-10 23:58:10 - [SUCCESS] Scaled api-6414 to 5 replicas
2025-11-10 23:58:20 - [SUCCESS] Scaled api-9601 to 5 replicas
2025-11-10 23:58:32 - [SUCCESS] Scaled db-9810 to 3 replicas
2025-11-10 23:58:36 - [SUCCESS] Scaled db-9810 to 6 replicas
2025-11-10 23:58:40 - [SUCCESS] Scaled db-9810 to 8 replicas
2025-11-10 23:58:43 - [SUCCESS] Scaled db-9810 to 5 replicas
2025-11-10 23:58:46 - [SUCCESS] Scaled db-9810 to 2 replicas
2025-11-10 23:58:56 - [SUCCESS] Scaled web-6388 to 3 replicas
2025-11-10 23:59:07 - [SUCCESS] Scaled web-9938 to 3 replicas
2025-11-10 23:59:11 - [SUCCESS] Scaled web-9938 to 6 replicas
2025-11-10 23:59:15 - [SUCCESS] Scaled web-9938 to 8 replicas
2025-11-10 23:59:19 - [SUCCESS] Scaled web-9938 to 5 replicas
2025-11-10 23:59:24 - [SUCCESS] Scaled web-9938 to 2 replicas
2025-11-10 23:59:36 - [SUCCESS] Scaled web-2175 to 3 replicas
2025-11-10 23:59:39 - [SUCCESS] Scaled web-2175 to 6 replicas
2025-11-10 23:59:42 - [SUCCESS] Scaled web-2175 to 8 replicas
2025-11-10 23:59:46 - [SUCCESS] Scaled web-2175 to 5 replicas
2025-11-10 23:59:49 - [SUCCESS] Scaled web-2175 to 2 replicas
2025-11-11 00:00:04 - [SUCCESS] Scaled api-8674 to 3 replicas
2025-11-11 00:00:12 - [SUCCESS] Scaled worker-7557 to 6 replicas
2025-11-11 00:00:15 - [SUCCESS] Scaled worker-3448 to 6 replicas
2025-11-11 00:00:18 - [SUCCESS] Scaled api-1043 to 1 replicas
2025-11-11 00:00:32 - [SUCCESS] Scaled cache-8292 to 5 replicas
2025-11-11 00:00:43 - [SUCCESS] Scaled cache-1549 to 2 replicas
2025-11-11 00:00:46 - [SUCCESS] Scaled db-5423 to 4 replicas
2025-11-11 00:00:56 - [SUCCESS] Scaled worker-2877 to 3 replicas
2025-11-11 00:01:00 - [SUCCESS] Scaled worker-2877 to 6 replicas
2025-11-11 00:01:04 - [SUCCESS] Scaled worker-2877 to 8 replicas
2025-11-11 00:01:09 - [SUCCESS] Scaled worker-2877 to 5 replicas
2025-11-11 00:01:14 - [SUCCESS] Scaled worker-2877 to 2 replicas
2025-11-11 00:01:30 - [SUCCESS] Scaled cache-9527 to 2 replicas
2025-11-11 00:01:44 - [SUCCESS] Scaled db-3885 to 2 replicas
2025-11-11 00:01:55 - [SUCCESS] Scaled api-2084 to 3 replicas
2025-11-11 00:01:59 - [SUCCESS] Scaled api-2084 to 6 replicas
2025-11-11 00:02:02 - [SUCCESS] Scaled api-2084 to 8 replicas
2025-11-11 00:02:05 - [SUCCESS] Scaled api-2084 to 5 replicas
2025-11-11 00:02:08 - [SUCCESS] Scaled api-2084 to 2 replicas
2025-11-11 00:02:25 - [SUCCESS] Scaled worker-4517 to 3 replicas
2025-11-11 00:02:29 - [SUCCESS] Scaled worker-4517 to 6 replicas
2025-11-11 00:02:32 - [SUCCESS] Scaled worker-4517 to 8 replicas
2025-11-11 00:02:35 - [SUCCESS] Scaled worker-4517 to 5 replicas
2025-11-11 00:02:38 - [SUCCESS] Scaled worker-4517 to 2 replicas
2025-11-11 00:02:55 - [SUCCESS] Scaled db-2343 to 3 replicas
2025-11-11 00:02:58 - [SUCCESS] Scaled db-2343 to 6 replicas
2025-11-11 00:03:01 - [SUCCESS] Scaled db-2343 to 8 replicas
2025-11-11 00:03:04 - [SUCCESS] Scaled db-2343 to 5 replicas
2025-11-11 00:03:07 - [SUCCESS] Scaled db-2343 to 2 replicas
2025-11-11 00:03:25 - [SUCCESS] Scaled web-7049 to 3 replicas
2025-11-11 00:03:25 - [SUCCESS] Deployed web-4893 with image httpd:latest (4 replicas)
2025-11-11 00:03:30 - [SUCCESS] Scaled web-7049 to 6 replicas
2025-11-11 00:03:34 - [SUCCESS] Deployed worker-2320 with image rabbitmq:latest (3 replicas)
2025-11-11 00:03:34 - [SUCCESS] Scaled web-7049 to 8 replicas
2025-11-11 00:03:37 - [SUCCESS] Scaled web-7049 to 5 replicas
2025-11-11 00:03:39 - [SUCCESS] Scaled web-7049 to 2 replicas
2025-11-11 00:03:49 - [SUCCESS] Scaled worker-7058 to 3 replicas
2025-11-11 00:03:52 - [SUCCESS] Scaled worker-7058 to 6 replicas
2025-11-11 00:03:55 - [SUCCESS] Scaled worker-7058 to 8 replicas
2025-11-11 00:03:58 - [SUCCESS] Scaled worker-7058 to 5 replicas
2025-11-11 00:04:01 - [SUCCESS] Scaled worker-7058 to 2 replicas
2025-11-11 00:04:16 - [SUCCESS] Scaled db-9018 to 6 replicas
2025-11-11 00:04:22 - [SUCCESS] Scaled db-4936 to 3 replicas
2025-11-11 00:04:26 - [SUCCESS] Scaled db-4936 to 6 replicas
2025-11-11 00:04:29 - [SUCCESS] Scaled db-4936 to 8 replicas
2025-11-11 00:04:33 - [SUCCESS] Scaled db-4936 to 5 replicas
2025-11-11 00:04:36 - [SUCCESS] Scaled db-4936 to 2 replicas
2025-11-11 00:04:47 - [SUCCESS] Scaled worker-7620 to 6 replicas
2025-11-11 00:04:58 - [SUCCESS] Scaled api-6642 to 2 replicas
2025-11-11 00:05:10 - [SUCCESS] Scaled db-9593 to 2 replicas
2025-11-11 00:05:21 - [SUCCESS] Scaled db-1858 to 3 replicas
2025-11-11 00:05:25 - [SUCCESS] Scaled db-1858 to 6 replicas
2025-11-11 00:05:28 - [SUCCESS] Scaled db-1858 to 8 replicas
2025-11-11 00:05:33 - [SUCCESS] Scaled db-1858 to 5 replicas
2025-11-11 00:05:36 - [SUCCESS] Scaled db-1858 to 2 replicas
2025-11-11 00:05:46 - [SUCCESS] Scaled worker-7058 to 1 replicas
2025-11-11 00:05:59 - [SUCCESS] Scaled web-3516 to 1 replicas
2025-11-11 00:06:05 - [SUCCESS] Scaled api-8665 to 2 replicas
2025-11-11 00:06:11 - [SUCCESS] Scaled cache-9359 to 4 replicas
2025-11-11 00:06:15 - [SUCCESS] Scaled worker-2789 to 4 replicas
2025-11-11 00:06:21 - [SUCCESS] Scaled web-3481 to 3 replicas
2025-11-11 00:06:30 - [SUCCESS] Scaled worker-5148 to 1 replicas
2025-11-11 00:06:34 - [SUCCESS] Scaled worker-7953 to 1 replicas
2025-11-11 00:06:37 - [SUCCESS] Scaled web-3983 to 5 replicas
2025-11-11 00:06:44 - [SUCCESS] Scaled worker-7301 to 5 replicas
2025-11-11 00:06:54 - [SUCCESS] Scaled worker-2748 to 6 replicas
2025-11-11 00:07:04 - [SUCCESS] Scaled web-4834 to 5 replicas
2025-11-11 00:07:12 - [SUCCESS] Scaled worker-7620 to 3 replicas
2025-11-11 00:07:15 - [SUCCESS] Scaled worker-7620 to 6 replicas
2025-11-11 00:07:18 - [SUCCESS] Scaled worker-7620 to 8 replicas
2025-11-11 00:07:23 - [SUCCESS] Scaled worker-7620 to 5 replicas
2025-11-11 00:07:26 - [SUCCESS] Scaled worker-7620 to 2 replicas
2025-11-11 00:07:39 - [SUCCESS] Scaled web-1433 to 4 replicas
2025-11-11 00:07:49 - [SUCCESS] Scaled cache-7652 to 3 replicas
2025-11-11 00:07:51 - [FAILED] Stopped application cache-3559
2025-11-11 00:07:51 - [FAILED] Stopped application api-5008
2025-11-11 00:07:51 - [FAILED] Stopped application db-5423
2025-11-11 00:07:51 - [FAILED] Stopped application worker-1317
2025-11-11 00:07:51 - [FAILED] Stopped application cache-3431
2025-11-11 00:07:51 - [FAILED] Stopped application api-7158
2025-11-11 00:07:51 - [FAILED] Stopped application web-1146
2025-11-11 00:07:51 - [FAILED] Stopped application web-9122
2025-11-11 00:07:51 - [FAILED] Stopped application web-6388
2025-11-11 00:07:51 - [FAILED] Stopped application worker-5241
2025-11-11 00:07:51 - [FAILED] Stopped application db-5572
2025-11-11 00:07:51 - [FAILED] Stopped application cache-1490
2025-11-11 00:07:51 - [FAILED] Stopped application worker-7146
2025-11-11 00:07:51 - [FAILED] Stopped application db-9224
2025-11-11 00:07:51 - [FAILED] Stopped application api-2610
2025-11-11 00:07:51 - [FAILED] Stopped application cache-1212
2025-11-11 00:07:51 - [FAILED] Stopped application cache-4153
2025-11-11 00:07:51 - [FAILED] Stopped application api-8367
2025-11-11 00:07:51 - [FAILED] Stopped application api-7201
2025-11-11 00:07:51 - [FAILED] Stopped application db-9961
2025-11-11 00:07:51 - [FAILED] Stopped application api-2192
2025-11-11 00:07:51 - [FAILED] Stopped application cache-6998
2025-11-11 00:07:51 - [FAILED] Stopped application web-3516
2025-11-11 00:07:51 - [FAILED] Stopped application db-4473
2025-11-11 00:07:51 - [FAILED] Stopped application worker-4804
2025-11-11 00:07:51 - [FAILED] Stopped application worker-9780
2025-11-11 00:07:51 - [FAILED] Stopped application db-9593
2025-11-11 00:07:51 - [FAILED] Stopped application web-4805
2025-11-11 00:07:51 - [FAILED] Stopped application db-8913
2025-11-11 00:07:51 - [FAILED] Stopped application api-6852
2025-11-11 00:07:52 - [FAILED] Stopped application db-4423
2025-11-11 00:07:52 - [FAILED] Stopped application db-6918
2025-11-11 00:07:52 - [FAILED] Stopped application api-9058
2025-11-11 00:07:52 - [FAILED] Stopped application db-4203
2025-11-11 00:07:52 - [FAILED] Stopped application worker-8838
2025-11-11 00:07:52 - [FAILED] Stopped application db-5433
2025-11-11 00:07:52 - [FAILED] Stopped application api-2321
2025-11-11 00:07:52 - [FAILED] Stopped application web-5911
2025-11-11 00:07:52 - [FAILED] Stopped application worker-3459
2025-11-11 00:07:52 - [FAILED] Stopped application web-4787
2025-11-11 00:07:52 - [FAILED] Stopped application api-6414
2025-11-11 00:07:52 - [FAILED] Stopped application api-3006
2025-11-11 00:07:52 - [FAILED] Stopped application api-6408
2025-11-11 00:07:52 - [FAILED] Stopped application web-1536
2025-11-11 00:07:52 - [FAILED] Stopped application worker-4758
2025-11-11 00:07:52 - [FAILED] Stopped application worker-7477
2025-11-11 00:07:52 - [FAILED] Stopped application db-7788
2025-11-11 00:07:52 - [FAILED] Stopped application cache-6336
2025-11-11 00:07:52 - [FAILED] Stopped application api-3245
2025-11-11 00:07:52 - [FAILED] Stopped application api-8274
2025-11-11 00:07:52 - [FAILED] Stopped application web-7344
2025-11-11 00:07:52 - [FAILED] Stopped application db-2455
2025-11-11 00:07:52 - [FAILED] Stopped application db-3282
2025-11-11 00:07:52 - [FAILED] Stopped application db-8367
2025-11-11 00:07:52 - [FAILED] Stopped application db-4331
2025-11-11 00:07:52 - [FAILED] Stopped application worker-5796
2025-11-11 00:07:52 - [FAILED] Stopped application worker-8416
2025-11-11 00:07:52 - [FAILED] Stopped application api-9291
2025-11-11 00:07:52 - [FAILED] Stopped application api-6169
2025-11-11 00:07:52 - [FAILED] Stopped application db-9828
2025-11-11 00:07:52 - [FAILED] Stopped application web-7131
2025-11-11 00:07:52 - [FAILED] Stopped application worker-7023
2025-11-11 00:07:52 - [FAILED] Stopped application db-3292
2025-11-11 00:07:52 - [FAILED] Stopped application db-1316
2025-11-11 00:07:52 - [FAILED] Stopped application api-9149
2025-11-11 00:07:52 - [FAILED] Stopped application web-7708
2025-11-11 00:07:52 - [FAILED] Stopped application worker-7778
2025-11-11 00:07:52 - [FAILED] Stopped application cache-7785
2025-11-11 00:07:52 - [FAILED] Stopped application web-2480
2025-11-11 00:07:52 - [FAILED] Stopped application db-6182
2025-11-11 00:07:52 - [FAILED] Stopped application cache-1088
2025-11-11 00:07:52 - [FAILED] Stopped application worker-3539
2025-11-11 00:07:52 - [FAILED] Stopped application web-5405
2025-11-11 00:07:52 - [FAILED] Stopped application api-4644
2025-11-11 00:07:52 - [FAILED] Stopped application db-6995
2025-11-11 00:07:52 - [FAILED] Stopped application worker-8836
2025-11-11 00:07:52 - [SUCCESS] Scaled cache-7652 to 6 replicas
2025-11-11 00:07:52 - [FAILED] Stopped application db-7011
2025-11-11 00:07:52 - [FAILED] Stopped application worker-7557
2025-11-11 00:07:52 - [FAILED] Stopped application worker-3140
2025-11-11 00:07:53 - [FAILED] Stopped application web-9138
2025-11-11 00:07:53 - [FAILED] Stopped application api-7107
2025-11-11 00:07:53 - [FAILED] Stopped application api-8695
2025-11-11 00:07:53 - [FAILED] Stopped application web-7428
2025-11-11 00:07:53 - [FAILED] Stopped application worker-7953
2025-11-11 00:07:53 - [FAILED] Stopped application web-4377
2025-11-11 00:07:53 - [FAILED] Stopped application db-3597
2025-11-11 00:07:53 - [FAILED] Stopped application web-2988
2025-11-11 00:07:53 - [FAILED] Stopped application web-9583
2025-11-11 00:07:53 - [FAILED] Stopped application api-6915
2025-11-11 00:07:53 - [FAILED] Stopped application worker-9900
2025-11-11 00:07:53 - [FAILED] Stopped application web-5134
2025-11-11 00:07:53 - [FAILED] Stopped application api-8665
2025-11-11 00:07:53 - [FAILED] Stopped application web-2981
2025-11-11 00:07:53 - [FAILED] Stopped application web-8855
2025-11-11 00:07:53 - [FAILED] Stopped application worker-6565
2025-11-11 00:07:53 - [FAILED] Stopped application web-7049
2025-11-11 00:07:53 - [FAILED] Stopped application api-3371
2025-11-11 00:07:53 - [FAILED] Stopped application db-8133
2025-11-11 00:07:53 - [FAILED] Stopped application worker-8341
2025-11-11 00:07:53 - [FAILED] Stopped application worker-2696
2025-11-11 00:07:53 - [FAILED] Stopped application api-5735
2025-11-11 00:07:53 - [FAILED] Stopped application worker-7023
2025-11-11 00:07:53 - [FAILED] Stopped application db-2612
2025-11-11 00:07:53 - [FAILED] Stopped application web-4081
2025-11-11 00:07:53 - [FAILED] Stopped application api-5775
2025-11-11 00:07:53 - [FAILED] Stopped application worker-5686
2025-11-11 00:07:53 - [FAILED] Stopped application db-5247
2025-11-11 00:07:53 - [FAILED] Stopped application db-3638
2025-11-11 00:07:53 - [FAILED] Stopped application web-2942
2025-11-11 00:07:53 - [FAILED] Stopped application cache-9301
2025-11-11 00:07:53 - [FAILED] Stopped application web-5031
2025-11-11 00:07:53 - [FAILED] Stopped application api-5184
2025-11-11 00:07:53 - [FAILED] Stopped application db-3369
2025-11-11 00:07:53 - [FAILED] Stopped application db-6189
2025-11-11 00:07:53 - [FAILED] Stopped application api-2393
2025-11-11 00:07:53 - [FAILED] Stopped application web-9938
2025-11-11 00:07:53 - [FAILED] Stopped application api-7283
2025-11-11 00:07:53 - [FAILED] Stopped application web-3983
2025-11-11 00:07:53 - [FAILED] Stopped application worker-1972
2025-11-11 00:07:53 - [FAILED] Stopped application worker-2789
2025-11-11 00:07:53 - [FAILED] Stopped application db-6830
2025-11-11 00:07:53 - [FAILED] Stopped application api-6510
2025-11-11 00:07:54 - [FAILED] Stopped application web-9750
2025-11-11 00:07:54 - [FAILED] Stopped application api-8831
2025-11-11 00:07:54 - [FAILED] Stopped application web-8738
2025-11-11 00:07:54 - [FAILED] Stopped application worker-9412
2025-11-11 00:07:54 - [FAILED] Stopped application web-5170
2025-11-11 00:07:54 - [FAILED] Stopped application worker-7868
2025-11-11 00:07:54 - [FAILED] Stopped application api-6514
2025-11-11 00:07:54 - [FAILED] Stopped application api-2786
2025-11-11 00:07:54 - [FAILED] Stopped application web-3364
2025-11-11 00:07:54 - [FAILED] Stopped application web-1127
2025-11-11 00:07:54 - [FAILED] Stopped application worker-7176
2025-11-11 00:07:54 - [FAILED] Stopped application db-9711
2025-11-11 00:07:57 - [SUCCESS] Scaled cache-7652 to 8 replicas
2025-11-11 00:08:01 - [SUCCESS] Scaled cache-7652 to 5 replicas
2025-11-11 00:08:06 - [SUCCESS] Scaled cache-7652 to 2 replicas
2025-11-11 00:08:22 - [SUCCESS] Scaled cache-8936 to 4 replicas
2025-11-11 00:08:36 - [SUCCESS] Scaled db-9593 to 3 replicas
2025-11-11 00:08:47 - [SUCCESS] Scaled worker-5813 to 1 replicas
2025-11-11 00:08:56 - [SUCCESS] Scaled web-5684 to 5 replicas
2025-11-11 00:09:02 - [SUCCESS] Scaled cache-5113 to 6 replicas
2025-11-11 00:09:08 - [SUCCESS] Scaled worker-4804 to 6 replicas
2025-11-11 00:09:08 - [SUCCESS] Deployed cache-7018 with image redis:latest (3 replicas)
2025-11-11 00:09:19 - [SUCCESS] Scaled cache-9527 to 4 replicas
2025-11-11 00:09:29 - [SUCCESS] Scaled cache-2866 to 3 replicas
2025-11-11 00:09:35 - [SUCCESS] Scaled web-9919 to 3 replicas
2025-11-11 00:09:36 - [SUCCESS] Scaled worker-4758 to 3 replicas
2025-11-11 00:09:39 - [SUCCESS] Scaled worker-4758 to 6 replicas
2025-11-11 00:09:42 - [SUCCESS] Scaled worker-4758 to 8 replicas
2025-11-11 00:09:47 - [SUCCESS] Scaled worker-4758 to 5 replicas
2025-11-11 00:09:50 - [SUCCESS] Scaled worker-4758 to 2 replicas
2025-11-11 00:10:02 - [SUCCESS] Scaled db-6703 to 2 replicas
2025-11-11 00:10:10 - [SUCCESS] Scaled api-9601 to 2 replicas
2025-11-11 00:10:24 - [SUCCESS] Deployed cache-3634 with image memcached:latest (2 replicas)
2025-11-11 00:10:25 - [SUCCESS] Scaled db-9828 to 6 replicas
2025-11-11 00:10:32 - [SUCCESS] Scaled web-9583 to 6 replicas
2025-11-11 00:10:39 - [SUCCESS] Scaled worker-3969 to 3 replicas
2025-11-11 00:10:46 - [SUCCESS] Scaled worker-1396 to 6 replicas
2025-11-11 00:10:53 - [SUCCESS] Scaled web-6908 to 5 replicas
2025-11-11 00:11:04 - [SUCCESS] Scaled worker-3254 to 2 replicas
2025-11-11 00:11:14 - [SUCCESS] Scaled api-3245 to 6 replicas
2025-11-11 00:11:20 - [SUCCESS] Scaled db-6793 to 3 replicas
2025-11-11 00:11:23 - [SUCCESS] Scaled db-6793 to 6 replicas
2025-11-11 00:11:26 - [SUCCESS] Scaled db-6793 to 8 replicas
2025-11-11 00:11:28 - [SUCCESS] Scaled db-6793 to 5 replicas
2025-11-11 00:11:33 - [SUCCESS] Scaled db-6793 to 2 replicas
2025-11-11 00:11:48 - [SUCCESS] Scaled db-7788 to 1 replicas
2025-11-11 00:12:01 - [SUCCESS] Scaled worker-1396 to 3 replicas
2025-11-11 00:12:15 - [SUCCESS] Scaled db-2982 to 3 replicas
2025-11-11 00:12:17 - [SUCCESS] Deployed worker-6026 with image rabbitmq:latest (2 replicas)
2025-11-11 00:12:18 - [SUCCESS] Scaled db-2982 to 6 replicas
2025-11-11 00:12:21 - [SUCCESS] Scaled db-2982 to 8 replicas
2025-11-11 00:12:24 - [SUCCESS] Scaled db-2982 to 5 replicas
2025-11-11 00:12:29 - [SUCCESS] Scaled db-2982 to 2 replicas
2025-11-11 00:12:41 - [SUCCESS] Scaled db-6793 to 3 replicas
2025-11-11 00:12:52 - [SUCCESS] Scaled cache-5356 to 2 replicas
2025-11-11 00:13:04 - [SUCCESS] Scaled db-5702 to 3 replicas
2025-11-11 00:13:06 - [SUCCESS] Scaled db-5702 to 6 replicas
2025-11-11 00:13:11 - [SUCCESS] Scaled db-5702 to 8 replicas
2025-11-11 00:13:15 - [SUCCESS] Scaled db-5702 to 5 replicas
2025-11-11 00:13:20 - [SUCCESS] Scaled db-5702 to 2 replicas
2025-11-11 00:13:35 - [SUCCESS] Scaled web-4996 to 4 replicas
2025-11-11 00:13:36 - [SUCCESS] Deployed db-7625 with image mysql:latest (1 replicas)
2025-11-11 00:13:49 - [SUCCESS] Scaled worker-3448 to 3 replicas
2025-11-11 00:13:54 - [SUCCESS] Scaled worker-3448 to 6 replicas
2025-11-11 00:13:55 - [SUCCESS] Scaled db-7788 to 7 replicas
2025-11-11 00:13:58 - [SUCCESS] Scaled worker-3448 to 8 replicas
2025-11-11 00:14:02 - [SUCCESS] Scaled worker-3448 to 5 replicas
2025-11-11 00:14:05 - [SUCCESS] Scaled worker-3448 to 2 replicas
2025-11-11 00:14:20 - [SUCCESS] Scaled api-9058 to 5 replicas
2025-11-11 00:14:30 - [SUCCESS] Scaled cache-5708 to 2 replicas
2025-11-11 00:14:44 - [SUCCESS] Scaled db-4936 to 2 replicas
2025-11-11 00:14:51 - [SUCCESS] Scaled cache-7738 to 6 replicas
2025-11-11 00:14:58 - [SUCCESS] Scaled web-7344 to 3 replicas
2025-11-11 00:15:02 - [SUCCESS] Scaled web-7344 to 6 replicas
2025-11-11 00:15:05 - [SUCCESS] Scaled api-8367 to 4 replicas
2025-11-11 00:15:07 - [SUCCESS] Scaled web-7344 to 8 replicas
2025-11-11 00:15:10 - [SUCCESS] Scaled web-7344 to 5 replicas
2025-11-11 00:15:11 - [SUCCESS] Scaled db-7410 to 4 replicas
2025-11-11 00:15:15 - [SUCCESS] Scaled web-7344 to 2 replicas
2025-11-11 00:15:17 - [SUCCESS] Scaled worker-5241 to 3 replicas
2025-11-11 00:15:20 - [SUCCESS] Scaled worker-5241 to 6 replicas
2025-11-11 00:15:24 - [SUCCESS] Scaled worker-5241 to 8 replicas
2025-11-11 00:15:29 - [SUCCESS] Scaled worker-5241 to 5 replicas
2025-11-11 00:15:33 - [SUCCESS] Scaled worker-5241 to 2 replicas
2025-11-11 00:15:48 - [SUCCESS] Scaled worker-2382 to 3 replicas
2025-11-11 00:15:48 - [SUCCESS] Scaled worker-1153 to 2 replicas
2025-11-11 00:16:00 - [SUCCESS] Scaled worker-3581 to 3 replicas
2025-11-11 00:16:05 - [SUCCESS] Scaled worker-3581 to 6 replicas
2025-11-11 00:16:08 - [SUCCESS] Scaled worker-3581 to 8 replicas
2025-11-11 00:16:12 - [SUCCESS] Scaled worker-3581 to 5 replicas
2025-11-11 00:16:14 - [SUCCESS] Scaled worker-3581 to 2 replicas
2025-11-11 00:16:26 - [SUCCESS] Scaled worker-8615 to 6 replicas
2025-11-11 00:16:36 - [SUCCESS] Scaled db-1639 to 3 replicas
2025-11-11 00:16:38 - [SUCCESS] Scaled db-1639 to 6 replicas
2025-11-11 00:16:41 - [SUCCESS] Scaled db-1639 to 8 replicas
2025-11-11 00:16:44 - [SUCCESS] Scaled db-1639 to 5 replicas
2025-11-11 00:16:47 - [SUCCESS] Scaled db-1639 to 2 replicas
2025-11-11 00:17:06 - [SUCCESS] Scaled api-8198 to 6 replicas
2025-11-11 00:17:15 - [SUCCESS] Scaled web-1305 to 3 replicas
2025-11-11 00:17:19 - [SUCCESS] Scaled web-1305 to 6 replicas
2025-11-11 00:17:24 - [SUCCESS] Scaled web-1305 to 8 replicas
2025-11-11 00:17:29 - [SUCCESS] Scaled web-1305 to 5 replicas
2025-11-11 00:17:31 - [SUCCESS] Scaled web-1305 to 2 replicas
2025-11-11 00:17:38 - [SUCCESS] Scaled api-7624 to 3 replicas
2025-11-11 00:17:42 - [SUCCESS] Scaled api-7624 to 6 replicas
2025-11-11 00:17:45 - [SUCCESS] Scaled api-7624 to 8 replicas
2025-11-11 00:17:48 - [SUCCESS] Scaled api-7624 to 5 replicas
2025-11-11 00:17:53 - [SUCCESS] Scaled api-7624 to 2 replicas
2025-11-11 00:18:02 - [SUCCESS] Deployed db-4852 with image mysql:latest (5 replicas)
2025-11-11 00:18:06 - [SUCCESS] Scaled cache-6998 to 3 replicas
2025-11-11 00:18:09 - [SUCCESS] Scaled cache-6998 to 6 replicas
2025-11-11 00:18:12 - [SUCCESS] Scaled cache-6998 to 8 replicas
2025-11-11 00:18:14 - [SUCCESS] Scaled cache-6998 to 5 replicas
2025-11-11 00:18:16 - [SUCCESS] Scaled cache-6998 to 2 replicas
2025-11-11 00:18:28 - [SUCCESS] Scaled worker-3448 to 3 replicas
2025-11-11 00:18:33 - [SUCCESS] Scaled worker-3448 to 6 replicas
2025-11-11 00:18:37 - [SUCCESS] Scaled worker-3448 to 8 replicas
2025-11-11 00:18:41 - [SUCCESS] Scaled worker-3448 to 5 replicas
2025-11-11 00:18:43 - [SUCCESS] Scaled worker-3448 to 2 replicas
2025-11-11 00:18:55 - [SUCCESS] Scaled worker-6099 to 1 replicas
2025-11-11 00:18:57 - [SUCCESS] Scaled worker-7477 to 5 replicas
2025-11-11 00:19:07 - [SUCCESS] Scaled cache-5704 to 3 replicas
2025-11-11 00:19:10 - [SUCCESS] Scaled cache-5704 to 6 replicas
2025-11-11 00:19:13 - [SUCCESS] Scaled cache-5704 to 8 replicas
2025-11-11 00:19:16 - [SUCCESS] Scaled cache-5704 to 5 replicas
2025-11-11 00:19:21 - [SUCCESS] Scaled cache-5704 to 2 replicas
2025-11-11 00:19:37 - [SUCCESS] Scaled web-1057 to 6 replicas
2025-11-11 00:19:44 - [SUCCESS] Scaled api-7201 to 3 replicas
2025-11-11 00:19:49 - [SUCCESS] Scaled api-7201 to 6 replicas
2025-11-11 00:19:51 - [SUCCESS] Scaled web-6810 to 3 replicas
2025-11-11 00:19:52 - [SUCCESS] Scaled api-7201 to 8 replicas
2025-11-11 00:19:55 - [SUCCESS] Scaled api-7201 to 5 replicas
2025-11-11 00:19:57 - [SUCCESS] Scaled api-7201 to 2 replicas
2025-11-11 00:20:02 - [SUCCESS] Scaled db-9668 to 3 replicas
2025-11-11 00:20:05 - [SUCCESS] Scaled db-9668 to 6 replicas
2025-11-11 00:20:07 - [SUCCESS] Scaled db-9668 to 8 replicas
2025-11-11 00:20:12 - [SUCCESS] Scaled db-9668 to 5 replicas
2025-11-11 00:20:16 - [SUCCESS] Scaled db-9668 to 2 replicas
2025-11-11 00:20:26 - [SUCCESS] Scaled web-5250 to 4 replicas
2025-11-11 00:20:41 - [SUCCESS] Scaled cache-5113 to 3 replicas
2025-11-11 00:20:46 - [SUCCESS] Scaled cache-5113 to 6 replicas
2025-11-11 00:20:50 - [SUCCESS] Scaled cache-5113 to 8 replicas
2025-11-11 00:20:55 - [SUCCESS] Scaled cache-5113 to 5 replicas
2025-11-11 00:21:00 - [SUCCESS] Scaled cache-5113 to 2 replicas
2025-11-11 00:21:12 - [SUCCESS] Scaled cache-6581 to 2 replicas
2025-11-11 00:21:26 - [SUCCESS] Scaled cache-1635 to 3 replicas
2025-11-11 00:21:29 - [SUCCESS] Scaled cache-1635 to 6 replicas
2025-11-11 00:21:33 - [SUCCESS] Scaled cache-1635 to 8 replicas
2025-11-11 00:21:38 - [SUCCESS] Scaled cache-1635 to 5 replicas
2025-11-11 00:21:40 - [SUCCESS] Scaled cache-1635 to 2 replicas
2025-11-11 00:21:50 - [SUCCESS] Scaled api-1043 to 2 replicas
2025-11-11 00:21:57 - [SUCCESS] Scaled api-1839 to 6 replicas
2025-11-11 00:22:10 - [SUCCESS] Scaled cache-8465 to 4 replicas
2025-11-11 00:22:17 - [SUCCESS] Scaled web-9919 to 6 replicas
2025-11-11 00:22:19 - [SUCCESS] Scaled db-6186 to 4 replicas
2025-11-11 00:22:25 - [SUCCESS] Scaled cache-3918 to 4 replicas
2025-11-11 00:22:38 - [SUCCESS] Scaled db-4845 to 5 replicas
2025-11-11 00:22:48 - [SUCCESS] Scaled worker-3680 to 5 replicas
2025-11-11 00:22:52 - [SUCCESS] Scaled api-3279 to 3 replicas
2025-11-11 00:22:57 - [SUCCESS] Scaled api-3279 to 6 replicas
2025-11-11 00:22:59 - [SUCCESS] Scaled api-3279 to 8 replicas
2025-11-11 00:23:01 - [SUCCESS] Scaled api-3279 to 5 replicas
2025-11-11 00:23:05 - [SUCCESS] Scaled api-3279 to 2 replicas
2025-11-11 00:23:17 - [SUCCESS] Scaled cache-3559 to 3 replicas
2025-11-11 00:23:19 - [SUCCESS] Scaled cache-3559 to 6 replicas
2025-11-11 00:23:23 - [SUCCESS] Scaled cache-3559 to 8 replicas
2025-11-11 00:23:27 - [SUCCESS] Scaled cache-3559 to 5 replicas
2025-11-11 00:23:30 - [SUCCESS] Scaled cache-3559 to 2 replicas
2025-11-11 00:23:46 - [SUCCESS] Scaled web-7813 to 3 replicas
2025-11-11 00:23:48 - [SUCCESS] Scaled web-7813 to 6 replicas
2025-11-11 00:23:50 - [SUCCESS] Scaled web-7813 to 8 replicas
2025-11-11 00:23:55 - [SUCCESS] Scaled web-7813 to 5 replicas
2025-11-11 00:24:00 - [SUCCESS] Scaled web-7813 to 2 replicas
2025-11-11 00:24:10 - [SUCCESS] Scaled cache-6581 to 3 replicas
2025-11-11 00:24:11 - [SUCCESS] Deployed worker-9349 with image rabbitmq:latest (2 replicas)
2025-11-11 00:24:13 - [SUCCESS] Scaled cache-6581 to 6 replicas
2025-11-11 00:24:17 - [SUCCESS] Scaled cache-6581 to 8 replicas
2025-11-11 00:24:20 - [SUCCESS] Scaled cache-6581 to 5 replicas
2025-11-11 00:24:24 - [SUCCESS] Scaled cache-6581 to 2 replicas
2025-11-11 00:24:32 - [SUCCESS] Scaled cache-1518 to 3 replicas
2025-11-11 00:24:36 - [SUCCESS] Scaled cache-1518 to 6 replicas
2025-11-11 00:24:41 - [SUCCESS] Scaled cache-1518 to 8 replicas
2025-11-11 00:24:44 - [SUCCESS] Scaled cache-1518 to 5 replicas
2025-11-11 00:24:47 - [SUCCESS] Scaled cache-1518 to 2 replicas
2025-11-11 00:25:02 - [SUCCESS] Scaled web-4262 to 3 replicas
2025-11-11 00:25:06 - [SUCCESS] Scaled web-4262 to 6 replicas
2025-11-11 00:25:07 - [SUCCESS] Deployed cache-3508 with image redis:latest (1 replicas)
2025-11-11 00:25:09 - [SUCCESS] Scaled web-4262 to 8 replicas
2025-11-11 00:25:14 - [SUCCESS] Scaled web-4262 to 5 replicas
2025-11-11 00:25:18 - [SUCCESS] Scaled web-4262 to 2 replicas
2025-11-11 00:25:32 - [SUCCESS] Scaled web-9396 to 2 replicas
2025-11-11 00:25:40 - [SUCCESS] Scaled web-4893 to 4 replicas
2025-11-11 00:25:45 - [SUCCESS] Scaled worker-6565 to 3 replicas
2025-11-11 00:25:47 - [SUCCESS] Scaled worker-6565 to 6 replicas
2025-11-11 00:25:52 - [SUCCESS] Scaled worker-6565 to 8 replicas
2025-11-11 00:25:52 - [SUCCESS] Scaled web-9938 to 6 replicas
2025-11-11 00:25:54 - [SUCCESS] Scaled worker-6565 to 5 replicas
2025-11-11 00:25:57 - [SUCCESS] Scaled worker-6565 to 2 replicas
2025-11-11 00:26:07 - [SUCCESS] Scaled web-2981 to 5 replicas
2025-11-11 00:26:13 - [SUCCESS] Scaled db-4455 to 1 replicas
2025-11-11 00:26:22 - [SUCCESS] Scaled api-5902 to 3 replicas
2025-11-11 00:26:26 - [SUCCESS] Scaled api-5902 to 6 replicas
2025-11-11 00:26:29 - [SUCCESS] Scaled api-5902 to 8 replicas
2025-11-11 00:26:31 - [SUCCESS] Scaled api-5902 to 5 replicas
2025-11-11 00:26:35 - [SUCCESS] Scaled api-5902 to 2 replicas
2025-11-11 00:26:47 - [SUCCESS] Scaled worker-5780 to 6 replicas
2025-11-11 00:26:59 - [SUCCESS] Scaled cache-3431 to 4 replicas
2025-11-11 00:27:08 - [SUCCESS] Scaled cache-8564 to 2 replicas
2025-11-11 00:27:21 - [SUCCESS] Scaled cache-1733 to 3 replicas
2025-11-11 00:27:23 - [SUCCESS] Deployed web-9084 with image httpd:latest (1 replicas)
2025-11-11 00:27:28 - [SUCCESS] Scaled web-3983 to 3 replicas
2025-11-11 00:27:31 - [SUCCESS] Scaled web-3983 to 6 replicas
2025-11-11 00:27:34 - [SUCCESS] Scaled web-3983 to 8 replicas
2025-11-11 00:27:37 - [SUCCESS] Scaled web-3983 to 5 replicas
2025-11-11 00:27:40 - [SUCCESS] Scaled web-3983 to 2 replicas
2025-11-11 00:27:52 - [SUCCESS] Scaled cache-1549 to 1 replicas
2025-11-11 00:28:04 - [SUCCESS] Scaled worker-3680 to 3 replicas
2025-11-11 00:28:07 - [SUCCESS] Scaled worker-3680 to 6 replicas
2025-11-11 00:28:09 - [SUCCESS] Scaled worker-3680 to 8 replicas
2025-11-11 00:28:14 - [SUCCESS] Scaled worker-3680 to 5 replicas
2025-11-11 00:28:19 - [SUCCESS] Scaled worker-3680 to 2 replicas
2025-11-11 00:28:29 - [SUCCESS] Scaled worker-8464 to 1 replicas
2025-11-11 00:28:36 - [SUCCESS] Scaled db-7625 to 1 replicas
2025-11-11 00:28:40 - [SUCCESS] Deployed db-5785 with image mysql:latest (4 replicas)
2025-11-11 00:28:49 - [SUCCESS] Scaled db-3420 to 4 replicas
2025-11-11 00:28:58 - [SUCCESS] Scaled api-5976 to 6 replicas
2025-11-11 00:29:09 - [SUCCESS] Scaled api-7206 to 4 replicas
2025-11-11 00:29:16 - [SUCCESS] Scaled api-9209 to 1 replicas
2025-11-11 00:29:25 - [SUCCESS] Scaled db-3295 to 3 replicas
2025-11-11 00:29:39 - [SUCCESS] Scaled cache-2759 to 3 replicas
2025-11-11 00:29:42 - [SUCCESS] Scaled cache-2759 to 6 replicas
2025-11-11 00:29:44 - [SUCCESS] Scaled cache-2759 to 8 replicas
2025-11-11 00:29:45 - [SUCCESS] Deployed cache-4760 with image memcached:latest (1 replicas)
2025-11-11 00:29:48 - [SUCCESS] Scaled cache-2759 to 5 replicas
2025-11-11 00:29:51 - [SUCCESS] Scaled cache-2759 to 2 replicas
2025-11-11 00:30:01 - [SUCCESS] Scaled worker-8313 to 2 replicas
2025-11-11 00:30:08 - [SUCCESS] Scaled web-9583 to 2 replicas
2025-11-11 00:30:20 - [SUCCESS] Scaled api-4510 to 1 replicas
2025-11-11 00:30:34 - [SUCCESS] Scaled db-5884 to 5 replicas
2025-11-11 00:30:45 - [SUCCESS] Scaled db-5343 to 6 replicas
2025-11-11 00:30:54 - [SUCCESS] Scaled cache-7652 to 3 replicas
2025-11-11 00:30:58 - [SUCCESS] Scaled cache-7652 to 6 replicas
2025-11-11 00:31:03 - [SUCCESS] Scaled cache-7652 to 8 replicas
2025-11-11 00:31:05 - [SUCCESS] Scaled cache-7652 to 5 replicas
2025-11-11 00:31:08 - [SUCCESS] Scaled cache-7652 to 2 replicas
2025-11-11 00:31:25 - [SUCCESS] Scaled api-7201 to 5 replicas
2025-11-11 00:31:36 - [SUCCESS] Scaled web-1339 to 3 replicas
2025-11-11 00:31:45 - [SUCCESS] Scaled worker-1990 to 1 replicas
2025-11-11 00:31:51 - [SUCCESS] Scaled web-5031 to 5 replicas
2025-11-11 00:31:54 - [SUCCESS] Scaled cache-7383 to 4 replicas
2025-11-11 00:32:00 - [SUCCESS] Scaled cache-7626 to 2 replicas
2025-11-11 00:32:09 - [SUCCESS] Scaled web-8102 to 1 replicas
2025-11-11 00:32:19 - [SUCCESS] Scaled db-3187 to 3 replicas
2025-11-11 00:32:25 - [SUCCESS] Scaled cache-6660 to 5 replicas
2025-11-11 00:32:31 - [SUCCESS] Scaled worker-3969 to 5 replicas
2025-11-11 00:32:38 - [SUCCESS] Scaled web-6501 to 2 replicas
2025-11-11 00:32:49 - [SUCCESS] Scaled api-6408 to 5 replicas
2025-11-11 00:32:57 - [SUCCESS] Scaled api-3486 to 3 replicas
2025-11-11 00:33:01 - [SUCCESS] Scaled api-3486 to 6 replicas
2025-11-11 00:33:06 - [SUCCESS] Scaled api-3486 to 8 replicas
2025-11-11 00:33:09 - [SUCCESS] Scaled api-3486 to 5 replicas
2025-11-11 00:33:13 - [SUCCESS] Scaled api-3486 to 2 replicas
2025-11-11 00:33:22 - [SUCCESS] Scaled worker-2494 to 3 replicas
2025-11-11 00:33:24 - [SUCCESS] Scaled db-6901 to 3 replicas
2025-11-11 00:33:26 - [SUCCESS] Scaled worker-2494 to 6 replicas
2025-11-11 00:33:30 - [SUCCESS] Scaled worker-2494 to 8 replicas
2025-11-11 00:33:34 - [SUCCESS] Scaled worker-2494 to 5 replicas
2025-11-11 00:33:35 - [SUCCESS] Scaled worker-3448 to 3 replicas
2025-11-11 00:33:38 - [SUCCESS] Scaled worker-2494 to 2 replicas
2025-11-11 00:33:39 - [SUCCESS] Scaled worker-3448 to 6 replicas
2025-11-11 00:33:43 - [SUCCESS] Scaled worker-3448 to 8 replicas
2025-11-11 00:33:47 - [SUCCESS] Scaled worker-3448 to 5 replicas
2025-11-11 00:33:49 - [SUCCESS] Scaled worker-3448 to 2 replicas
2025-11-11 00:34:00 - [SUCCESS] Deployed web-1752 with image httpd:latest (3 replicas)
2025-11-11 00:34:06 - [SUCCESS] Scaled cache-7018 to 3 replicas
2025-11-11 00:34:09 - [SUCCESS] Scaled cache-7018 to 6 replicas
2025-11-11 00:34:13 - [SUCCESS] Scaled cache-7018 to 8 replicas
2025-11-11 00:34:17 - [SUCCESS] Scaled cache-7018 to 5 replicas
2025-11-11 00:34:20 - [SUCCESS] Scaled cache-7018 to 2 replicas
2025-11-11 00:34:31 - [SUCCESS] Scaled cache-1733 to 1 replicas
2025-11-11 00:34:33 - [SUCCESS] Deployed worker-8691 with image redis:latest (1 replicas)
2025-11-11 00:34:46 - [SUCCESS] Scaled api-3279 to 2 replicas
2025-11-11 00:34:55 - [SUCCESS] Scaled web-2549 to 4 replicas
2025-11-11 00:35:03 - [SUCCESS] Scaled worker-5148 to 5 replicas
2025-11-11 00:35:15 - [SUCCESS] Scaled db-5288 to 5 replicas
2025-11-11 00:35:26 - [SUCCESS] Scaled worker-2748 to 3 replicas
2025-11-11 00:35:34 - [SUCCESS] Scaled worker-6505 to 1 replicas
2025-11-11 00:35:47 - [SUCCESS] Scaled worker-1280 to 6 replicas
2025-11-11 00:36:02 - [SUCCESS] Scaled worker-3140 to 3 replicas
2025-11-11 00:36:04 - [SUCCESS] Scaled worker-3140 to 6 replicas
2025-11-11 00:36:09 - [SUCCESS] Scaled worker-3140 to 8 replicas
2025-11-11 00:36:13 - [SUCCESS] Scaled worker-3140 to 5 replicas
2025-11-11 00:36:16 - [SUCCESS] Scaled worker-3140 to 2 replicas
2025-11-11 00:36:25 - [SUCCESS] Scaled cache-2756 to 3 replicas
2025-11-11 00:36:27 - [SUCCESS] Scaled cache-2756 to 6 replicas
2025-11-11 00:36:31 - [SUCCESS] Scaled cache-2756 to 8 replicas
2025-11-11 00:36:35 - [SUCCESS] Scaled cache-2756 to 5 replicas
2025-11-11 00:36:39 - [SUCCESS] Scaled cache-2756 to 2 replicas
2025-11-11 00:36:43 - [SUCCESS] Scaled worker-2456 to 2 replicas
2025-11-11 00:36:51 - [SUCCESS] Scaled api-8217 to 6 replicas
2025-11-11 00:36:59 - [SUCCESS] Scaled worker-5686 to 3 replicas
2025-11-11 00:37:04 - [SUCCESS] Scaled worker-5686 to 6 replicas
2025-11-11 00:37:09 - [SUCCESS] Scaled worker-5686 to 8 replicas
2025-11-11 00:37:12 - [SUCCESS] Scaled worker-5686 to 5 replicas
2025-11-11 00:37:16 - [SUCCESS] Scaled worker-5686 to 2 replicas
2025-11-11 00:37:20 - [SUCCESS] Scaled worker-5796 to 3 replicas
2025-11-11 00:37:24 - [SUCCESS] Scaled worker-5796 to 6 replicas
2025-11-11 00:37:29 - [SUCCESS] Scaled worker-5796 to 8 replicas
2025-11-11 00:37:32 - [SUCCESS] Scaled worker-5796 to 5 replicas
2025-11-11 00:37:34 - [SUCCESS] Scaled db-7514 to 3 replicas
2025-11-11 00:37:36 - [SUCCESS] Scaled worker-5796 to 2 replicas
2025-11-11 00:37:39 - [SUCCESS] Scaled db-7514 to 6 replicas
2025-11-11 00:37:42 - [SUCCESS] Scaled db-7514 to 8 replicas
2025-11-11 00:37:47 - [SUCCESS] Scaled db-7514 to 5 replicas
2025-11-11 00:37:51 - [SUCCESS] Scaled db-7514 to 2 replicas
2025-11-11 00:37:54 - [FAILED] Stopped application db-5423
2025-11-11 00:37:54 - [FAILED] Stopped application db-9668
2025-11-11 00:37:54 - [FAILED] Stopped application worker-1317
2025-11-11 00:37:54 - [FAILED] Stopped application api-7206
2025-11-11 00:37:54 - [FAILED] Stopped application web-1146
2025-11-11 00:37:54 - [FAILED] Stopped application web-5056
2025-11-11 00:37:54 - [FAILED] Stopped application worker-2877
2025-11-11 00:37:54 - [FAILED] Stopped application api-2574
2025-11-11 00:37:54 - [FAILED] Stopped application api-9209
2025-11-11 00:37:54 - [FAILED] Stopped application web-5555
2025-11-11 00:37:54 - [FAILED] Stopped application cache-5708
2025-11-11 00:37:54 - [FAILED] Stopped application cache-1212
2025-11-11 00:37:54 - [FAILED] Stopped application cache-4153
2025-11-11 00:37:54 - [FAILED] Stopped application cache-3521
2025-11-11 00:37:54 - [FAILED] Stopped application cache-4475
2025-11-11 00:37:54 - [FAILED] Stopped application cache-6667
2025-11-11 00:37:54 - [FAILED] Stopped application db-9961
2025-11-11 00:37:54 - [FAILED] Stopped application worker-2494
2025-11-11 00:37:54 - [FAILED] Stopped application cache-7636
2025-11-11 00:37:54 - [FAILED] Stopped application worker-3680
2025-11-11 00:37:54 - [FAILED] Stopped application cache-6488
2025-11-11 00:37:54 - [FAILED] Stopped application db-8913
2025-11-11 00:37:54 - [FAILED] Stopped application web-9010
2025-11-11 00:37:54 - [FAILED] Stopped application api-6963
2025-11-11 00:37:54 - [FAILED] Stopped application cache-8056
2025-11-11 00:37:54 - [FAILED] Stopped application web-4589
2025-11-11 00:37:54 - [FAILED] Stopped application api-9258
2025-11-11 00:37:54 - [FAILED] Stopped application api-9058
2025-11-11 00:37:54 - [FAILED] Stopped application worker-5780
2025-11-11 00:37:54 - [FAILED] Stopped application db-3885
2025-11-11 00:37:54 - [FAILED] Stopped application cache-5667
2025-11-11 00:37:54 - [FAILED] Stopped application cache-4484
2025-11-11 00:37:54 - [FAILED] Stopped application api-6408
2025-11-11 00:37:54 - [FAILED] Stopped application worker-4758
2025-11-11 00:37:54 - [FAILED] Stopped application cache-4027
2025-11-11 00:37:54 - [FAILED] Stopped application api-8274
2025-11-11 00:37:54 - [FAILED] Stopped application db-4331
2025-11-11 00:37:54 - [FAILED] Stopped application db-6928
2025-11-11 00:37:54 - [FAILED] Stopped application api-9291
2025-11-11 00:37:54 - [FAILED] Stopped application worker-4568
2025-11-11 00:37:55 - [FAILED] Stopped application worker-2091
2025-11-11 00:37:55 - [FAILED] Stopped application worker-1000
2025-11-11 00:37:55 - [FAILED] Stopped application db-6901
2025-11-11 00:37:55 - [FAILED] Stopped application worker-7023
2025-11-11 00:37:55 - [FAILED] Stopped application db-2982
2025-11-11 00:37:55 - [FAILED] Stopped application db-3859
2025-11-11 00:37:55 - [FAILED] Stopped application web-2175
2025-11-11 00:37:55 - [FAILED] Stopped application db-3972
2025-11-11 00:37:55 - [FAILED] Stopped application web-1890
2025-11-11 00:37:55 - [FAILED] Stopped application api-4510
2025-11-11 00:37:55 - [FAILED] Stopped application worker-7557
2025-11-11 00:37:55 - [FAILED] Stopped application db-7555
2025-11-11 00:37:55 - [FAILED] Stopped application db-2294
2025-11-11 00:37:55 - [FAILED] Stopped application cache-2866
2025-11-11 00:37:55 - [FAILED] Stopped application api-8865
2025-11-11 00:37:55 - [FAILED] Stopped application web-2988
2025-11-11 00:37:55 - [FAILED] Stopped application worker-1280
2025-11-11 00:37:55 - [FAILED] Stopped application worker-3530
2025-11-11 00:37:55 - [FAILED] Stopped application worker-3709
2025-11-11 00:37:55 - [FAILED] Stopped application api-5088
2025-11-11 00:37:55 - [FAILED] Stopped application web-2981
2025-11-11 00:37:55 - [FAILED] Stopped application api-2177
2025-11-11 00:37:55 - [FAILED] Stopped application worker-6002
2025-11-11 00:37:55 - [FAILED] Stopped application api-8217
2025-11-11 00:37:55 - [FAILED] Stopped application web-2274
2025-11-11 00:37:55 - [FAILED] Stopped application web-6527
2025-11-11 00:37:55 - [FAILED] Stopped application worker-3879
2025-11-11 00:37:55 - [FAILED] Stopped application cache-2104
2025-11-11 00:37:55 - [FAILED] Stopped application api-8875
2025-11-11 00:37:55 - [FAILED] Stopped application db-4597
2025-11-11 00:37:55 - [FAILED] Stopped application worker-8341
2025-11-11 00:37:55 - [FAILED] Stopped application web-5260
2025-11-11 00:37:55 - [FAILED] Stopped application web-1305
2025-11-11 00:37:55 - [FAILED] Stopped application api-5775
2025-11-11 00:37:55 - [FAILED] Stopped application web-7009
2025-11-11 00:37:55 - [FAILED] Stopped application db-3638
2025-11-11 00:37:55 - [FAILED] Stopped application web-4834
2025-11-11 00:37:55 - [FAILED] Stopped application worker-7773
2025-11-11 00:37:55 - [FAILED] Stopped application web-6810
2025-11-11 00:37:55 - [FAILED] Stopped application cache-4079
2025-11-11 00:37:55 - [FAILED] Stopped application api-2393
2025-11-11 00:37:55 - [FAILED] Stopped application db-6703
2025-11-11 00:37:55 - [FAILED] Stopped application api-7283
2025-11-11 00:37:55 - [FAILED] Stopped application web-5250
2025-11-11 00:37:55 - [FAILED] Stopped application db-5370
2025-11-11 00:37:55 - [FAILED] Stopped application worker-1396
2025-11-11 00:37:55 - [FAILED] Stopped application cache-2759
2025-11-11 00:37:55 - [FAILED] Stopped application api-6510
2025-11-11 00:37:55 - [FAILED] Stopped application db-5084
2025-11-11 00:37:55 - [FAILED] Stopped application worker-2456
2025-11-11 00:37:55 - [FAILED] Stopped application web-8738
2025-11-11 00:37:55 - [FAILED] Stopped application web-3481
2025-11-11 00:37:55 - [FAILED] Stopped application db-3533
2025-11-11 00:37:55 - [FAILED] Stopped application worker-7868
2025-11-11 00:37:55 - [FAILED] Stopped application api-6514
2025-11-11 00:37:55 - [FAILED] Stopped application api-2786
2025-11-11 00:37:55 - [FAILED] Stopped application web-3364
2025-11-11 00:37:55 - [FAILED] Stopped application worker-7176
2025-11-11 00:37:55 - [FAILED] Stopped application db-9711
2025-11-11 00:37:56 - [FAILED] Stopped application db-4455
2025-11-11 00:37:56 - [FAILED] Stopped application worker-5257
2025-11-11 00:37:56 - [FAILED] Stopped application db-9814
2025-11-11 00:37:56 - [FAILED] Stopped application worker-3581
2025-11-11 00:37:56 - [FAILED] Stopped application web-4850
2025-11-11 00:37:56 - [FAILED] Stopped application web-6438
2025-11-11 00:37:56 - [FAILED] Stopped application api-1778
2025-11-11 00:37:56 - [FAILED] Stopped application cache-1656
2025-11-11 00:37:56 - [FAILED] Stopped application worker-3451
2025-11-11 00:37:56 - [FAILED] Stopped application api-2373
2025-11-11 00:37:56 - [FAILED] Stopped application cache-3415
2025-11-11 00:37:56 - [FAILED] Stopped application cache-1087
2025-11-11 00:37:56 - [FAILED] Stopped application cache-8220
2025-11-11 00:37:56 - [FAILED] Stopped application cache-3929
2025-11-11 00:37:56 - [FAILED] Stopped application cache-1770
2025-11-11 00:38:09 - [SUCCESS] Scaled web-1077 to 3 replicas
2025-11-11 00:38:13 - [SUCCESS] Scaled web-1077 to 6 replicas
2025-11-11 00:38:16 - [SUCCESS] Scaled web-1077 to 8 replicas
2025-11-11 00:38:20 - [SUCCESS] Scaled web-1077 to 5 replicas
2025-11-11 00:38:23 - [SUCCESS] Scaled web-1077 to 2 replicas
2025-11-11 00:38:35 - [SUCCESS] Scaled api-3195 to 5 replicas
2025-11-11 00:38:49 - [SUCCESS] Scaled db-2182 to 5 replicas
2025-11-11 00:39:04 - [SUCCESS] Scaled web-7049 to 6 replicas
2025-11-11 00:39:11 - [SUCCESS] Scaled worker-7824 to 6 replicas
2025-11-11 00:39:13 - [SUCCESS] Deployed cache-3917 with image redis:latest (2 replicas)
2025-11-11 00:39:23 - [SUCCESS] Scaled worker-1196 to 5 replicas
2025-11-11 00:39:28 - [SUCCESS] Scaled db-3243 to 1 replicas
2025-11-11 00:39:37 - [SUCCESS] Scaled db-4735 to 6 replicas
2025-11-11 00:39:48 - [SUCCESS] Scaled web-9671 to 1 replicas
2025-11-11 00:39:56 - [SUCCESS] Scaled api-6514 to 6 replicas
2025-11-11 00:40:08 - [SUCCESS] Scaled cache-7626 to 3 replicas
2025-11-11 00:40:11 - [SUCCESS] Scaled cache-7626 to 6 replicas
2025-11-11 00:40:15 - [SUCCESS] Scaled cache-7626 to 8 replicas
2025-11-11 00:40:17 - [SUCCESS] Scaled cache-7626 to 5 replicas
2025-11-11 00:40:20 - [SUCCESS] Scaled cache-7626 to 2 replicas
2025-11-11 00:40:31 - [SUCCESS] Scaled db-5805 to 3 replicas
2025-11-11 00:40:35 - [SUCCESS] Scaled db-5805 to 6 replicas
2025-11-11 00:40:39 - [SUCCESS] Scaled db-5805 to 8 replicas
2025-11-11 00:40:42 - [SUCCESS] Scaled db-5805 to 5 replicas
2025-11-11 00:40:45 - [SUCCESS] Scaled db-5805 to 2 replicas
2025-11-11 00:40:56 - [SUCCESS] Scaled db-8806 to 3 replicas
2025-11-11 00:40:58 - [SUCCESS] Scaled db-8806 to 6 replicas
2025-11-11 00:41:02 - [SUCCESS] Scaled db-8806 to 8 replicas
2025-11-11 00:41:02 - [SUCCESS] Scaled worker-3539 to 3 replicas
2025-11-11 00:41:05 - [SUCCESS] Scaled db-8806 to 5 replicas
2025-11-11 00:41:09 - [SUCCESS] Scaled db-8806 to 2 replicas
2025-11-11 00:41:19 - [SUCCESS] Scaled api-8274 to 2 replicas
2025-11-11 00:41:26 - [SUCCESS] Scaled db-3859 to 2 replicas
2025-11-11 00:41:33 - [SUCCESS] Scaled web-9750 to 4 replicas
2025-11-11 00:41:40 - [SUCCESS] Deployed cache-7550 with image redis:latest (1 replicas)
2025-11-11 00:41:47 - [SUCCESS] Scaled db-9663 to 5 replicas
2025-11-11 00:41:53 - [SUCCESS] Scaled api-7586 to 2 replicas
2025-11-11 00:41:59 - [SUCCESS] Scaled web-6076 to 1 replicas
2025-11-11 00:42:05 - [SUCCESS] Scaled worker-7868 to 3 replicas
2025-11-11 00:42:08 - [SUCCESS] Scaled worker-7868 to 6 replicas
2025-11-11 00:42:12 - [SUCCESS] Scaled worker-7868 to 8 replicas
2025-11-11 00:42:16 - [SUCCESS] Scaled worker-7868 to 5 replicas
2025-11-11 00:42:19 - [SUCCESS] Scaled worker-7868 to 2 replicas
2025-11-11 00:42:30 - [SUCCESS] Scaled cache-8406 to 3 replicas
2025-11-11 00:42:36 - [SUCCESS] Scaled worker-2561 to 3 replicas
2025-11-11 00:42:39 - [SUCCESS] Scaled worker-2561 to 6 replicas
2025-11-11 00:42:43 - [SUCCESS] Scaled worker-2561 to 8 replicas
2025-11-11 00:42:47 - [SUCCESS] Scaled worker-2561 to 5 replicas
2025-11-11 00:42:49 - [SUCCESS] Scaled worker-2561 to 2 replicas
2025-11-11 00:43:09 - [SUCCESS] Scaled web-8855 to 3 replicas
2025-11-11 00:43:10 - [SUCCESS] Scaled worker-9349 to 3 replicas
2025-11-11 00:43:15 - [SUCCESS] Scaled cache-7738 to 3 replicas
2025-11-11 00:43:19 - [SUCCESS] Scaled cache-7738 to 6 replicas
2025-11-11 00:43:22 - [SUCCESS] Scaled cache-7738 to 8 replicas
2025-11-11 00:43:24 - [SUCCESS] Scaled cache-7738 to 5 replicas
2025-11-11 00:43:28 - [SUCCESS] Scaled cache-7738 to 2 replicas
2025-11-11 00:43:42 - [SUCCESS] Deployed web-1633 with image httpd:latest (2 replicas)
2025-11-11 00:43:44 - [SUCCESS] Scaled api-6411 to 3 replicas
2025-11-11 00:43:46 - [SUCCESS] Scaled api-6411 to 6 replicas
2025-11-11 00:43:48 - [SUCCESS] Scaled api-6411 to 8 replicas
2025-11-11 00:43:52 - [SUCCESS] Scaled api-6411 to 5 replicas
2025-11-11 00:43:56 - [SUCCESS] Scaled api-6411 to 2 replicas
2025-11-11 00:44:08 - [SUCCESS] Scaled db-7011 to 3 replicas
2025-11-11 00:44:16 - [SUCCESS] Scaled web-4996 to 3 replicas
2025-11-11 00:44:28 - [SUCCESS] Scaled api-8865 to 6 replicas
2025-11-11 00:44:42 - [SUCCESS] Scaled worker-6505 to 1 replicas
2025-11-11 00:44:53 - [SUCCESS] Scaled web-2981 to 1 replicas
2025-11-11 00:45:06 - [SUCCESS] Deployed db-5564 with image mysql:latest (3 replicas)
2025-11-11 00:45:08 - [SUCCESS] Scaled web-1077 to 3 replicas
2025-11-11 00:45:11 - [SUCCESS] Scaled web-1077 to 6 replicas
2025-11-11 00:45:16 - [SUCCESS] Scaled web-1077 to 8 replicas
2025-11-11 00:45:19 - [SUCCESS] Scaled web-1077 to 5 replicas
2025-11-11 00:45:24 - [SUCCESS] Scaled web-1077 to 2 replicas
2025-11-11 00:45:32 - [SUCCESS] Scaled cache-6336 to 2 replicas
2025-11-11 00:45:44 - [SUCCESS] Scaled worker-5686 to 3 replicas
2025-11-11 00:45:47 - [SUCCESS] Scaled worker-5686 to 6 replicas
2025-11-11 00:45:51 - [SUCCESS] Scaled worker-5686 to 8 replicas
2025-11-11 00:45:53 - [SUCCESS] Scaled worker-5686 to 5 replicas
2025-11-11 00:45:58 - [SUCCESS] Scaled worker-5686 to 2 replicas
2025-11-11 00:46:10 - [SUCCESS] Deployed worker-9611 with image rabbitmq:latest (3 replicas)
2025-11-11 00:46:11 - [SUCCESS] Scaled cache-6667 to 6 replicas
2025-11-11 00:46:19 - [SUCCESS] Scaled db-8501 to 3 replicas
2025-11-11 00:46:22 - [SUCCESS] Scaled db-6216 to 5 replicas
2025-11-11 00:46:24 - [SUCCESS] Scaled db-8501 to 6 replicas
2025-11-11 00:46:28 - [SUCCESS] Scaled db-8501 to 8 replicas
2025-11-11 00:46:30 - [SUCCESS] Scaled db-8501 to 5 replicas
2025-11-11 00:46:33 - [SUCCESS] Scaled db-8501 to 2 replicas
2025-11-11 00:46:33 - [SUCCESS] Scaled worker-8341 to 1 replicas
2025-11-11 00:46:48 - [SUCCESS] Scaled worker-9412 to 4 replicas
2025-11-11 00:47:02 - [SUCCESS] Scaled api-8062 to 3 replicas
2025-11-11 00:47:02 - [SUCCESS] Scaled cache-1733 to 7 replicas
2025-11-11 00:47:07 - [SUCCESS] Scaled api-8062 to 6 replicas
2025-11-11 00:47:11 - [SUCCESS] Scaled api-8062 to 8 replicas
2025-11-11 00:47:14 - [SUCCESS] Scaled api-8062 to 5 replicas
2025-11-11 00:47:14 - [SUCCESS] Scaled worker-1840 to 2 replicas
2025-11-11 00:47:17 - [SUCCESS] Scaled api-8062 to 2 replicas
2025-11-11 00:47:33 - [SUCCESS] Scaled worker-7146 to 3 replicas
2025-11-11 00:47:46 - [SUCCESS] Scaled cache-4378 to 5 replicas
2025-11-11 00:47:50 - [SUCCESS] Scaled worker-1972 to 3 replicas
2025-11-11 00:47:52 - [SUCCESS] Scaled worker-1972 to 6 replicas
2025-11-11 00:47:54 - [SUCCESS] Scaled worker-7023 to 3 replicas
2025-11-11 00:47:54 - [SUCCESS] Scaled worker-1972 to 8 replicas
2025-11-11 00:47:59 - [SUCCESS] Scaled worker-1972 to 5 replicas
2025-11-11 00:47:59 - [SUCCESS] Scaled worker-7023 to 6 replicas
2025-11-11 00:48:02 - [SUCCESS] Scaled worker-1972 to 2 replicas
2025-11-11 00:48:02 - [SUCCESS] Scaled worker-7023 to 8 replicas
2025-11-11 00:48:05 - [SUCCESS] Scaled worker-7023 to 5 replicas
2025-11-11 00:48:10 - [SUCCESS] Scaled worker-7023 to 2 replicas
2025-11-11 00:48:24 - [SUCCESS] Scaled cache-8079 to 6 replicas
2025-11-11 00:48:26 - [SUCCESS] Scaled worker-3879 to 3 replicas
2025-11-11 00:48:29 - [SUCCESS] Scaled worker-3879 to 6 replicas
2025-11-11 00:48:33 - [SUCCESS] Scaled worker-3879 to 8 replicas
2025-11-11 00:48:36 - [SUCCESS] Scaled worker-3879 to 5 replicas
2025-11-11 00:48:38 - [SUCCESS] Scaled worker-3879 to 2 replicas
2025-11-11 00:48:41 - [SUCCESS] Scaled db-9814 to 3 replicas
2025-11-11 00:48:46 - [SUCCESS] Scaled api-4074 to 5 replicas
2025-11-11 00:49:00 - [SUCCESS] Scaled api-7206 to 2 replicas
2025-11-11 00:49:10 - [SUCCESS] Scaled worker-4758 to 3 replicas
2025-11-11 00:49:13 - [SUCCESS] Scaled worker-4758 to 6 replicas
2025-11-11 00:49:18 - [SUCCESS] Scaled worker-4758 to 8 replicas
2025-11-11 00:49:21 - [SUCCESS] Scaled worker-4758 to 5 replicas
2025-11-11 00:49:24 - [SUCCESS] Scaled worker-4758 to 2 replicas
2025-11-11 00:49:35 - [SUCCESS] Scaled cache-4724 to 1 replicas
2025-11-11 00:49:42 - [SUCCESS] Scaled api-9291 to 3 replicas
2025-11-11 00:49:44 - [SUCCESS] Scaled api-9291 to 6 replicas
2025-11-11 00:49:49 - [SUCCESS] Scaled api-9291 to 8 replicas
2025-11-11 00:49:52 - [SUCCESS] Scaled api-9291 to 5 replicas
2025-11-11 00:49:54 - [SUCCESS] Scaled api-9291 to 2 replicas
2025-11-11 00:50:05 - [SUCCESS] Scaled api-2192 to 3 replicas
2025-11-11 00:50:07 - [SUCCESS] Deployed cache-3560 with image memcached:latest (2 replicas)
2025-11-11 00:50:09 - [SUCCESS] Scaled api-2192 to 6 replicas
2025-11-11 00:50:12 - [SUCCESS] Scaled api-2192 to 8 replicas
2025-11-11 00:50:15 - [SUCCESS] Scaled api-2192 to 5 replicas
2025-11-11 00:50:17 - [SUCCESS] Scaled worker-4009 to 1 replicas
2025-11-11 00:50:19 - [SUCCESS] Scaled api-2192 to 2 replicas
2025-11-11 00:50:35 - [SUCCESS] Scaled worker-4758 to 3 replicas
2025-11-11 00:50:38 - [SUCCESS] Scaled api-6510 to 3 replicas
2025-11-11 00:50:40 - [SUCCESS] Scaled worker-4758 to 6 replicas
2025-11-11 00:50:42 - [SUCCESS] Scaled api-6510 to 6 replicas
2025-11-11 00:50:43 - [SUCCESS] Scaled worker-4758 to 8 replicas
2025-11-11 00:50:46 - [SUCCESS] Scaled api-6510 to 8 replicas
2025-11-11 00:50:47 - [SUCCESS] Scaled worker-4758 to 5 replicas
2025-11-11 00:50:51 - [SUCCESS] Scaled api-6510 to 5 replicas
2025-11-11 00:50:51 - [SUCCESS] Scaled worker-4758 to 2 replicas
2025-11-11 00:50:55 - [SUCCESS] Scaled api-6510 to 2 replicas
2025-11-11 00:51:00 - [SUCCESS] Scaled worker-2091 to 5 replicas
2025-11-11 00:51:07 - [SUCCESS] Scaled cache-7383 to 2 replicas
2025-11-11 00:51:20 - [SUCCESS] Scaled api-2767 to 2 replicas
2025-11-11 00:51:32 - [SUCCESS] Scaled cache-2104 to 4 replicas
2025-11-11 00:51:41 - [SUCCESS] Scaled cache-9301 to 5 replicas
2025-11-11 00:51:47 - [SUCCESS] Scaled cache-1656 to 2 replicas
2025-11-11 00:52:00 - [SUCCESS] Scaled db-3859 to 2 replicas
2025-11-11 00:52:13 - [SUCCESS] Scaled cache-6660 to 1 replicas
2025-11-11 00:52:27 - [SUCCESS] Scaled worker-5257 to 3 replicas
2025-11-11 00:52:30 - [SUCCESS] Scaled worker-5257 to 6 replicas
2025-11-11 00:52:33 - [SUCCESS] Scaled worker-5257 to 8 replicas
2025-11-11 00:52:38 - [SUCCESS] Scaled worker-5257 to 5 replicas
2025-11-11 00:52:42 - [SUCCESS] Scaled worker-5257 to 2 replicas
2025-11-11 00:52:54 - [SUCCESS] Scaled api-9748 to 6 replicas
2025-11-11 00:53:05 - [SUCCESS] Scaled worker-7146 to 3 replicas
2025-11-11 00:53:07 - [SUCCESS] Scaled worker-7146 to 6 replicas
2025-11-11 00:53:12 - [SUCCESS] Scaled worker-7146 to 8 replicas
2025-11-11 00:53:15 - [SUCCESS] Scaled worker-7146 to 5 replicas
2025-11-11 00:53:20 - [SUCCESS] Scaled worker-7146 to 2 replicas
2025-11-11 00:53:23 - [SUCCESS] Scaled db-6793 to 1 replicas
2025-11-11 00:53:33 - [SUCCESS] Scaled api-8144 to 3 replicas
2025-11-11 00:53:35 - [SUCCESS] Scaled api-8144 to 6 replicas
2025-11-11 00:53:39 - [SUCCESS] Scaled api-8144 to 8 replicas
2025-11-11 00:53:43 - [SUCCESS] Scaled api-8144 to 5 replicas
2025-11-11 00:53:47 - [SUCCESS] Scaled api-8144 to 2 replicas
2025-11-11 00:53:55 - [SUCCESS] Scaled db-3212 to 1 replicas
2025-11-11 00:54:07 - [SUCCESS] Scaled db-9961 to 5 replicas
2025-11-11 00:54:14 - [SUCCESS] Scaled api-8875 to 3 replicas
2025-11-11 00:54:17 - [SUCCESS] Scaled api-8875 to 6 replicas
2025-11-11 00:54:22 - [SUCCESS] Scaled api-8875 to 8 replicas
2025-11-11 00:54:26 - [SUCCESS] Scaled api-8875 to 5 replicas
2025-11-11 00:54:30 - [SUCCESS] Scaled api-8875 to 2 replicas
2025-11-11 00:54:40 - [SUCCESS] Scaled worker-8615 to 6 replicas
2025-11-11 00:54:45 - [SUCCESS] Scaled api-1997 to 4 replicas
2025-11-11 00:54:51 - [SUCCESS] Deployed db-3421 with image mysql:latest (2 replicas)
2025-11-11 00:54:52 - [SUCCESS] Scaled api-8062 to 1 replicas
2025-11-11 00:55:00 - [SUCCESS] Scaled worker-2715 to 6 replicas
2025-11-11 00:55:02 - [SUCCESS] Scaled web-7009 to 6 replicas
2025-11-11 00:55:11 - [SUCCESS] Scaled cache-9604 to 4 replicas
2025-11-11 00:55:18 - [SUCCESS] Scaled web-9583 to 2 replicas
2025-11-11 00:55:28 - [SUCCESS] Scaled worker-2456 to 5 replicas
2025-11-11 00:55:37 - [SUCCESS] Scaled cache-2178 to 2 replicas
2025-11-11 00:55:39 - [SUCCESS] Deployed web-7508 with image nginx:latest (1 replicas)
2025-11-11 00:55:48 - [SUCCESS] Scaled web-1146 to 3 replicas
2025-11-11 00:55:53 - [SUCCESS] Scaled web-1146 to 6 replicas
2025-11-11 00:55:56 - [SUCCESS] Scaled web-1146 to 8 replicas
2025-11-11 00:55:59 - [SUCCESS] Scaled web-1146 to 5 replicas
2025-11-11 00:56:02 - [SUCCESS] Scaled web-1146 to 2 replicas
2025-11-11 00:56:14 - [SUCCESS] Scaled api-2084 to 6 replicas
2025-11-11 00:56:26 - [SUCCESS] Scaled web-2200 to 3 replicas
2025-11-11 00:56:27 - [SUCCESS] Scaled cache-7738 to 4 replicas
2025-11-11 00:56:33 - [SUCCESS] Scaled cache-2178 to 6 replicas
2025-11-11 00:56:39 - [SUCCESS] Scaled worker-7929 to 6 replicas
2025-11-11 00:56:41 - [SUCCESS] Deployed worker-7057 with image redis:latest (1 replicas)
2025-11-11 00:56:54 - [SUCCESS] Scaled cache-8292 to 1 replicas
2025-11-11 00:56:59 - [SUCCESS] Scaled cache-3431 to 3 replicas
2025-11-11 00:57:02 - [SUCCESS] Scaled cache-3431 to 6 replicas
2025-11-11 00:57:04 - [SUCCESS] Scaled api-6169 to 1 replicas
2025-11-11 00:57:07 - [SUCCESS] Scaled cache-3431 to 8 replicas
2025-11-11 00:57:10 - [SUCCESS] Scaled cache-3431 to 5 replicas
2025-11-11 00:57:14 - [SUCCESS] Scaled cache-3431 to 2 replicas
2025-11-11 00:57:17 - [SUCCESS] Deployed cache-3863 with image redis:latest (1 replicas)
2025-11-11 00:57:25 - [SUCCESS] Scaled db-4852 to 1 replicas
2025-11-11 00:57:35 - [SUCCESS] Scaled cache-9527 to 5 replicas
2025-11-11 00:57:36 - [SUCCESS] Scaled db-9814 to 3 replicas
2025-11-11 00:57:39 - [SUCCESS] Scaled db-9814 to 6 replicas
2025-11-11 00:57:42 - [SUCCESS] Scaled web-1057 to 6 replicas
2025-11-11 00:57:42 - [SUCCESS] Scaled db-9814 to 8 replicas
2025-11-11 00:57:47 - [SUCCESS] Scaled db-9814 to 5 replicas
2025-11-11 00:57:49 - [SUCCESS] Scaled db-9814 to 2 replicas
2025-11-11 00:57:57 - [SUCCESS] Scaled worker-3459 to 6 replicas
2025-11-11 00:58:10 - [SUCCESS] Scaled worker-6099 to 3 replicas
2025-11-11 00:58:13 - [SUCCESS] Scaled worker-6099 to 6 replicas
2025-11-11 00:58:15 - [SUCCESS] Scaled worker-6099 to 8 replicas
2025-11-11 00:58:19 - [SUCCESS] Scaled worker-6099 to 5 replicas
2025-11-11 00:58:20 - [SUCCESS] Scaled worker-3448 to 7 replicas
2025-11-11 00:58:23 - [SUCCESS] Scaled worker-6099 to 2 replicas
2025-11-11 00:58:41 - [SUCCESS] Scaled worker-1972 to 4 replicas
2025-11-11 00:58:52 - [SUCCESS] Scaled db-9224 to 3 replicas
2025-11-11 00:58:57 - [SUCCESS] Scaled db-9224 to 6 replicas
2025-11-11 00:58:58 - [SUCCESS] Scaled db-8133 to 3 replicas
2025-11-11 00:59:00 - [SUCCESS] Scaled db-9224 to 8 replicas
2025-11-11 00:59:02 - [SUCCESS] Scaled db-8133 to 6 replicas
2025-11-11 00:59:04 - [SUCCESS] Scaled db-9224 to 5 replicas
2025-11-11 00:59:06 - [SUCCESS] Scaled db-8133 to 8 replicas
2025-11-11 00:59:07 - [SUCCESS] Scaled db-9224 to 2 replicas
2025-11-11 00:59:09 - [SUCCESS] Scaled db-8133 to 5 replicas
2025-11-11 00:59:13 - [SUCCESS] Scaled db-8133 to 2 replicas
2025-11-11 00:59:16 - [SUCCESS] Scaled db-5423 to 3 replicas
2025-11-11 00:59:20 - [SUCCESS] Scaled db-5423 to 6 replicas
2025-11-11 00:59:22 - [SUCCESS] Scaled db-5423 to 8 replicas
2025-11-11 00:59:25 - [SUCCESS] Scaled db-5423 to 5 replicas
2025-11-11 00:59:28 - [SUCCESS] Scaled db-5423 to 2 replicas
2025-11-11 00:59:41 - [SUCCESS] Scaled api-1726 to 3 replicas
2025-11-11 00:59:53 - [SUCCESS] Scaled worker-3539 to 3 replicas
2025-11-11 00:59:57 - [SUCCESS] Scaled worker-3539 to 6 replicas
2025-11-11 01:00:00 - [SUCCESS] Scaled worker-3539 to 8 replicas
2025-11-11 01:00:02 - [SUCCESS] Scaled worker-3539 to 5 replicas
2025-11-11 01:00:06 - [SUCCESS] Scaled web-1555 to 6 replicas
2025-11-11 01:00:07 - [SUCCESS] Scaled worker-3539 to 2 replicas
2025-11-11 01:00:18 - [SUCCESS] Scaled api-9472 to 7 replicas
2025-11-11 01:00:23 - [SUCCESS] Scaled worker-4804 to 3 replicas
2025-11-11 01:00:26 - [SUCCESS] Scaled worker-4804 to 6 replicas
2025-11-11 01:00:29 - [SUCCESS] Scaled worker-4804 to 8 replicas
2025-11-11 01:00:34 - [SUCCESS] Scaled worker-4804 to 5 replicas
2025-11-11 01:00:37 - [SUCCESS] Scaled worker-4804 to 2 replicas
2025-11-11 01:00:45 - [SUCCESS] Scaled cache-3929 to 3 replicas
2025-11-11 01:00:48 - [SUCCESS] Scaled cache-3929 to 6 replicas
2025-11-11 01:00:53 - [SUCCESS] Scaled cache-3929 to 8 replicas
2025-11-11 01:00:56 - [SUCCESS] Scaled cache-3929 to 5 replicas
2025-11-11 01:01:01 - [SUCCESS] Scaled cache-3929 to 2 replicas
2025-11-11 01:01:10 - [SUCCESS] Scaled web-6438 to 3 replicas
2025-11-11 01:01:13 - [SUCCESS] Scaled web-6438 to 6 replicas
2025-11-11 01:01:16 - [SUCCESS] Scaled web-6438 to 8 replicas
2025-11-11 01:01:21 - [SUCCESS] Scaled web-6438 to 5 replicas
2025-11-11 01:01:26 - [SUCCESS] Scaled web-6438 to 2 replicas
2025-11-11 01:01:37 - [SUCCESS] Scaled worker-7759 to 7 replicas
2025-11-11 01:01:39 - [SUCCESS] Scaled cache-9359 to 3 replicas
2025-11-11 01:01:42 - [SUCCESS] Scaled cache-9359 to 6 replicas
2025-11-11 01:01:45 - [SUCCESS] Scaled cache-9359 to 8 replicas
2025-11-11 01:01:48 - [SUCCESS] Scaled cache-9359 to 5 replicas
2025-11-11 01:01:51 - [SUCCESS] Scaled cache-9359 to 2 replicas
2025-11-11 01:01:54 - [SUCCESS] Scaled db-3533 to 8 replicas
2025-11-11 01:02:08 - [SUCCESS] Scaled db-5572 to 1 replicas
2025-11-11 01:02:12 - [SUCCESS] Deployed web-7989 with image httpd:latest (6 replicas)
2025-11-11 01:02:22 - [SUCCESS] Scaled api-8210 to 3 replicas
2025-11-11 01:02:29 - [SUCCESS] Scaled api-9149 to 1 replicas
2025-11-11 01:02:36 - [SUCCESS] Scaled db-6703 to 6 replicas
2025-11-11 01:02:43 - [SUCCESS] Scaled web-1633 to 5 replicas
2025-11-11 01:02:46 - [SUCCESS] Scaled cache-5704 to 1 replicas
2025-11-11 01:02:50 - [SUCCESS] Scaled cache-8857 to 5 replicas
2025-11-11 01:03:00 - [SUCCESS] Scaled api-7982 to 5 replicas
2025-11-11 01:03:12 - [SUCCESS] Scaled worker-7929 to 3 replicas
2025-11-11 01:03:12 - [SUCCESS] Deployed api-6529 with image nginx:latest (2 replicas)
2025-11-11 01:03:14 - [SUCCESS] Scaled worker-7929 to 6 replicas
2025-11-11 01:03:17 - [SUCCESS] Scaled worker-7929 to 8 replicas
2025-11-11 01:03:20 - [SUCCESS] Scaled worker-7929 to 5 replicas
2025-11-11 01:03:24 - [SUCCESS] Scaled worker-7929 to 2 replicas
2025-11-11 01:03:40 - [SUCCESS] Scaled db-9686 to 3 replicas
2025-11-11 01:03:45 - [SUCCESS] Scaled cache-8292 to 4 replicas
2025-11-11 01:03:51 - [SUCCESS] Scaled worker-4517 to 5 replicas
2025-11-11 01:03:55 - [SUCCESS] Scaled worker-1712 to 3 replicas
2025-11-11 01:03:59 - [SUCCESS] Scaled cache-3513 to 5 replicas
2025-11-11 01:04:06 - [SUCCESS] Scaled web-4834 to 8 replicas
2025-11-11 01:04:09 - [SUCCESS] Scaled worker-7030 to 3 replicas
2025-11-11 01:04:19 - [SUCCESS] Scaled db-8913 to 5 replicas
2025-11-11 01:04:26 - [SUCCESS] Scaled api-9601 to 3 replicas
2025-11-11 01:04:38 - [SUCCESS] Scaled api-3195 to 6 replicas
2025-11-11 01:04:41 - [SUCCESS] Deployed worker-2512 with image rabbitmq:latest (4 replicas)
2025-11-11 01:04:50 - [SUCCESS] Scaled web-5260 to 1 replicas
2025-11-11 01:05:02 - [SUCCESS] Scaled api-5889 to 3 replicas
2025-11-11 01:05:04 - [SUCCESS] Scaled api-5889 to 6 replicas
2025-11-11 01:05:08 - [SUCCESS] Scaled api-5889 to 8 replicas
2025-11-11 01:05:12 - [SUCCESS] Scaled api-5889 to 5 replicas
2025-11-11 01:05:15 - [SUCCESS] Scaled api-5889 to 2 replicas
2025-11-11 01:05:22 - [SUCCESS] Deployed api-1912 with image nginx:latest (3 replicas)
2025-11-11 01:05:26 - [SUCCESS] Scaled api-4858 to 3 replicas
2025-11-11 01:05:28 - [SUCCESS] Scaled api-4858 to 6 replicas
2025-11-11 01:05:31 - [SUCCESS] Scaled api-4858 to 8 replicas
2025-11-11 01:05:33 - [SUCCESS] Scaled api-4858 to 5 replicas
2025-11-11 01:05:37 - [SUCCESS] Scaled api-4858 to 2 replicas
2025-11-11 01:05:48 - [SUCCESS] Scaled cache-6667 to 2 replicas
2025-11-11 01:05:55 - [SUCCESS] Scaled api-2192 to 1 replicas
2025-11-11 01:05:55 - [SUCCESS] Scaled web-5250 to 3 replicas
2025-11-11 01:05:58 - [SUCCESS] Scaled web-5250 to 6 replicas
2025-11-11 01:06:00 - [SUCCESS] Scaled api-8198 to 2 replicas
2025-11-11 01:06:03 - [SUCCESS] Scaled web-5250 to 8 replicas
2025-11-11 01:06:06 - [SUCCESS] Scaled web-5250 to 5 replicas
2025-11-11 01:06:10 - [SUCCESS] Scaled web-5250 to 2 replicas
2025-11-11 01:06:13 - [SUCCESS] Scaled db-3295 to 3 replicas
2025-11-11 01:06:17 - [SUCCESS] Scaled db-3295 to 6 replicas
2025-11-11 01:06:20 - [SUCCESS] Scaled db-3295 to 8 replicas
2025-11-11 01:06:24 - [SUCCESS] Scaled db-3295 to 5 replicas
2025-11-11 01:06:27 - [SUCCESS] Scaled db-3295 to 2 replicas
2025-11-11 01:06:40 - [SUCCESS] Scaled worker-1153 to 3 replicas
2025-11-11 01:06:43 - [SUCCESS] Scaled worker-1153 to 6 replicas
2025-11-11 01:06:45 - [SUCCESS] Deployed web-6147 with image nginx:latest (3 replicas)
2025-11-11 01:06:47 - [SUCCESS] Scaled worker-1153 to 8 replicas
2025-11-11 01:06:50 - [SUCCESS] Scaled worker-1153 to 5 replicas
2025-11-11 01:06:55 - [SUCCESS] Scaled worker-1153 to 2 replicas
2025-11-11 01:07:08 - [SUCCESS] Scaled cache-8172 to 3 replicas
2025-11-11 01:07:11 - [SUCCESS] Scaled cache-8172 to 6 replicas
2025-11-11 01:07:14 - [SUCCESS] Scaled cache-8172 to 8 replicas
2025-11-11 01:07:18 - [SUCCESS] Scaled cache-8172 to 5 replicas
2025-11-11 01:07:21 - [SUCCESS] Scaled web-2086 to 4 replicas
2025-11-11 01:07:22 - [SUCCESS] Scaled cache-8172 to 2 replicas
2025-11-11 01:07:38 - [SUCCESS] Scaled cache-7520 to 6 replicas
2025-11-11 01:07:45 - [SUCCESS] Scaled web-9084 to 5 replicas
2025-11-11 01:07:50 - [SUCCESS] Scaled db-4222 to 3 replicas
2025-11-11 01:07:53 - [SUCCESS] Scaled db-4222 to 6 replicas
2025-11-11 01:07:54 - [SUCCESS] Scaled api-8665 to 3 replicas
2025-11-11 01:07:56 - [FAILED] Stopped application cache-3559
2025-11-11 01:07:56 - [FAILED] Stopped application db-5423
2025-11-11 01:07:56 - [FAILED] Stopped application db-9668
2025-11-11 01:07:56 - [FAILED] Stopped application worker-1317
2025-11-11 01:07:56 - [FAILED] Stopped application api-7158
2025-11-11 01:07:56 - [FAILED] Stopped application web-1146
2025-11-11 01:07:56 - [FAILED] Stopped application web-6388
2025-11-11 01:07:56 - [FAILED] Stopped application worker-3969
2025-11-11 01:07:56 - [FAILED] Stopped application api-6328
2025-11-11 01:07:56 - [FAILED] Stopped application db-9224
2025-11-11 01:07:56 - [FAILED] Stopped application api-2610
2025-11-11 01:07:56 - [FAILED] Stopped application cache-5708
2025-11-11 01:07:56 - [FAILED] Stopped application cache-4350
2025-11-11 01:07:56 - [FAILED] Stopped application api-7624
2025-11-11 01:07:56 - [FAILED] Stopped application api-3709
2025-11-11 01:07:56 - [FAILED] Stopped application web-6501
2025-11-11 01:07:56 - [FAILED] Stopped application db-8233
2025-11-11 01:07:56 - [FAILED] Stopped application worker-4763
2025-11-11 01:07:56 - [FAILED] Stopped application web-3516
2025-11-11 01:07:56 - [FAILED] Stopped application worker-2494
2025-11-11 01:07:56 - [FAILED] Stopped application worker-3680
2025-11-11 01:07:56 - [FAILED] Stopped application cache-6488
2025-11-11 01:07:56 - [FAILED] Stopped application web-9010
2025-11-11 01:07:56 - [FAILED] Stopped application db-3420
2025-11-11 01:07:56 - [FAILED] Stopped application api-8210
2025-11-11 01:07:56 - [FAILED] Stopped application db-6918
2025-11-11 01:07:56 - [FAILED] Stopped application db-1012
2025-11-11 01:07:56 - [FAILED] Stopped application db-8806
2025-11-11 01:07:56 - [FAILED] Stopped application api-9058
2025-11-11 01:07:56 - [FAILED] Stopped application cache-5020
2025-11-11 01:07:56 - [FAILED] Stopped application cache-1635
2025-11-11 01:07:56 - [FAILED] Stopped application cache-5056
2025-11-11 01:07:56 - [FAILED] Stopped application worker-3938
2025-11-11 01:07:56 - [FAILED] Stopped application cache-5667
2025-11-11 01:07:56 - [FAILED] Stopped application api-7628
2025-11-11 01:07:56 - [FAILED] Stopped application api-3006
2025-11-11 01:07:56 - [FAILED] Stopped application api-6408
2025-11-11 01:07:56 - [FAILED] Stopped application db-1875
2025-11-11 01:07:56 - [FAILED] Stopped application cache-1733
2025-11-11 01:07:56 - [FAILED] Stopped application db-9810
2025-11-11 01:07:56 - [FAILED] Stopped application cache-6336
2025-11-11 01:07:56 - [FAILED] Stopped application cache-2151
2025-11-11 01:07:56 - [FAILED] Stopped application api-3245
2025-11-11 01:07:56 - [FAILED] Stopped application worker-8908
2025-11-11 01:07:56 - [FAILED] Stopped application api-8274
2025-11-11 01:07:56 - [FAILED] Stopped application web-1433
2025-11-11 01:07:56 - [FAILED] Stopped application db-8367
2025-11-11 01:07:56 - [FAILED] Stopped application db-4331
2025-11-11 01:07:56 - [FAILED] Stopped application db-8501
2025-11-11 01:07:56 - [FAILED] Stopped application db-9828
2025-11-11 01:07:56 - [FAILED] Stopped application db-6901
2025-11-11 01:07:56 - [FAILED] Stopped application cache-5889
2025-11-11 01:07:56 - [FAILED] Stopped application web-1339
2025-11-11 01:07:56 - [FAILED] Stopped application worker-8615
2025-11-11 01:07:56 - [FAILED] Stopped application cache-2178
2025-11-11 01:07:56 - [FAILED] Stopped application cache-6581
2025-11-11 01:07:57 - [FAILED] Stopped application api-3279
2025-11-11 01:07:57 - [FAILED] Stopped application db-3972
2025-11-11 01:07:57 - [FAILED] Stopped application api-4510
2025-11-11 01:07:57 - [FAILED] Stopped application cache-3078
2025-11-11 01:07:57 - [FAILED] Stopped application worker-3140
2025-11-11 01:07:57 - [FAILED] Stopped application db-9018
2025-11-11 01:07:57 - [FAILED] Stopped application worker-5813
2025-11-11 01:07:57 - [FAILED] Stopped application worker-6737
2025-11-11 01:07:57 - [FAILED] Stopped application cache-1824
2025-11-11 01:07:57 - [FAILED] Stopped application worker-7953
2025-11-11 01:07:57 - [FAILED] Stopped application web-4377
2025-11-11 01:07:57 - [FAILED] Stopped application db-3597
2025-11-11 01:07:57 - [FAILED] Stopped application api-7682
2025-11-11 01:07:57 - [FAILED] Stopped application worker-1280
2025-11-11 01:07:57 - [FAILED] Stopped application cache-7028
2025-11-11 01:07:57 - [FAILED] Stopped application worker-3709
2025-11-11 01:07:57 - [FAILED] Stopped application api-9748
2025-11-11 01:07:57 - [FAILED] Stopped application web-5134
2025-11-11 01:07:57 - [FAILED] Stopped application web-2981
2025-11-11 01:07:57 - [FAILED] Stopped application worker-6002
2025-11-11 01:07:57 - [FAILED] Stopped application web-8855
2025-11-11 01:07:57 - [FAILED] Stopped application worker-6565
2025-11-11 01:07:57 - [FAILED] Stopped application web-7049
2025-11-11 01:07:57 - [FAILED] Stopped application web-6527
2025-11-11 01:07:57 - [FAILED] Stopped application worker-1465
2025-11-11 01:07:57 - [FAILED] Stopped application web-2789
2025-11-11 01:07:57 - [FAILED] Stopped application worker-8341
2025-11-11 01:07:57 - [FAILED] Stopped application api-5735
2025-11-11 01:07:57 - [FAILED] Stopped application worker-7023
2025-11-11 01:07:57 - [FAILED] Stopped application web-4262
2025-11-11 01:07:57 - [FAILED] Stopped application api-5976
2025-11-11 01:07:57 - [FAILED] Stopped application web-7009
2025-11-11 01:07:57 - [FAILED] Stopped application db-3143
2025-11-11 01:07:57 - [FAILED] Stopped application db-3638
2025-11-11 01:07:57 - [FAILED] Stopped application web-2942
2025-11-11 01:07:57 - [FAILED] Stopped application cache-1217
2025-11-11 01:07:57 - [FAILED] Stopped application api-5184
2025-11-11 01:07:57 - [FAILED] Stopped application db-1639
2025-11-11 01:07:57 - [FAILED] Stopped application cache-4079
2025-11-11 01:07:57 - [FAILED] Stopped application api-2393
2025-11-11 01:07:57 - [FAILED] Stopped application cache-7244
2025-11-11 01:07:57 - [FAILED] Stopped application web-3983
2025-11-11 01:07:57 - [FAILED] Stopped application api-9988
2025-11-11 01:07:57 - [FAILED] Stopped application worker-1972
2025-11-11 01:07:57 - [FAILED] Stopped application cache-7652
2025-11-11 01:07:57 - [FAILED] Stopped application db-2343
2025-11-11 01:07:57 - [FAILED] Stopped application worker-1396
2025-11-11 01:07:57 - [FAILED] Stopped application cache-2759
2025-11-11 01:07:57 - [FAILED] Stopped application api-7639
2025-11-11 01:07:57 - [FAILED] Stopped application db-6830
2025-11-11 01:07:57 - [FAILED] Stopped application db-6186
2025-11-11 01:07:57 - [FAILED] Stopped application web-2528
2025-11-11 01:07:57 - [FAILED] Stopped application db-9751
2025-11-11 01:07:57 - [FAILED] Stopped application worker-5212
2025-11-11 01:07:57 - [FAILED] Stopped application web-3481
2025-11-11 01:07:57 - [FAILED] Stopped application cache-3513
2025-11-11 01:07:57 - [FAILED] Stopped application worker-7176
2025-11-11 01:07:57 - [FAILED] Stopped application db-9711
2025-11-11 01:07:57 - [FAILED] Stopped application api-7894
2025-11-11 01:07:57 - [FAILED] Stopped application db-4455
2025-11-11 01:07:57 - [FAILED] Stopped application cache-9541
2025-11-11 01:07:57 - [FAILED] Stopped application db-9814
2025-11-11 01:07:57 - [FAILED] Stopped application worker-3581
2025-11-11 01:07:57 - [FAILED] Stopped application cache-8079
2025-11-11 01:07:58 - [FAILED] Stopped application cache-8465
2025-11-11 01:07:58 - [FAILED] Stopped application worker-3667
2025-11-11 01:07:58 - [FAILED] Stopped application web-7813
2025-11-11 01:07:58 - [FAILED] Stopped application api-2373
2025-11-11 01:07:58 - [FAILED] Stopped application cache-1767
2025-11-11 01:07:58 - [FAILED] Stopped application api-7064
2025-11-11 01:07:58 - [FAILED] Stopped application worker-7620
2025-11-11 01:07:58 - [FAILED] Stopped application cache-3929
2025-11-11 01:07:58 - [FAILED] Stopped application web-4834
2025-11-11 01:07:58 - [FAILED] Stopped application worker-6298
2025-11-11 01:07:58 - [FAILED] Stopped application worker-7030
2025-11-11 01:07:58 - [FAILED] Stopped application db-4521
2025-11-11 01:07:58 - [FAILED] Stopped application db-5884
2025-11-11 01:07:58 - [FAILED] Stopped application cache-9702
2025-11-11 01:07:58 - [FAILED] Stopped application api-8198
2025-11-11 01:07:58 - [FAILED] Stopped application api-5902
2025-11-11 01:07:58 - [SUCCESS] Scaled db-4222 to 8 replicas
2025-11-11 01:07:58 - [FAILED] Stopped application db-1038
2025-11-11 01:07:58 - [FAILED] Stopped application cache-3030
2025-11-11 01:07:58 - [FAILED] Stopped application cache-9985
2025-11-11 01:07:58 - [FAILED] Stopped application cache-5897
2025-11-11 01:07:58 - [FAILED] Stopped application web-3735
2025-11-11 01:08:00 - [SUCCESS] Scaled web-7813 to 1 replicas
2025-11-11 01:08:02 - [SUCCESS] Scaled db-4222 to 5 replicas
2025-11-11 01:08:05 - [SUCCESS] Scaled db-4222 to 2 replicas
2025-11-11 01:08:10 - [SUCCESS] Scaled web-1433 to 5 replicas
2025-11-11 01:08:25 - [SUCCESS] Scaled cache-3634 to 3 replicas
2025-11-11 01:08:26 - [SUCCESS] Scaled web-5515 to 3 replicas
2025-11-11 01:08:28 - [SUCCESS] Scaled cache-3634 to 6 replicas
2025-11-11 01:08:30 - [SUCCESS] Scaled web-5515 to 6 replicas
2025-11-11 01:08:31 - [SUCCESS] Scaled cache-3634 to 8 replicas
2025-11-11 01:08:34 - [SUCCESS] Scaled web-5515 to 8 replicas
2025-11-11 01:08:35 - [SUCCESS] Scaled cache-3634 to 5 replicas
2025-11-11 01:08:36 - [SUCCESS] Scaled web-5515 to 5 replicas
2025-11-11 01:08:39 - [SUCCESS] Scaled cache-3634 to 2 replicas
2025-11-11 01:08:40 - [SUCCESS] Scaled web-5515 to 2 replicas
2025-11-11 01:08:51 - [SUCCESS] Scaled web-2528 to 3 replicas
2025-11-11 01:09:01 - [SUCCESS] Scaled cache-1087 to 6 replicas
2025-11-11 01:09:09 - [SUCCESS] Scaled db-5288 to 3 replicas
2025-11-11 01:09:23 - [SUCCESS] Scaled api-9988 to 3 replicas
2025-11-11 01:09:26 - [SUCCESS] Scaled api-9988 to 6 replicas
2025-11-11 01:09:29 - [SUCCESS] Scaled api-9988 to 8 replicas
2025-11-11 01:09:31 - [SUCCESS] Scaled api-9988 to 5 replicas
2025-11-11 01:09:33 - [SUCCESS] Scaled api-9988 to 2 replicas
2025-11-11 01:09:51 - [SUCCESS] Scaled web-9122 to 6 replicas
2025-11-11 01:09:59 - [SUCCESS] Scaled web-8102 to 3 replicas
2025-11-11 01:10:12 - [SUCCESS] Scaled web-5911 to 5 replicas
2025-11-11 01:10:23 - [SUCCESS] Scaled db-8501 to 2 replicas
2025-11-11 01:10:27 - [SUCCESS] Deployed web-8775 with image httpd:latest (2 replicas)
2025-11-11 01:10:31 - [SUCCESS] Scaled cache-3030 to 4 replicas
2025-11-11 01:10:43 - [SUCCESS] Scaled web-6438 to 3 replicas
2025-11-11 01:10:50 - [SUCCESS] Scaled cache-7636 to 2 replicas
2025-11-11 01:10:59 - [SUCCESS] Scaled web-1344 to 5 replicas
2025-11-11 01:11:03 - [SUCCESS] Scaled web-1057 to 1 replicas
2025-11-11 01:11:13 - [SUCCESS] Scaled worker-3138 to 3 replicas
2025-11-11 01:11:16 - [SUCCESS] Scaled worker-3138 to 6 replicas
2025-11-11 01:11:21 - [SUCCESS] Scaled worker-3138 to 8 replicas
2025-11-11 01:11:21 - [SUCCESS] Deployed db-6724 with image mongo:latest (2 replicas)
2025-11-11 01:11:25 - [SUCCESS] Scaled worker-3138 to 5 replicas
2025-11-11 01:11:29 - [SUCCESS] Scaled worker-3138 to 2 replicas
2025-11-11 01:11:36 - [SUCCESS] Scaled cache-4153 to 2 replicas
2025-11-11 01:11:43 - [SUCCESS] Scaled worker-8908 to 1 replicas
2025-11-11 01:11:56 - [SUCCESS] Scaled cache-2366 to 4 replicas
2025-11-11 01:12:10 - [SUCCESS] Scaled api-2373 to 3 replicas
2025-11-11 01:12:14 - [SUCCESS] Scaled api-2373 to 6 replicas
2025-11-11 01:12:16 - [SUCCESS] Scaled api-2373 to 8 replicas
2025-11-11 01:12:21 - [SUCCESS] Scaled api-2373 to 5 replicas
2025-11-11 01:12:24 - [SUCCESS] Scaled api-2373 to 2 replicas
2025-11-11 01:12:35 - [SUCCESS] Scaled worker-8341 to 3 replicas
2025-11-11 01:12:38 - [SUCCESS] Scaled worker-8341 to 6 replicas
2025-11-11 01:12:42 - [SUCCESS] Scaled worker-8341 to 8 replicas
2025-11-11 01:12:45 - [SUCCESS] Scaled worker-8341 to 5 replicas
2025-11-11 01:12:47 - [SUCCESS] Scaled worker-8341 to 2 replicas
2025-11-11 01:13:00 - [SUCCESS] Deployed db-3654 with image mongo:latest (2 replicas)
2025-11-11 01:13:02 - [SUCCESS] Scaled web-5684 to 3 replicas
2025-11-11 01:13:10 - [SUCCESS] Deployed web-7266 with image httpd:latest (3 replicas)
2025-11-11 01:13:12 - [SUCCESS] Scaled cache-3934 to 2 replicas
2025-11-11 01:13:20 - [SUCCESS] Scaled cache-5113 to 3 replicas
2025-11-11 01:13:22 - [SUCCESS] Scaled cache-5113 to 6 replicas
2025-11-11 01:13:25 - [SUCCESS] Scaled cache-5113 to 8 replicas
2025-11-11 01:13:25 - [SUCCESS] Scaled worker-1000 to 3 replicas
2025-11-11 01:13:28 - [SUCCESS] Scaled cache-5113 to 5 replicas
2025-11-11 01:13:31 - [SUCCESS] Scaled cache-5113 to 2 replicas
2025-11-11 01:13:37 - [SUCCESS] Scaled db-3885 to 2 replicas
2025-11-11 01:13:44 - [SUCCESS] Deployed worker-7698 with image rabbitmq:latest (4 replicas)
2025-11-11 01:13:47 - [SUCCESS] Scaled worker-8691 to 6 replicas
2025-11-11 01:13:55 - [SUCCESS] Scaled api-8144 to 3 replicas
2025-11-11 01:13:58 - [SUCCESS] Scaled api-8144 to 6 replicas
2025-11-11 01:14:01 - [SUCCESS] Scaled api-8144 to 8 replicas
2025-11-11 01:14:06 - [SUCCESS] Scaled api-8144 to 5 replicas
2025-11-11 01:14:10 - [SUCCESS] Scaled api-8144 to 2 replicas
2025-11-11 01:14:11 - [SUCCESS] Deployed web-4057 with image httpd:latest (4 replicas)
2025-11-11 01:14:21 - [SUCCESS] Scaled worker-7778 to 2 replicas
2025-11-11 01:14:28 - [SUCCESS] Scaled db-4423 to 6 replicas
2025-11-11 01:14:38 - [SUCCESS] Scaled web-2334 to 3 replicas
2025-11-11 01:14:43 - [SUCCESS] Scaled web-2334 to 6 replicas
2025-11-11 01:14:45 - [SUCCESS] Scaled web-2334 to 8 replicas
2025-11-11 01:14:47 - [SUCCESS] Scaled web-2334 to 5 replicas
2025-11-11 01:14:50 - [SUCCESS] Scaled web-2334 to 2 replicas
2025-11-11 01:15:03 - [SUCCESS] Scaled api-6169 to 2 replicas
2025-11-11 01:15:09 - [SUCCESS] Deployed web-7768 with image nginx:latest (4 replicas)
2025-11-11 01:15:12 - [SUCCESS] Scaled cache-8056 to 2 replicas
2025-11-11 01:15:19 - [SUCCESS] Scaled db-1639 to 6 replicas
2025-11-11 01:15:31 - [SUCCESS] Scaled worker-1317 to 3 replicas
2025-11-11 01:15:45 - [SUCCESS] Scaled cache-3513 to 3 replicas
2025-11-11 01:15:48 - [SUCCESS] Scaled cache-3513 to 6 replicas
2025-11-11 01:15:51 - [SUCCESS] Scaled cache-3513 to 8 replicas
2025-11-11 01:15:54 - [SUCCESS] Scaled cache-3513 to 5 replicas
2025-11-11 01:15:57 - [SUCCESS] Scaled cache-3513 to 2 replicas
2025-11-11 01:16:04 - [SUCCESS] Scaled web-9919 to 4 replicas
2025-11-11 01:16:07 - [SUCCESS] Scaled cache-6336 to 1 replicas
2025-11-11 01:16:14 - [SUCCESS] Scaled api-8464 to 6 replicas
2025-11-11 01:16:24 - [SUCCESS] Scaled api-6411 to 2 replicas
2025-11-11 01:16:32 - [SUCCESS] Scaled cache-3634 to 1 replicas
2025-11-11 01:16:38 - [SUCCESS] Deployed worker-2731 with image redis:latest (3 replicas)
2025-11-11 01:16:42 - [SUCCESS] Scaled cache-3934 to 5 replicas
2025-11-11 01:16:48 - [SUCCESS] Scaled web-4834 to 6 replicas
2025-11-11 01:16:55 - [SUCCESS] Scaled api-6169 to 1 replicas
2025-11-11 01:17:09 - [SUCCESS] Scaled api-8274 to 4 replicas
2025-11-11 01:17:24 - [SUCCESS] Scaled cache-2101 to 3 replicas
2025-11-11 01:17:28 - [SUCCESS] Scaled cache-2101 to 6 replicas
2025-11-11 01:17:32 - [SUCCESS] Scaled cache-2101 to 8 replicas
2025-11-11 01:17:35 - [SUCCESS] Scaled cache-2101 to 5 replicas
2025-11-11 01:17:38 - [SUCCESS] Scaled cache-2101 to 2 replicas
2025-11-11 01:17:50 - [SUCCESS] Scaled db-3421 to 6 replicas
2025-11-11 01:18:03 - [SUCCESS] Scaled db-8927 to 5 replicas
2025-11-11 01:18:05 - [SUCCESS] Scaled web-8113 to 5 replicas
2025-11-11 01:18:16 - [SUCCESS] Scaled db-6189 to 2 replicas
2025-11-11 01:18:24 - [SUCCESS] Scaled cache-2756 to 2 replicas
2025-11-11 01:18:30 - [SUCCESS] Scaled api-2280 to 3 replicas
2025-11-11 01:18:34 - [SUCCESS] Scaled api-2280 to 6 replicas
2025-11-11 01:18:38 - [SUCCESS] Scaled api-2280 to 8 replicas
2025-11-11 01:18:41 - [SUCCESS] Scaled api-2280 to 5 replicas
2025-11-11 01:18:44 - [SUCCESS] Scaled api-2280 to 2 replicas
2025-11-11 01:18:58 - [SUCCESS] Scaled worker-8313 to 1 replicas
2025-11-11 01:19:04 - [SUCCESS] Scaled cache-4027 to 3 replicas
2025-11-11 01:19:13 - [SUCCESS] Scaled db-7788 to 1 replicas
2025-11-11 01:19:16 - [SUCCESS] Deployed cache-9621 with image memcached:latest (1 replicas)
2025-11-11 01:19:20 - [SUCCESS] Scaled db-3219 to 3 replicas
2025-11-11 01:19:23 - [SUCCESS] Scaled db-3219 to 6 replicas
2025-11-11 01:19:28 - [SUCCESS] Scaled db-3219 to 8 replicas
2025-11-11 01:19:32 - [SUCCESS] Scaled db-3219 to 5 replicas
2025-11-11 01:19:34 - [SUCCESS] Scaled db-3219 to 2 replicas
2025-11-11 01:19:45 - [SUCCESS] Scaled db-3597 to 4 replicas
2025-11-11 01:19:55 - [SUCCESS] Deployed api-8091 with image nginx:latest (4 replicas)
2025-11-11 01:20:00 - [SUCCESS] Scaled cache-1767 to 6 replicas
2025-11-11 01:20:07 - [SUCCESS] Scaled db-7729 to 3 replicas
2025-11-11 01:20:10 - [SUCCESS] Scaled db-7729 to 6 replicas
2025-11-11 01:20:13 - [SUCCESS] Scaled db-7729 to 8 replicas
2025-11-11 01:20:16 - [SUCCESS] Scaled db-7729 to 5 replicas
2025-11-11 01:20:20 - [SUCCESS] Scaled db-7729 to 2 replicas
2025-11-11 01:20:37 - [SUCCESS] Scaled cache-2151 to 2 replicas
2025-11-11 01:20:47 - [SUCCESS] Scaled db-5370 to 3 replicas
2025-11-11 01:20:51 - [SUCCESS] Scaled db-5370 to 6 replicas
2025-11-11 01:20:53 - [SUCCESS] Scaled db-5370 to 8 replicas
2025-11-11 01:20:59 - [SUCCESS] Scaled db-5370 to 5 replicas
2025-11-11 01:21:02 - [SUCCESS] Scaled db-5370 to 2 replicas
2025-11-11 01:21:16 - [SUCCESS] Scaled worker-7176 to 3 replicas
2025-11-11 01:21:28 - [SUCCESS] Scaled db-3774 to 3 replicas
2025-11-11 01:21:36 - [SUCCESS] Scaled db-6724 to 3 replicas
2025-11-11 01:21:48 - [SUCCESS] Scaled web-2175 to 3 replicas
2025-11-11 01:21:50 - [SUCCESS] Scaled web-2175 to 6 replicas
2025-11-11 01:21:54 - [SUCCESS] Scaled web-2175 to 8 replicas
2025-11-11 01:21:57 - [SUCCESS] Scaled web-2175 to 5 replicas
2025-11-11 01:22:02 - [SUCCESS] Scaled web-2175 to 2 replicas
2025-11-11 01:22:02 - [SUCCESS] Scaled web-7428 to 6 replicas
2025-11-11 01:22:11 - [SUCCESS] Scaled api-8205 to 3 replicas
2025-11-11 01:22:15 - [SUCCESS] Scaled cache-6819 to 3 replicas
2025-11-11 01:22:18 - [SUCCESS] Scaled cache-6819 to 6 replicas
2025-11-11 01:22:21 - [SUCCESS] Scaled cache-6819 to 8 replicas
2025-11-11 01:22:25 - [SUCCESS] Scaled cache-6819 to 5 replicas
2025-11-11 01:22:25 - [SUCCESS] Scaled web-4371 to 5 replicas
2025-11-11 01:22:29 - [SUCCESS] Scaled cache-6819 to 2 replicas
2025-11-11 01:22:38 - [SUCCESS] Scaled web-7508 to 5 replicas
2025-11-11 01:22:52 - [SUCCESS] Scaled api-6414 to 3 replicas
2025-11-11 01:22:57 - [SUCCESS] Scaled api-6414 to 6 replicas
2025-11-11 01:23:00 - [SUCCESS] Scaled api-6414 to 8 replicas
2025-11-11 01:23:04 - [SUCCESS] Scaled api-6414 to 5 replicas
2025-11-11 01:23:08 - [SUCCESS] Scaled api-6414 to 2 replicas
2025-11-11 01:23:21 - [SUCCESS] Scaled worker-4568 to 7 replicas
2025-11-11 01:23:25 - [SUCCESS] Scaled worker-6298 to 2 replicas
2025-11-11 01:23:35 - [SUCCESS] Scaled web-8775 to 4 replicas
2025-11-11 01:23:45 - [SUCCESS] Scaled db-3787 to 3 replicas
2025-11-11 01:23:49 - [SUCCESS] Scaled db-3787 to 6 replicas
2025-11-11 01:23:54 - [SUCCESS] Scaled db-3787 to 8 replicas
2025-11-11 01:23:59 - [SUCCESS] Scaled db-3787 to 5 replicas
2025-11-11 01:24:03 - [SUCCESS] Scaled db-3787 to 2 replicas
2025-11-11 01:24:21 - [SUCCESS] Scaled db-9686 to 1 replicas
2025-11-11 01:24:29 - [SUCCESS] Scaled db-4455 to 4 replicas
2025-11-11 01:24:36 - [SUCCESS] Scaled api-6963 to 4 replicas
2025-11-11 01:24:43 - [SUCCESS] Scaled api-1421 to 3 replicas
2025-11-11 01:24:57 - [SUCCESS] Scaled db-6995 to 3 replicas
2025-11-11 01:24:59 - [SUCCESS] Scaled db-6995 to 6 replicas
2025-11-11 01:25:04 - [SUCCESS] Scaled db-6995 to 8 replicas
2025-11-11 01:25:06 - [SUCCESS] Scaled db-6995 to 5 replicas
2025-11-11 01:25:10 - [SUCCESS] Scaled db-6995 to 2 replicas
2025-11-11 01:25:27 - [SUCCESS] Scaled worker-8691 to 1 replicas
2025-11-11 01:25:33 - [SUCCESS] Deployed db-4068 with image mysql:latest (1 replicas)
2025-11-11 01:25:38 - [SUCCESS] Scaled db-3187 to 1 replicas
2025-11-11 01:25:52 - [SUCCESS] Scaled cache-4475 to 3 replicas
2025-11-11 01:25:57 - [SUCCESS] Scaled cache-4475 to 6 replicas
2025-11-11 01:26:01 - [SUCCESS] Scaled cache-4475 to 8 replicas
2025-11-11 01:26:03 - [SUCCESS] Scaled cache-4475 to 5 replicas
2025-11-11 01:26:06 - [SUCCESS] Scaled cache-4475 to 2 replicas
2025-11-11 01:26:23 - [SUCCESS] Scaled web-1305 to 3 replicas
2025-11-11 01:26:25 - [SUCCESS] Deployed worker-8144 with image rabbitmq:latest (4 replicas)
2025-11-11 01:26:29 - [SUCCESS] Scaled cache-2709 to 4 replicas
2025-11-11 01:26:41 - [SUCCESS] Scaled worker-4804 to 4 replicas
2025-11-11 01:26:45 - [SUCCESS] Deployed worker-8647 with image rabbitmq:latest (2 replicas)
2025-11-11 01:26:46 - [SUCCESS] Scaled web-2175 to 5 replicas
2025-11-11 01:27:01 - [SUCCESS] Scaled db-4936 to 2 replicas
2025-11-11 01:27:15 - [SUCCESS] Scaled api-3800 to 6 replicas
2025-11-11 01:27:23 - [SUCCESS] Scaled api-3006 to 1 replicas
2025-11-11 01:27:33 - [SUCCESS] Scaled web-4952 to 3 replicas
2025-11-11 01:27:36 - [SUCCESS] Scaled web-4952 to 6 replicas
2025-11-11 01:27:39 - [SUCCESS] Scaled web-4952 to 8 replicas
2025-11-11 01:27:43 - [SUCCESS] Scaled web-4952 to 5 replicas
2025-11-11 01:27:45 - [SUCCESS] Scaled web-4952 to 2 replicas
2025-11-11 01:28:00 - [SUCCESS] Scaled cache-5889 to 3 replicas
2025-11-11 01:28:04 - [SUCCESS] Scaled cache-5889 to 6 replicas
2025-11-11 01:28:06 - [SUCCESS] Scaled cache-5889 to 8 replicas
2025-11-11 01:28:09 - [SUCCESS] Scaled cache-5889 to 5 replicas
2025-11-11 01:28:12 - [SUCCESS] Scaled cache-5889 to 2 replicas
2025-11-11 01:28:22 - [SUCCESS] Scaled worker-3254 to 5 replicas
2025-11-11 01:28:32 - [SUCCESS] Scaled worker-7176 to 2 replicas
2025-11-11 01:28:36 - [SUCCESS] Scaled worker-7030 to 5 replicas
2025-11-11 01:28:38 - [SUCCESS] Scaled cache-8056 to 3 replicas
2025-11-11 01:28:46 - [SUCCESS] Scaled web-7009 to 5 replicas
2025-11-11 01:28:54 - [SUCCESS] Scaled db-4936 to 8 replicas
2025-11-11 01:29:00 - [SUCCESS] Scaled web-5170 to 6 replicas
2025-11-11 01:29:12 - [SUCCESS] Scaled db-8927 to 4 replicas
2025-11-11 01:29:26 - [SUCCESS] Scaled cache-1212 to 3 replicas
2025-11-11 01:29:33 - [SUCCESS] Scaled db-4203 to 2 replicas
2025-11-11 01:29:39 - [SUCCESS] Scaled web-1633 to 1 replicas
2025-11-11 01:29:40 - [SUCCESS] Scaled api-7628 to 7 replicas
2025-11-11 01:29:51 - [SUCCESS] Scaled api-7283 to 1 replicas
2025-11-11 01:30:06 - [SUCCESS] Scaled web-9138 to 2 replicas
2025-11-11 01:30:18 - [SUCCESS] Scaled cache-2366 to 3 replicas
2025-11-11 01:30:22 - [SUCCESS] Scaled cache-2366 to 6 replicas
2025-11-11 01:30:25 - [SUCCESS] Scaled cache-2366 to 8 replicas
2025-11-11 01:30:28 - [SUCCESS] Scaled cache-2366 to 5 replicas
2025-11-11 01:30:30 - [SUCCESS] Scaled cache-2366 to 2 replicas
2025-11-11 01:30:34 - [SUCCESS] Deployed web-3237 with image nginx:latest (4 replicas)
2025-11-11 01:30:47 - [SUCCESS] Scaled web-1339 to 1 replicas
2025-11-11 01:30:55 - [SUCCESS] Scaled cache-8857 to 3 replicas
2025-11-11 01:31:00 - [SUCCESS] Scaled db-4650 to 6 replicas
2025-11-11 01:31:03 - [SUCCESS] Scaled web-4371 to 4 replicas
2025-11-11 01:31:13 - [SUCCESS] Scaled db-3369 to 5 replicas
2025-11-11 01:31:19 - [SUCCESS] Scaled db-3972 to 2 replicas
2025-11-11 01:31:33 - [SUCCESS] Scaled api-2679 to 3 replicas
2025-11-11 01:31:35 - [SUCCESS] Scaled api-2679 to 6 replicas
2025-11-11 01:31:39 - [SUCCESS] Scaled api-2679 to 8 replicas
2025-11-11 01:31:44 - [SUCCESS] Scaled api-2679 to 5 replicas
2025-11-11 01:31:47 - [SUCCESS] Scaled api-2679 to 2 replicas
2025-11-11 01:31:59 - [SUCCESS] Deployed web-2428 with image httpd:latest (2 replicas)
2025-11-11 01:32:02 - [SUCCESS] Scaled db-6736 to 1 replicas
2025-11-11 01:32:11 - [SUCCESS] Scaled cache-1549 to 2 replicas
2025-11-11 01:32:24 - [SUCCESS] Scaled cache-7738 to 4 replicas
2025-11-11 01:32:28 - [SUCCESS] Scaled api-6283 to 6 replicas
2025-11-11 01:32:33 - [SUCCESS] Scaled web-7989 to 3 replicas
2025-11-11 01:32:37 - [SUCCESS] Scaled web-7989 to 6 replicas
2025-11-11 01:32:41 - [SUCCESS] Scaled web-7989 to 8 replicas
2025-11-11 01:32:45 - [SUCCESS] Scaled web-7989 to 5 replicas
2025-11-11 01:32:47 - [SUCCESS] Scaled web-7989 to 2 replicas
2025-11-11 01:32:57 - [SUCCESS] Scaled cache-9359 to 3 replicas
2025-11-11 01:33:02 - [SUCCESS] Scaled cache-9359 to 6 replicas
2025-11-11 01:33:04 - [SUCCESS] Scaled cache-9359 to 8 replicas
2025-11-11 01:33:07 - [SUCCESS] Scaled cache-9359 to 5 replicas
2025-11-11 01:33:11 - [SUCCESS] Scaled cache-9359 to 2 replicas
2025-11-11 01:33:18 - [SUCCESS] Scaled api-6642 to 2 replicas
2025-11-11 01:33:21 - [SUCCESS] Scaled cache-3933 to 2 replicas
2025-11-11 01:33:28 - [SUCCESS] Scaled cache-1824 to 2 replicas
2025-11-11 01:33:37 - [SUCCESS] Scaled cache-7244 to 2 replicas
2025-11-11 01:33:41 - [SUCCESS] Scaled cache-6660 to 3 replicas
2025-11-11 01:33:45 - [SUCCESS] Scaled cache-6660 to 6 replicas
2025-11-11 01:33:48 - [SUCCESS] Scaled cache-6660 to 8 replicas
2025-11-11 01:33:49 - [SUCCESS] Scaled db-3421 to 3 replicas
2025-11-11 01:33:52 - [SUCCESS] Scaled cache-6660 to 5 replicas
2025-11-11 01:33:52 - [SUCCESS] Scaled db-3421 to 6 replicas
2025-11-11 01:33:55 - [SUCCESS] Scaled db-3421 to 8 replicas
2025-11-11 01:33:57 - [SUCCESS] Scaled cache-6660 to 2 replicas
2025-11-11 01:34:00 - [SUCCESS] Scaled db-3421 to 5 replicas
2025-11-11 01:34:02 - [SUCCESS] Scaled db-3421 to 2 replicas
2025-11-11 01:34:10 - [SUCCESS] Scaled worker-2494 to 3 replicas
2025-11-11 01:34:13 - [SUCCESS] Scaled worker-2494 to 6 replicas
2025-11-11 01:34:16 - [SUCCESS] Scaled worker-2494 to 8 replicas
2025-11-11 01:34:19 - [SUCCESS] Scaled worker-2494 to 5 replicas
2025-11-11 01:34:22 - [SUCCESS] Scaled worker-2494 to 2 replicas
2025-11-11 01:34:37 - [SUCCESS] Scaled api-8217 to 5 replicas
2025-11-11 01:34:46 - [SUCCESS] Scaled cache-2104 to 1 replicas
2025-11-11 01:34:58 - [SUCCESS] Scaled cache-4740 to 2 replicas
2025-11-11 01:35:11 - [SUCCESS] Scaled cache-8929 to 3 replicas
2025-11-11 01:35:16 - [SUCCESS] Scaled api-8274 to 2 replicas
2025-11-11 01:35:21 - [SUCCESS] Scaled api-6852 to 4 replicas
2025-11-11 01:35:34 - [SUCCESS] Scaled api-7894 to 3 replicas
2025-11-11 01:35:37 - [SUCCESS] Scaled api-7894 to 6 replicas
2025-11-11 01:35:39 - [SUCCESS] Scaled api-7894 to 8 replicas
2025-11-11 01:35:44 - [SUCCESS] Scaled api-7894 to 5 replicas
2025-11-11 01:35:48 - [SUCCESS] Scaled api-7894 to 2 replicas
2025-11-11 01:35:59 - [SUCCESS] Scaled web-5031 to 3 replicas
2025-11-11 01:36:03 - [SUCCESS] Scaled web-5031 to 6 replicas
2025-11-11 01:36:06 - [SUCCESS] Scaled web-5031 to 8 replicas
2025-11-11 01:36:11 - [SUCCESS] Scaled web-5031 to 5 replicas
2025-11-11 01:36:14 - [SUCCESS] Scaled web-5031 to 2 replicas
2025-11-11 01:36:23 - [SUCCESS] Scaled worker-7301 to 3 replicas
2025-11-11 01:36:27 - [SUCCESS] Scaled worker-7301 to 6 replicas
2025-11-11 01:36:29 - [SUCCESS] Scaled worker-7301 to 8 replicas
2025-11-11 01:36:31 - [SUCCESS] Scaled worker-7301 to 5 replicas
2025-11-11 01:36:36 - [SUCCESS] Scaled worker-7301 to 2 replicas
2025-11-11 01:36:51 - [SUCCESS] Scaled web-7508 to 2 replicas
2025-11-11 01:36:56 - [SUCCESS] Scaled web-3735 to 5 replicas
2025-11-11 01:37:05 - [SUCCESS] Scaled api-8205 to 5 replicas
2025-11-11 01:37:18 - [SUCCESS] Scaled api-5902 to 4 replicas
2025-11-11 01:37:30 - [SUCCESS] Scaled web-7428 to 3 replicas
2025-11-11 01:37:35 - [SUCCESS] Scaled web-7428 to 6 replicas
2025-11-11 01:37:39 - [SUCCESS] Scaled web-7428 to 8 replicas
2025-11-11 01:37:43 - [SUCCESS] Scaled web-7428 to 5 replicas
2025-11-11 01:37:46 - [SUCCESS] Scaled web-7428 to 2 replicas
2025-11-11 01:37:58 - [FAILED] Stopped application db-5423
2025-11-11 01:37:58 - [FAILED] Stopped application worker-1317
2025-11-11 01:37:58 - [FAILED] Stopped application cache-2366
2025-11-11 01:37:58 - [FAILED] Stopped application cache-6834
2025-11-11 01:37:58 - [FAILED] Stopped application worker-2877
2025-11-11 01:37:58 - [FAILED] Stopped application api-2574
2025-11-11 01:37:58 - [FAILED] Stopped application db-5572
2025-11-11 01:37:58 - [FAILED] Stopped application worker-7146
2025-11-11 01:37:58 - [FAILED] Stopped application cache-5708
2025-11-11 01:37:58 - [FAILED] Stopped application api-7624
2025-11-11 01:37:58 - [FAILED] Stopped application db-3313
2025-11-11 01:37:58 - [FAILED] Stopped application api-8367
2025-11-11 01:37:58 - [FAILED] Stopped application cache-3521
2025-11-11 01:37:58 - [FAILED] Stopped application db-7829
2025-11-11 01:37:58 - [FAILED] Stopped application db-1858
2025-11-11 01:37:58 - [FAILED] Stopped application web-6501
2025-11-11 01:37:58 - [FAILED] Stopped application db-5648
2025-11-11 01:37:58 - [FAILED] Stopped application cache-6998
2025-11-11 01:37:58 - [FAILED] Stopped application web-1526
2025-11-11 01:37:58 - [FAILED] Stopped application web-3516
2025-11-11 01:37:58 - [FAILED] Stopped application worker-2494
2025-11-11 01:37:58 - [FAILED] Stopped application web-9919
2025-11-11 01:37:58 - [FAILED] Stopped application db-4473
2025-11-11 01:37:58 - [FAILED] Stopped application api-8347
2025-11-11 01:37:58 - [FAILED] Stopped application cache-9359
2025-11-11 01:37:58 - [FAILED] Stopped application worker-3448
2025-11-11 01:37:58 - [FAILED] Stopped application api-6963
2025-11-11 01:37:58 - [FAILED] Stopped application db-3420
2025-11-11 01:37:58 - [FAILED] Stopped application worker-2748
2025-11-11 01:37:58 - [FAILED] Stopped application web-1077
2025-11-11 01:37:59 - [FAILED] Stopped application cache-5020
2025-11-11 01:37:59 - [FAILED] Stopped application cache-5056
2025-11-11 01:37:59 - [FAILED] Stopped application db-8583
2025-11-11 01:37:59 - [FAILED] Stopped application api-6192
2025-11-11 01:37:59 - [FAILED] Stopped application db-5433
2025-11-11 01:37:59 - [FAILED] Stopped application worker-6945
2025-11-11 01:37:59 - [FAILED] Stopped application worker-3938
2025-11-11 01:37:59 - [FAILED] Stopped application web-4787
2025-11-11 01:37:59 - [FAILED] Stopped application worker-4517
2025-11-11 01:37:59 - [FAILED] Stopped application cache-1733
2025-11-11 01:37:59 - [FAILED] Stopped application worker-7477
2025-11-11 01:37:59 - [FAILED] Stopped application db-4735
2025-11-11 01:37:59 - [FAILED] Stopped application cache-6336
2025-11-11 01:37:59 - [FAILED] Stopped application api-3245
2025-11-11 01:37:59 - [FAILED] Stopped application db-2386
2025-11-11 01:37:59 - [FAILED] Stopped application api-8274
2025-11-11 01:37:59 - [FAILED] Stopped application api-2057
2025-11-11 01:37:59 - [FAILED] Stopped application cache-8936
2025-11-11 01:37:59 - [FAILED] Stopped application db-8501
2025-11-11 01:37:59 - [FAILED] Stopped application db-6928
2025-11-11 01:37:59 - [FAILED] Stopped application api-6738
2025-11-11 01:37:59 - [FAILED] Stopped application worker-8416
2025-11-11 01:37:59 - [FAILED] Stopped application worker-3120
2025-11-11 01:37:59 - [FAILED] Stopped application api-6169
2025-11-11 01:37:59 - [FAILED] Stopped application web-7131
2025-11-11 01:37:59 - [FAILED] Stopped application worker-2091
2025-11-11 01:37:59 - [FAILED] Stopped application db-6901
2025-11-11 01:37:59 - [FAILED] Stopped application db-3292
2025-11-11 01:37:59 - [FAILED] Stopped application cache-5889
2025-11-11 01:37:59 - [FAILED] Stopped application cache-8929
2025-11-11 01:37:59 - [FAILED] Stopped application db-1316
2025-11-11 01:37:59 - [FAILED] Stopped application db-2982
2025-11-11 01:37:59 - [FAILED] Stopped application db-9686
2025-11-11 01:37:59 - [FAILED] Stopped application api-9149
2025-11-11 01:37:59 - [FAILED] Stopped application cache-3934
2025-11-11 01:37:59 - [FAILED] Stopped application web-2480
2025-11-11 01:37:59 - [FAILED] Stopped application db-6182
2025-11-11 01:37:59 - [FAILED] Stopped application cache-1088
2025-11-11 01:37:59 - [FAILED] Stopped application cache-6581
2025-11-11 01:37:59 - [FAILED] Stopped application api-6424
2025-11-11 01:37:59 - [FAILED] Stopped application cache-2183
2025-11-11 01:37:59 - [FAILED] Stopped application cache-3107
2025-11-11 01:37:59 - [FAILED] Stopped application db-3972
2025-11-11 01:37:59 - [FAILED] Stopped application api-8674
2025-11-11 01:37:59 - [FAILED] Stopped application api-1726
2025-11-11 01:37:59 - [FAILED] Stopped application web-2334
2025-11-11 01:37:59 - [FAILED] Stopped application db-9991
2025-11-11 01:37:59 - [FAILED] Stopped application api-4644
2025-11-11 01:37:59 - [FAILED] Stopped application worker-7557
2025-11-11 01:37:59 - [FAILED] Stopped application db-9018
2025-11-11 01:37:59 - [FAILED] Stopped application worker-5813
2025-11-11 01:37:59 - [FAILED] Stopped application db-7555
2025-11-11 01:37:59 - [FAILED] Stopped application db-2294
2025-11-11 01:37:59 - [FAILED] Stopped application worker-6737
2025-11-11 01:37:59 - [FAILED] Stopped application worker-1196
2025-11-11 01:38:00 - [FAILED] Stopped application api-7107
2025-11-11 01:38:00 - [FAILED] Stopped application api-2767
2025-11-11 01:38:00 - [FAILED] Stopped application cache-2866
2025-11-11 01:38:00 - [FAILED] Stopped application web-4377
2025-11-11 01:38:00 - [FAILED] Stopped application cache-7028
2025-11-11 01:38:00 - [FAILED] Stopped application api-9671
2025-11-11 01:38:00 - [FAILED] Stopped application worker-3530
2025-11-11 01:38:00 - [FAILED] Stopped application worker-3709
2025-11-11 01:38:00 - [FAILED] Stopped application api-9748
2025-11-11 01:38:00 - [FAILED] Stopped application cache-7497
2025-11-11 01:38:00 - [FAILED] Stopped application worker-6059
2025-11-11 01:38:00 - [FAILED] Stopped application web-6527
2025-11-11 01:38:00 - [FAILED] Stopped application web-2789
2025-11-11 01:38:00 - [FAILED] Stopped application worker-3879
2025-11-11 01:38:00 - [SUCCESS] Scaled worker-5988 to 6 replicas
2025-11-11 01:38:00 - [FAILED] Stopped application worker-6358
2025-11-11 01:38:00 - [FAILED] Stopped application api-8875
2025-11-11 01:38:00 - [FAILED] Stopped application worker-8341
2025-11-11 01:38:00 - [FAILED] Stopped application web-4429
2025-11-11 01:38:00 - [FAILED] Stopped application cache-8406
2025-11-11 01:38:00 - [FAILED] Stopped application worker-2696
2025-11-11 01:38:00 - [FAILED] Stopped application web-1305
2025-11-11 01:38:00 - [FAILED] Stopped application worker-2471
2025-11-11 01:38:00 - [FAILED] Stopped application web-4262
2025-11-11 01:38:00 - [FAILED] Stopped application api-5775
2025-11-11 01:38:00 - [FAILED] Stopped application db-5247
2025-11-11 01:38:00 - [FAILED] Stopped application web-2942
2025-11-11 01:38:00 - [FAILED] Stopped application cache-9301
2025-11-11 01:38:00 - [FAILED] Stopped application cache-1549
2025-11-11 01:38:00 - [FAILED] Stopped application web-9938
2025-11-11 01:38:00 - [FAILED] Stopped application db-3219
2025-11-11 01:38:00 - [FAILED] Stopped application db-3787
2025-11-11 01:38:00 - [FAILED] Stopped application worker-1396
2025-11-11 01:38:00 - [FAILED] Stopped application web-1419
2025-11-11 01:38:00 - [FAILED] Stopped application api-6510
2025-11-11 01:38:00 - [FAILED] Stopped application db-5084
2025-11-11 01:38:00 - [FAILED] Stopped application db-5702
2025-11-11 01:38:00 - [FAILED] Stopped application worker-7759
2025-11-11 01:38:00 - [FAILED] Stopped application worker-5212
2025-11-11 01:38:00 - [FAILED] Stopped application db-3533
2025-11-11 01:38:00 - [FAILED] Stopped application web-5170
2025-11-11 01:38:00 - [FAILED] Stopped application cache-1954
2025-11-11 01:38:00 - [FAILED] Stopped application api-6514
2025-11-11 01:38:00 - [FAILED] Stopped application worker-4009
2025-11-11 01:38:00 - [FAILED] Stopped application web-1127
2025-11-11 01:38:00 - [FAILED] Stopped application api-7894
2025-11-11 01:38:00 - [FAILED] Stopped application db-4455
2025-11-11 01:38:00 - [FAILED] Stopped application db-8363
2025-11-11 01:38:01 - [FAILED] Stopped application worker-3667
2025-11-11 01:38:01 - [FAILED] Stopped application worker-3451
2025-11-11 01:38:01 - [FAILED] Stopped application web-7813
2025-11-11 01:38:01 - [FAILED] Stopped application cache-1767
2025-11-11 01:38:01 - [FAILED] Stopped application api-7064
2025-11-11 01:38:01 - [FAILED] Stopped application cache-9649
2025-11-11 01:38:01 - [FAILED] Stopped application cache-3929
2025-11-11 01:38:01 - [FAILED] Stopped application worker-7929
2025-11-11 01:38:01 - [FAILED] Stopped application worker-7301
2025-11-11 01:38:01 - [FAILED] Stopped application api-2679
2025-11-11 01:38:01 - [FAILED] Stopped application web-7712
2025-11-11 01:38:01 - [FAILED] Stopped application worker-5148
2025-11-11 01:38:01 - [FAILED] Stopped application worker-1153
2025-11-11 01:38:01 - [FAILED] Stopped application api-8198
2025-11-11 01:38:01 - [FAILED] Stopped application web-4996
2025-11-11 01:38:01 - [FAILED] Stopped application db-7514
2025-11-11 01:38:01 - [FAILED] Stopped application db-4845
2025-11-11 01:38:01 - [FAILED] Stopped application cache-9985
2025-11-11 01:38:01 - [FAILED] Stopped application cache-9419
2025-11-11 01:38:01 - [FAILED] Stopped application api-1043
2025-11-11 01:38:09 - [SUCCESS] Scaled api-6514 to 4 replicas
2025-11-11 01:38:16 - [SUCCESS] Scaled worker-7953 to 6 replicas
2025-11-11 01:38:24 - [SUCCESS] Scaled api-2786 to 4 replicas
2025-11-11 01:38:24 - [SUCCESS] Scaled cache-3107 to 3 replicas
2025-11-11 01:38:28 - [SUCCESS] Scaled cache-3107 to 6 replicas
2025-11-11 01:38:31 - [SUCCESS] Scaled cache-3107 to 8 replicas
2025-11-11 01:38:35 - [SUCCESS] Scaled cache-3107 to 5 replicas
2025-11-11 01:38:38 - [SUCCESS] Scaled web-3735 to 6 replicas
2025-11-11 01:38:39 - [SUCCESS] Scaled cache-3107 to 2 replicas
2025-11-11 01:38:53 - [SUCCESS] Scaled web-1305 to 3 replicas
2025-11-11 01:38:58 - [SUCCESS] Scaled web-1305 to 6 replicas
2025-11-11 01:39:01 - [SUCCESS] Deployed api-5709 with image nginx:latest (2 replicas)
2025-11-11 01:39:02 - [SUCCESS] Scaled web-1305 to 8 replicas
2025-11-11 01:39:05 - [SUCCESS] Scaled web-1305 to 5 replicas
2025-11-11 01:39:08 - [SUCCESS] Scaled web-1305 to 2 replicas
2025-11-11 01:39:14 - [SUCCESS] Deployed web-8148 with image nginx:latest (2 replicas)
2025-11-11 01:39:21 - [SUCCESS] Scaled worker-1280 to 3 replicas
2025-11-11 01:39:35 - [SUCCESS] Scaled api-9149 to 2 replicas
2025-11-11 01:39:46 - [SUCCESS] Scaled cache-8318 to 3 replicas
2025-11-11 01:39:52 - [SUCCESS] Scaled api-7682 to 6 replicas
2025-11-11 01:40:00 - [SUCCESS] Scaled worker-5088 to 1 replicas
2025-11-11 01:40:15 - [SUCCESS] Scaled worker-1153 to 4 replicas
2025-11-11 01:40:25 - [SUCCESS] Scaled api-2610 to 2 replicas
2025-11-11 01:40:36 - [SUCCESS] Scaled web-4787 to 3 replicas
2025-11-11 01:40:50 - [SUCCESS] Scaled db-7410 to 4 replicas
2025-11-11 01:40:59 - [SUCCESS] Scaled web-6501 to 7 replicas
2025-11-11 01:41:00 - [SUCCESS] Scaled cache-4760 to 2 replicas
2025-11-11 01:41:08 - [SUCCESS] Deployed worker-5195 with image redis:latest (1 replicas)
2025-11-11 01:41:09 - [SUCCESS] Scaled cache-8220 to 1 replicas
2025-11-11 01:41:17 - [SUCCESS] Scaled api-8217 to 5 replicas
2025-11-11 01:41:27 - [SUCCESS] Scaled cache-2387 to 6 replicas
2025-11-11 01:41:30 - [SUCCESS] Scaled worker-8357 to 3 replicas
2025-11-11 01:41:34 - [SUCCESS] Scaled worker-8357 to 6 replicas
2025-11-11 01:41:37 - [SUCCESS] Scaled worker-8357 to 8 replicas
2025-11-11 01:41:41 - [SUCCESS] Scaled worker-8357 to 5 replicas
2025-11-11 01:41:46 - [SUCCESS] Scaled worker-8357 to 2 replicas
2025-11-11 01:41:54 - [SUCCESS] Scaled worker-7953 to 5 replicas
2025-11-11 01:42:09 - [SUCCESS] Scaled worker-9611 to 3 replicas
2025-11-11 01:42:18 - [SUCCESS] Scaled worker-1840 to 6 replicas
2025-11-11 01:42:31 - [SUCCESS] Scaled db-3420 to 6 replicas
2025-11-11 01:42:42 - [SUCCESS] Deployed api-2287 with image httpd:latest (4 replicas)
2025-11-11 01:42:44 - [SUCCESS] Scaled cache-1212 to 6 replicas
2025-11-11 01:42:54 - [SUCCESS] Scaled db-3292 to 6 replicas
2025-11-11 01:43:07 - [SUCCESS] Scaled api-8062 to 3 replicas
2025-11-11 01:43:14 - [SUCCESS] Scaled db-6216 to 2 replicas
2025-11-11 01:43:26 - [SUCCESS] Scaled worker-8144 to 3 replicas
2025-11-11 01:43:29 - [SUCCESS] Scaled worker-8144 to 6 replicas
2025-11-11 01:43:32 - [SUCCESS] Scaled worker-8144 to 8 replicas
2025-11-11 01:43:36 - [SUCCESS] Scaled worker-8144 to 5 replicas
2025-11-11 01:43:39 - [SUCCESS] Scaled worker-8144 to 2 replicas
2025-11-11 01:43:47 - [SUCCESS] Deployed worker-3315 with image redis:latest (3 replicas)
2025-11-11 01:43:53 - [SUCCESS] Scaled worker-5780 to 5 replicas
2025-11-11 01:44:03 - [SUCCESS] Scaled web-5555 to 2 replicas
2025-11-11 01:44:12 - [SUCCESS] Scaled cache-8172 to 4 replicas
2025-11-11 01:44:23 - [SUCCESS] Scaled db-8927 to 6 replicas
2025-11-11 01:44:34 - [SUCCESS] Scaled api-5708 to 6 replicas
2025-11-11 01:44:37 - [SUCCESS] Scaled db-7199 to 7 replicas
2025-11-11 01:44:44 - [SUCCESS] Scaled worker-2494 to 3 replicas
2025-11-11 01:44:48 - [SUCCESS] Scaled worker-2494 to 6 replicas
2025-11-11 01:44:51 - [SUCCESS] Scaled worker-2494 to 8 replicas
2025-11-11 01:44:54 - [SUCCESS] Scaled worker-2494 to 5 replicas
2025-11-11 01:44:57 - [SUCCESS] Scaled worker-2494 to 2 replicas
2025-11-11 01:45:10 - [SUCCESS] Scaled cache-1733 to 3 replicas
2025-11-11 01:45:11 - [SUCCESS] Deployed db-6241 with image postgres:latest (2 replicas)
2025-11-11 01:45:12 - [SUCCESS] Scaled cache-1733 to 6 replicas
2025-11-11 01:45:17 - [SUCCESS] Scaled cache-1733 to 8 replicas
2025-11-11 01:45:19 - [SUCCESS] Scaled cache-1733 to 5 replicas
2025-11-11 01:45:24 - [SUCCESS] Scaled cache-1733 to 2 replicas
2025-11-11 01:45:41 - [SUCCESS] Scaled cache-6819 to 3 replicas
2025-11-11 01:45:54 - [SUCCESS] Scaled web-5260 to 4 replicas
2025-11-11 01:45:54 - [SUCCESS] Scaled api-2393 to 8 replicas
2025-11-11 01:46:00 - [SUCCESS] Scaled worker-3254 to 2 replicas
2025-11-11 01:46:10 - [SUCCESS] Scaled cache-1217 to 3 replicas
2025-11-11 01:46:12 - [SUCCESS] Scaled cache-1217 to 6 replicas
2025-11-11 01:46:16 - [SUCCESS] Deployed worker-7910 with image redis:latest (3 replicas)
2025-11-11 01:46:17 - [SUCCESS] Scaled cache-1217 to 8 replicas
2025-11-11 01:46:19 - [SUCCESS] Scaled cache-1217 to 5 replicas
2025-11-11 01:46:22 - [SUCCESS] Scaled cache-1217 to 2 replicas
2025-11-11 01:46:28 - [SUCCESS] Scaled worker-7023 to 7 replicas
2025-11-11 01:46:32 - [SUCCESS] Scaled web-7989 to 3 replicas
2025-11-11 01:46:35 - [SUCCESS] Scaled web-7989 to 6 replicas
2025-11-11 01:46:39 - [SUCCESS] Scaled web-7989 to 8 replicas
2025-11-11 01:46:42 - [SUCCESS] Scaled web-7989 to 5 replicas
2025-11-11 01:46:46 - [SUCCESS] Scaled web-7989 to 2 replicas
2025-11-11 01:46:56 - [SUCCESS] Scaled db-5247 to 3 replicas
2025-11-11 01:47:02 - [SUCCESS] Scaled web-4977 to 6 replicas
2025-11-11 01:47:13 - [SUCCESS] Scaled worker-8647 to 3 replicas
2025-11-11 01:47:17 - [SUCCESS] Scaled worker-8647 to 6 replicas
2025-11-11 01:47:20 - [SUCCESS] Scaled worker-8647 to 8 replicas
2025-11-11 01:47:23 - [SUCCESS] Scaled worker-8647 to 5 replicas
2025-11-11 01:47:26 - [SUCCESS] Deployed worker-5123 with image redis:latest (4 replicas)
2025-11-11 01:47:26 - [SUCCESS] Scaled worker-8647 to 2 replicas
2025-11-11 01:47:38 - [SUCCESS] Scaled cache-1518 to 5 replicas
2025-11-11 01:47:47 - [SUCCESS] Scaled cache-8172 to 5 replicas
2025-11-11 01:47:53 - [SUCCESS] Scaled cache-9604 to 1 replicas
2025-11-11 01:48:00 - [SUCCESS] Scaled db-7788 to 4 replicas
2025-11-11 01:48:03 - [SUCCESS] Deployed cache-4831 with image redis:latest (4 replicas)
2025-11-11 01:48:12 - [SUCCESS] Scaled cache-2101 to 3 replicas
2025-11-11 01:48:15 - [SUCCESS] Scaled cache-2101 to 6 replicas
2025-11-11 01:48:19 - [SUCCESS] Scaled cache-2101 to 8 replicas
2025-11-11 01:48:23 - [SUCCESS] Scaled cache-2101 to 5 replicas
2025-11-11 01:48:26 - [SUCCESS] Scaled cache-2101 to 2 replicas
2025-11-11 01:48:36 - [SUCCESS] Scaled db-4331 to 1 replicas
2025-11-11 01:48:47 - [SUCCESS] Scaled worker-2382 to 3 replicas
2025-11-11 01:48:52 - [SUCCESS] Scaled worker-2382 to 6 replicas
2025-11-11 01:48:56 - [SUCCESS] Scaled worker-2382 to 8 replicas
2025-11-11 01:48:59 - [SUCCESS] Scaled worker-2382 to 5 replicas
2025-11-11 01:49:04 - [SUCCESS] Scaled worker-2382 to 2 replicas
2025-11-11 01:49:08 - [SUCCESS] Deployed worker-2565 with image rabbitmq:latest (2 replicas)
2025-11-11 01:49:16 - [SUCCESS] Scaled cache-6819 to 4 replicas
2025-11-11 01:49:23 - [SUCCESS] Scaled worker-5088 to 3 replicas
2025-11-11 01:49:28 - [SUCCESS] Scaled worker-5088 to 6 replicas
2025-11-11 01:49:31 - [SUCCESS] Scaled worker-5088 to 8 replicas
2025-11-11 01:49:35 - [SUCCESS] Scaled worker-5088 to 5 replicas
2025-11-11 01:49:39 - [SUCCESS] Scaled worker-5088 to 2 replicas
2025-11-11 01:49:55 - [SUCCESS] Scaled worker-4526 to 1 replicas
2025-11-11 01:49:55 - [SUCCESS] Scaled cache-7738 to 6 replicas
2025-11-11 01:50:06 - [SUCCESS] Scaled cache-1954 to 3 replicas
2025-11-11 01:50:18 - [SUCCESS] Scaled cache-4153 to 3 replicas
2025-11-11 01:50:19 - [SUCCESS] Scaled cache-7244 to 3 replicas
2025-11-11 01:50:21 - [SUCCESS] Scaled cache-4153 to 6 replicas
2025-11-11 01:50:22 - [SUCCESS] Scaled cache-7244 to 6 replicas
2025-11-11 01:50:23 - [SUCCESS] Scaled cache-4153 to 8 replicas
2025-11-11 01:50:27 - [SUCCESS] Scaled cache-7244 to 8 replicas
2025-11-11 01:50:27 - [SUCCESS] Scaled cache-4153 to 5 replicas
2025-11-11 01:50:30 - [SUCCESS] Scaled cache-4153 to 2 replicas
2025-11-11 01:50:30 - [SUCCESS] Scaled cache-7244 to 5 replicas
2025-11-11 01:50:34 - [SUCCESS] Scaled cache-7244 to 2 replicas
2025-11-11 01:50:44 - [SUCCESS] Scaled api-6642 to 3 replicas
2025-11-11 01:50:46 - [SUCCESS] Scaled cache-9702 to 3 replicas
2025-11-11 01:50:54 - [SUCCESS] Scaled api-7628 to 1 replicas
2025-11-11 01:51:07 - [SUCCESS] Scaled cache-8564 to 3 replicas
2025-11-11 01:51:10 - [SUCCESS] Scaled cache-8564 to 6 replicas
2025-11-11 01:51:15 - [SUCCESS] Scaled cache-8564 to 8 replicas
2025-11-11 01:51:17 - [SUCCESS] Scaled cache-8564 to 5 replicas
2025-11-11 01:51:20 - [SUCCESS] Scaled cache-8564 to 2 replicas
2025-11-11 01:51:30 - [SUCCESS] Scaled api-7283 to 5 replicas
2025-11-11 01:51:38 - [SUCCESS] Scaled worker-9349 to 3 replicas
2025-11-11 01:51:41 - [SUCCESS] Scaled worker-9349 to 6 replicas
2025-11-11 01:51:43 - [SUCCESS] Scaled worker-9349 to 8 replicas
2025-11-11 01:51:48 - [SUCCESS] Scaled worker-9349 to 5 replicas
2025-11-11 01:51:52 - [SUCCESS] Scaled worker-9349 to 2 replicas
2025-11-11 01:52:06 - [SUCCESS] Scaled cache-1635 to 3 replicas
2025-11-11 01:52:11 - [SUCCESS] Scaled cache-1635 to 6 replicas
2025-11-11 01:52:14 - [SUCCESS] Scaled cache-1635 to 8 replicas
2025-11-11 01:52:16 - [SUCCESS] Scaled cache-1635 to 5 replicas
2025-11-11 01:52:19 - [SUCCESS] Scaled cache-1635 to 2 replicas
2025-11-11 01:52:31 - [SUCCESS] Scaled cache-4153 to 4 replicas
2025-11-11 01:52:33 - [SUCCESS] Scaled cache-9604 to 4 replicas
2025-11-11 01:52:48 - [SUCCESS] Scaled cache-4153 to 5 replicas
2025-11-11 01:52:56 - [SUCCESS] Scaled web-6527 to 5 replicas
2025-11-11 01:53:09 - [SUCCESS] Scaled api-4904 to 4 replicas
2025-11-11 01:53:10 - [SUCCESS] Scaled worker-7824 to 3 replicas
2025-11-11 01:53:22 - [SUCCESS] Scaled cache-3431 to 3 replicas
2025-11-11 01:53:25 - [SUCCESS] Scaled cache-3431 to 6 replicas
2025-11-11 01:53:26 - [SUCCESS] Scaled db-8806 to 7 replicas
2025-11-11 01:53:28 - [SUCCESS] Scaled cache-3431 to 8 replicas
2025-11-11 01:53:30 - [SUCCESS] Scaled cache-3431 to 5 replicas
2025-11-11 01:53:33 - [SUCCESS] Scaled cache-3431 to 2 replicas
2025-11-11 01:53:37 - [SUCCESS] Deployed api-4829 with image nginx:latest (2 replicas)
2025-11-11 01:53:49 - [SUCCESS] Scaled web-3481 to 3 replicas
2025-11-11 01:53:54 - [SUCCESS] Scaled web-3481 to 6 replicas
2025-11-11 01:53:57 - [SUCCESS] Scaled web-3481 to 8 replicas
2025-11-11 01:54:01 - [SUCCESS] Scaled web-3481 to 5 replicas
2025-11-11 01:54:06 - [SUCCESS] Scaled web-3481 to 2 replicas
2025-11-11 01:54:07 - [SUCCESS] Deployed web-4699 with image httpd:latest (1 replicas)
2025-11-11 01:54:25 - [SUCCESS] Scaled db-1875 to 3 replicas
2025-11-11 01:54:28 - [SUCCESS] Scaled db-1875 to 6 replicas
2025-11-11 01:54:33 - [SUCCESS] Scaled db-1875 to 8 replicas
2025-11-11 01:54:38 - [SUCCESS] Scaled db-1875 to 5 replicas
2025-11-11 01:54:42 - [SUCCESS] Scaled db-1875 to 2 replicas
2025-11-11 01:54:48 - [SUCCESS] Scaled worker-6565 to 1 replicas
2025-11-11 01:55:00 - [SUCCESS] Scaled web-3077 to 3 replicas
2025-11-11 01:55:04 - [SUCCESS] Scaled web-3077 to 6 replicas
2025-11-11 01:55:07 - [SUCCESS] Scaled web-3077 to 8 replicas
2025-11-11 01:55:10 - [SUCCESS] Scaled web-3077 to 5 replicas
2025-11-11 01:55:14 - [SUCCESS] Scaled web-3077 to 2 replicas
2025-11-11 01:55:25 - [SUCCESS] Scaled db-9822 to 2 replicas
2025-11-11 01:55:29 - [SUCCESS] Deployed web-2534 with image httpd:latest (4 replicas)
2025-11-11 01:55:36 - [SUCCESS] Scaled web-7989 to 3 replicas
2025-11-11 01:55:39 - [SUCCESS] Scaled web-7989 to 6 replicas
2025-11-11 01:55:44 - [SUCCESS] Scaled web-7989 to 8 replicas
2025-11-11 01:55:46 - [SUCCESS] Scaled web-7989 to 5 replicas
2025-11-11 01:55:49 - [SUCCESS] Scaled web-7989 to 2 replicas
2025-11-11 01:56:03 - [SUCCESS] Scaled api-6192 to 3 replicas
2025-11-11 01:56:07 - [SUCCESS] Scaled api-6192 to 6 replicas
2025-11-11 01:56:11 - [SUCCESS] Scaled api-6192 to 8 replicas
2025-11-11 01:56:13 - [SUCCESS] Scaled api-6192 to 5 replicas
2025-11-11 01:56:18 - [SUCCESS] Scaled api-6192 to 2 replicas
2025-11-11 01:56:28 - [SUCCESS] Scaled db-3878 to 1 replicas
2025-11-11 01:56:35 - [SUCCESS] Scaled db-2386 to 3 replicas
2025-11-11 01:56:39 - [SUCCESS] Scaled db-2386 to 6 replicas
2025-11-11 01:56:44 - [SUCCESS] Scaled db-2386 to 8 replicas
2025-11-11 01:56:48 - [SUCCESS] Scaled db-2386 to 5 replicas
2025-11-11 01:56:51 - [SUCCESS] Scaled db-2386 to 2 replicas
2025-11-11 01:57:02 - [SUCCESS] Scaled api-9601 to 2 replicas
2025-11-11 01:57:17 - [SUCCESS] Scaled db-6736 to 3 replicas
2025-11-11 01:57:22 - [SUCCESS] Scaled db-6736 to 6 replicas
2025-11-11 01:57:26 - [SUCCESS] Scaled db-6736 to 8 replicas
2025-11-11 01:57:30 - [SUCCESS] Scaled cache-9527 to 3 replicas
2025-11-11 01:57:31 - [SUCCESS] Scaled db-6736 to 5 replicas
2025-11-11 01:57:32 - [SUCCESS] Scaled cache-9527 to 6 replicas
2025-11-11 01:57:34 - [SUCCESS] Scaled db-6736 to 2 replicas
2025-11-11 01:57:35 - [SUCCESS] Scaled cache-9527 to 8 replicas
2025-11-11 01:57:40 - [SUCCESS] Scaled cache-9527 to 5 replicas
2025-11-11 01:57:44 - [SUCCESS] Scaled cache-9527 to 2 replicas
2025-11-11 01:57:51 - [SUCCESS] Scaled web-1890 to 5 replicas
2025-11-11 01:58:04 - [SUCCESS] Scaled worker-1280 to 3 replicas
2025-11-11 01:58:16 - [SUCCESS] Scaled worker-7824 to 1 replicas
2025-11-11 01:58:17 - [SUCCESS] Scaled cache-5704 to 3 replicas
2025-11-11 01:58:32 - [SUCCESS] Scaled db-7199 to 1 replicas
2025-11-11 01:58:35 - [SUCCESS] Scaled worker-2616 to 6 replicas
2025-11-11 01:58:46 - [SUCCESS] Scaled web-6147 to 4 replicas
2025-11-11 01:58:55 - [SUCCESS] Scaled api-9058 to 5 replicas
2025-11-11 01:59:01 - [SUCCESS] Scaled cache-4350 to 3 replicas
2025-11-11 01:59:03 - [SUCCESS] Scaled cache-4350 to 6 replicas
2025-11-11 01:59:07 - [SUCCESS] Scaled cache-4350 to 8 replicas
2025-11-11 01:59:10 - [SUCCESS] Scaled cache-4350 to 5 replicas
2025-11-11 01:59:15 - [SUCCESS] Scaled cache-4350 to 2 replicas
2025-11-11 01:59:30 - [SUCCESS] Scaled cache-4350 to 5 replicas
2025-11-11 01:59:42 - [SUCCESS] Scaled api-8347 to 5 replicas
2025-11-11 01:59:53 - [SUCCESS] Scaled db-9018 to 6 replicas
2025-11-11 02:00:01 - [SUCCESS] Scaled cache-7626 to 3 replicas
2025-11-11 02:00:15 - [SUCCESS] Scaled db-4423 to 2 replicas
2025-11-11 02:00:27 - [SUCCESS] Scaled web-1344 to 3 replicas
2025-11-11 02:00:30 - [SUCCESS] Scaled web-1344 to 6 replicas
2025-11-11 02:00:34 - [SUCCESS] Scaled web-1344 to 8 replicas
2025-11-11 02:00:39 - [SUCCESS] Scaled web-1344 to 5 replicas
2025-11-11 02:00:41 - [SUCCESS] Scaled web-1344 to 2 replicas
2025-11-11 02:00:45 - [SUCCESS] Deployed db-6954 with image mongo:latest (3 replicas)
2025-11-11 02:00:58 - [SUCCESS] Scaled api-5708 to 6 replicas
2025-11-11 02:01:04 - [SUCCESS] Scaled api-2176 to 2 replicas
2025-11-11 02:01:10 - [SUCCESS] Scaled web-1419 to 6 replicas
2025-11-11 02:01:11 - [SUCCESS] Deployed api-2677 with image httpd:latest (2 replicas)
2025-11-11 02:01:16 - [SUCCESS] Scaled worker-4763 to 3 replicas
2025-11-11 02:01:24 - [SUCCESS] Scaled worker-3879 to 6 replicas
2025-11-11 02:01:38 - [SUCCESS] Scaled cache-3918 to 2 replicas
2025-11-11 02:01:44 - [SUCCESS] Scaled web-9671 to 3 replicas
2025-11-11 02:01:49 - [SUCCESS] Scaled web-9671 to 6 replicas
2025-11-11 02:01:52 - [SUCCESS] Scaled web-9671 to 8 replicas
2025-11-11 02:01:55 - [SUCCESS] Scaled web-9671 to 5 replicas
2025-11-11 02:01:59 - [SUCCESS] Scaled web-9671 to 2 replicas
2025-11-11 02:02:14 - [SUCCESS] Scaled web-9396 to 5 replicas
2025-11-11 02:02:27 - [SUCCESS] Scaled web-4850 to 3 replicas
2025-11-11 02:02:31 - [SUCCESS] Scaled web-4850 to 6 replicas
2025-11-11 02:02:33 - [SUCCESS] Scaled web-4850 to 8 replicas
2025-11-11 02:02:37 - [SUCCESS] Scaled web-4850 to 5 replicas
2025-11-11 02:02:41 - [SUCCESS] Scaled web-4850 to 2 replicas
2025-11-11 02:02:57 - [SUCCESS] Scaled db-3143 to 3 replicas
2025-11-11 02:03:01 - [SUCCESS] Scaled db-3143 to 6 replicas
2025-11-11 02:03:04 - [SUCCESS] Scaled db-3143 to 8 replicas
2025-11-11 02:03:07 - [SUCCESS] Scaled db-3143 to 5 replicas
2025-11-11 02:03:10 - [SUCCESS] Scaled db-3143 to 2 replicas
2025-11-11 02:03:20 - [SUCCESS] Deployed api-9565 with image httpd:latest (2 replicas)
2025-11-11 02:03:23 - [SUCCESS] Scaled db-1858 to 4 replicas
2025-11-11 02:03:31 - [SUCCESS] Scaled api-8875 to 6 replicas
2025-11-11 02:03:45 - [SUCCESS] Scaled cache-7785 to 3 replicas
2025-11-11 02:03:47 - [SUCCESS] Scaled cache-7785 to 6 replicas
2025-11-11 02:03:50 - [SUCCESS] Scaled cache-7785 to 8 replicas
2025-11-11 02:03:53 - [SUCCESS] Scaled cache-7785 to 5 replicas
2025-11-11 02:03:54 - [SUCCESS] Scaled db-6479 to 3 replicas
2025-11-11 02:03:57 - [SUCCESS] Scaled db-6479 to 6 replicas
2025-11-11 02:03:58 - [SUCCESS] Scaled cache-7785 to 2 replicas
2025-11-11 02:04:00 - [SUCCESS] Scaled db-6479 to 8 replicas
2025-11-11 02:04:03 - [SUCCESS] Scaled db-6479 to 5 replicas
2025-11-11 02:04:05 - [SUCCESS] Scaled db-6479 to 2 replicas
2025-11-11 02:04:09 - [SUCCESS] Scaled web-8102 to 3 replicas
2025-11-11 02:04:12 - [SUCCESS] Scaled web-8102 to 6 replicas
2025-11-11 02:04:16 - [SUCCESS] Scaled web-8102 to 8 replicas
2025-11-11 02:04:21 - [SUCCESS] Scaled web-8102 to 5 replicas
2025-11-11 02:04:23 - [SUCCESS] Scaled web-8102 to 2 replicas
2025-11-11 02:04:33 - [SUCCESS] Scaled db-9224 to 3 replicas
2025-11-11 02:04:43 - [SUCCESS] Scaled api-8347 to 5 replicas
2025-11-11 02:04:48 - [SUCCESS] Scaled worker-4804 to 3 replicas
2025-11-11 02:04:53 - [SUCCESS] Scaled worker-4804 to 6 replicas
2025-11-11 02:04:55 - [SUCCESS] Scaled worker-4804 to 8 replicas
2025-11-11 02:04:58 - [SUCCESS] Scaled worker-4804 to 5 replicas
2025-11-11 02:05:00 - [SUCCESS] Scaled worker-4804 to 2 replicas
2025-11-11 02:05:07 - [SUCCESS] Scaled cache-4153 to 3 replicas
2025-11-11 02:05:09 - [SUCCESS] Scaled cache-4153 to 6 replicas
2025-11-11 02:05:10 - [SUCCESS] Scaled web-5260 to 4 replicas
2025-11-11 02:05:14 - [SUCCESS] Scaled cache-4153 to 8 replicas
2025-11-11 02:05:19 - [SUCCESS] Scaled cache-4153 to 5 replicas
2025-11-11 02:05:20 - [SUCCESS] Scaled db-3001 to 4 replicas
2025-11-11 02:05:22 - [SUCCESS] Scaled cache-4153 to 2 replicas
2025-11-11 02:05:29 - [SUCCESS] Scaled api-5735 to 3 replicas
2025-11-11 02:05:33 - [SUCCESS] Scaled api-5735 to 6 replicas
2025-11-11 02:05:35 - [SUCCESS] Scaled api-5735 to 8 replicas
2025-11-11 02:05:40 - [SUCCESS] Scaled api-5735 to 5 replicas
2025-11-11 02:05:44 - [SUCCESS] Scaled api-5735 to 2 replicas
2025-11-11 02:05:58 - [SUCCESS] Scaled worker-2696 to 3 replicas
2025-11-11 02:06:00 - [SUCCESS] Scaled worker-2696 to 6 replicas
2025-11-11 02:06:01 - [SUCCESS] Scaled db-3212 to 2 replicas
2025-11-11 02:06:02 - [SUCCESS] Scaled worker-2696 to 8 replicas
2025-11-11 02:06:06 - [SUCCESS] Scaled worker-2696 to 5 replicas
2025-11-11 02:06:08 - [SUCCESS] Scaled cache-3431 to 3 replicas
2025-11-11 02:06:09 - [SUCCESS] Scaled worker-2696 to 2 replicas
2025-11-11 02:06:12 - [SUCCESS] Scaled cache-3431 to 6 replicas
2025-11-11 02:06:15 - [SUCCESS] Scaled cache-3431 to 8 replicas
2025-11-11 02:06:19 - [SUCCESS] Scaled cache-3431 to 5 replicas
2025-11-11 02:06:22 - [SUCCESS] Scaled cache-3431 to 2 replicas
2025-11-11 02:06:40 - [SUCCESS] Scaled cache-9527 to 1 replicas
2025-11-11 02:06:48 - [SUCCESS] Scaled worker-2748 to 3 replicas
2025-11-11 02:06:52 - [SUCCESS] Scaled worker-2748 to 6 replicas
2025-11-11 02:06:55 - [SUCCESS] Scaled worker-2748 to 8 replicas
2025-11-11 02:07:00 - [SUCCESS] Scaled worker-2748 to 5 replicas
2025-11-11 02:07:04 - [SUCCESS] Scaled worker-2748 to 2 replicas
2025-11-11 02:07:09 - [SUCCESS] Deployed web-2196 with image nginx:latest (2 replicas)
2025-11-11 02:07:21 - [SUCCESS] Scaled cache-1518 to 5 replicas
2025-11-11 02:07:30 - [SUCCESS] Scaled cache-4350 to 3 replicas
2025-11-11 02:07:36 - [SUCCESS] Scaled cache-1549 to 4 replicas
2025-11-11 09:42:31 - [SUCCESS] Deployed test-app with image nginx:latest (2 replicas)
2025-11-11 10:08:20 - [SUCCESS] Deployed test-integration-app with image nginx:latest (1 replicas)
2025-11-11 10:08:44 - [SUCCESS] Deployed test-integration-app with image nginx:latest (1 replicas)
2025-11-11 10:10:08 - [SUCCESS] Deployed test-integration-app with image nginx:latest (1 replicas)
2025-11-11 10:10:16 - [SUCCESS] Deployed test-integration-app with image nginx:latest (1 replicas)
2025-11-11 10:10:35 - [SUCCESS] Deployed test-integration-app with image nginx:latest (1 replicas)
2025-11-11 10:10:43 - [SUCCESS] Deployed test-integration-app with image nginx:latest (1 replicas)
2025-11-11 10:12:57 - [SUCCESS] Deployed test-integration-app with image nginx:latest (1 replicas)
2025-11-11 13:22:14 - [SUCCESS] Deployed api-8458 with image httpd:latest (3 replicas)
2025-11-11 13:22:28 - [SUCCESS] Scaled api-8458 to 1 replicas
2025-11-11 13:22:36 - [SUCCESS] Deployed web-6672 with image httpd:latest (8 replicas)
2025-11-11 13:22:43 - [SUCCESS] Deployed web-5748 with image nginx:latest (4 replicas)
2025-11-11 13:22:47 - [FAILED] Deployed web-3149 with image httpd:latest (4 replicas)
2025-11-11 13:22:51 - [SUCCESS] Deployed web-7358 with image nginx:latest (5 replicas)
2025-11-11 13:23:14 - [SUCCESS] Deployed db-7391 with image mysql:latest (8 replicas)
2025-11-11 13:23:17 - [SUCCESS] Scaled api-8458 to 1 replicas
2025-11-11 13:23:23 - [FAILED] Deployed worker-7759 with image redis:latest (6 replicas)
2025-11-11 13:23:23 - [FAILED] Deployed worker-5030 with image rabbitmq:latest (5 replicas)
2025-11-11 13:23:36 - [SUCCESS] Deployed web-6431 with image nginx:latest (3 replicas)
2025-11-11 13:23:45 - [SUCCESS] Scaled api-8458 to 1 replicas
2025-11-11 13:23:50 - [SUCCESS] Scaled web-6672 to 5 replicas
2025-11-11 13:23:57 - [SUCCESS] Deployed api-9154 with image nginx:latest (5 replicas)
2025-11-11 13:24:06 - [SUCCESS] Scaled api-8458 to 5 replicas
2025-11-11 13:24:08 - [FAILED] Deployed api-5407 with image httpd:latest (4 replicas)
2025-11-11 13:24:08 - [SUCCESS] Scaled web-5748 to 4 replicas
2025-11-11 13:24:09 - [SUCCESS] Deployed worker-3196 with image rabbitmq:latest (5 replicas)
2025-11-11 13:24:22 - [SUCCESS] Deployed api-1319 with image httpd:latest (5 replicas)
2025-11-11 13:24:41 - [SUCCESS] Scaled web-6431 to 5 replicas
2025-11-11 13:24:43 - [SUCCESS] Scaled web-6431 to 7 replicas
2025-11-11 13:24:52 - [SUCCESS] Deployed api-7875 with image httpd:latest (4 replicas)
2025-11-11 13:25:21 - [SUCCESS] Scaled web-6431 to 1 replicas
2025-11-11 13:25:55 - [SUCCESS] Scaled web-5748 to 3 replicas
2025-11-11 13:25:56 - [SUCCESS] Scaled web-5748 to 4 replicas
2025-11-11 13:26:02 - [FAILED] Deployed db-4847 with image postgres:latest (5 replicas)
2025-11-11 13:26:08 - [SUCCESS] Deployed db-9674 with image mysql:latest (3 replicas)
2025-11-11 13:26:32 - [FAILED] Deployed web-7183 with image nginx:latest (3 replicas)
2025-11-11 13:26:33 - [SUCCESS] Scaled web-5748 to 4 replicas
2025-11-11 13:26:37 - [SUCCESS] Deployed worker-5359 with image redis:latest (5 replicas)
2025-11-11 13:26:37 - [FAILED] Deployed api-2839 with image nginx:latest (1 replicas)
2025-11-11 13:26:38 - [SUCCESS] Scaled worker-3196 to 3 replicas
2025-11-11 13:27:10 - [FAILED] Deployed cache-8622 with image redis:latest (7 replicas)
2025-11-11 13:27:20 - [SUCCESS] Scaled api-1319 to 1 replicas
2025-11-11 13:27:28 - [FAILED] Deployed cache-1865 with image redis:latest (2 replicas)
2025-11-11 13:27:34 - [SUCCESS] Scaled api-8458 to 2 replicas
2025-11-11 13:27:34 - [SUCCESS] Scaled web-6672 to 6 replicas
2025-11-11 13:27:37 - [SUCCESS] Deployed db-8158 with image mongo:latest (5 replicas)
2025-11-11 13:27:43 - [FAILED] Scaled api-7875 to 5 replicas
2025-11-11 13:28:04 - [SUCCESS] Scaled web-6672 to 8 replicas
2025-11-11 13:28:26 - [SUCCESS] Scaled web-6431 to 3 replicas
2025-11-11 13:28:33 - [SUCCESS] Scaled web-6431 to 3 replicas
2025-11-11 13:28:59 - [SUCCESS] Deployed db-1896 with image mysql:latest (7 replicas)
2025-11-11 13:29:14 - [SUCCESS] Scaled api-9154 to 2 replicas
2025-11-11 13:29:15 - [SUCCESS] Scaled api-8458 to 4 replicas
2025-11-11 13:29:15 - [SUCCESS] Scaled api-9154 to 1 replicas
2025-11-11 13:29:25 - [SUCCESS] Scaled worker-3196 to 3 replicas
2025-11-11 13:29:59 - [SUCCESS] Scaled api-7875 to 1 replicas
2025-11-11 13:30:19 - [FAILED] Deployed web-1988 with image nginx:latest (1 replicas)
2025-11-11 13:30:20 - [SUCCESS] Deployed worker-6703 with image rabbitmq:latest (7 replicas)
2025-11-11 13:30:36 - [SUCCESS] Scaled web-6431 to 4 replicas
2025-11-11 13:30:53 - [SUCCESS] Scaled web-6672 to 2 replicas
2025-11-11 13:31:14 - [SUCCESS] Scaled api-9154 to 5 replicas
2025-11-11 13:31:24 - [SUCCESS] Scaled api-9154 to 3 replicas
